
IOUFirmware.elf:     file format elf32-avr

Sections:
Idx Name          Size      VMA       LMA       File off  Algn
  0 .data         000007b8  00800100  00006ae2  00006b76  2**0
                  CONTENTS, ALLOC, LOAD, DATA
  1 .text         00006ae2  00000000  00000000  00000094  2**1
                  CONTENTS, ALLOC, LOAD, READONLY, CODE
  2 .bss          000004ab  008008b8  008008b8  0000732e  2**0
                  ALLOC
  3 .comment      0000005c  00000000  00000000  0000732e  2**0
                  CONTENTS, READONLY
  4 .note.gnu.avr.deviceinfo 0000003c  00000000  00000000  0000738c  2**2
                  CONTENTS, READONLY
  5 .debug_aranges 00000a88  00000000  00000000  000073c8  2**0
                  CONTENTS, READONLY, DEBUGGING
  6 .debug_info   0000c8c0  00000000  00000000  00007e50  2**0
                  CONTENTS, READONLY, DEBUGGING
  7 .debug_abbrev 0000348e  00000000  00000000  00014710  2**0
                  CONTENTS, READONLY, DEBUGGING
  8 .debug_line   0000a92f  00000000  00000000  00017b9e  2**0
                  CONTENTS, READONLY, DEBUGGING
  9 .debug_frame  00001e5c  00000000  00000000  000224d0  2**2
                  CONTENTS, READONLY, DEBUGGING
 10 .debug_str    0000f4d9  00000000  00000000  0002432c  2**0
                  CONTENTS, READONLY, DEBUGGING
 11 .debug_loc    00009227  00000000  00000000  00033805  2**0
                  CONTENTS, READONLY, DEBUGGING
 12 .debug_ranges 00000b60  00000000  00000000  0003ca2c  2**0
                  CONTENTS, READONLY, DEBUGGING
 13 .debug_macro  000069e6  00000000  00000000  0003d58c  2**0
                  CONTENTS, READONLY, DEBUGGING

Disassembly of section .text:

00000000 <__vectors>:
       0:	0c 94 f7 05 	jmp	0xbee	; 0xbee <__ctors_end>
       4:	0c 94 14 06 	jmp	0xc28	; 0xc28 <__bad_interrupt>
       8:	0c 94 14 06 	jmp	0xc28	; 0xc28 <__bad_interrupt>
       c:	0c 94 14 06 	jmp	0xc28	; 0xc28 <__bad_interrupt>
      10:	0c 94 14 06 	jmp	0xc28	; 0xc28 <__bad_interrupt>
      14:	0c 94 14 06 	jmp	0xc28	; 0xc28 <__bad_interrupt>
      18:	0c 94 14 06 	jmp	0xc28	; 0xc28 <__bad_interrupt>
      1c:	0c 94 14 06 	jmp	0xc28	; 0xc28 <__bad_interrupt>
      20:	0c 94 14 06 	jmp	0xc28	; 0xc28 <__bad_interrupt>
      24:	0c 94 14 06 	jmp	0xc28	; 0xc28 <__bad_interrupt>
      28:	0c 94 14 06 	jmp	0xc28	; 0xc28 <__bad_interrupt>
      2c:	0c 94 14 06 	jmp	0xc28	; 0xc28 <__bad_interrupt>
      30:	0c 94 14 06 	jmp	0xc28	; 0xc28 <__bad_interrupt>
      34:	0c 94 14 06 	jmp	0xc28	; 0xc28 <__bad_interrupt>
      38:	0c 94 14 06 	jmp	0xc28	; 0xc28 <__bad_interrupt>
      3c:	0c 94 9f 2b 	jmp	0x573e	; 0x573e <__vector_15>
      40:	0c 94 14 06 	jmp	0xc28	; 0xc28 <__bad_interrupt>
      44:	0c 94 14 06 	jmp	0xc28	; 0xc28 <__bad_interrupt>
      48:	0c 94 d5 1b 	jmp	0x37aa	; 0x37aa <__vector_18>
      4c:	0c 94 31 1c 	jmp	0x3862	; 0x3862 <__vector_19>
      50:	0c 94 14 06 	jmp	0xc28	; 0xc28 <__bad_interrupt>
      54:	0c 94 14 06 	jmp	0xc28	; 0xc28 <__bad_interrupt>
      58:	0c 94 14 06 	jmp	0xc28	; 0xc28 <__bad_interrupt>
      5c:	0c 94 14 06 	jmp	0xc28	; 0xc28 <__bad_interrupt>
      60:	0c 94 14 06 	jmp	0xc28	; 0xc28 <__bad_interrupt>
      64:	0c 94 14 06 	jmp	0xc28	; 0xc28 <__bad_interrupt>
      68:	0c 94 14 06 	jmp	0xc28	; 0xc28 <__bad_interrupt>
      6c:	0c 94 14 06 	jmp	0xc28	; 0xc28 <__bad_interrupt>
      70:	0c 94 14 06 	jmp	0xc28	; 0xc28 <__bad_interrupt>
      74:	0c 94 14 06 	jmp	0xc28	; 0xc28 <__bad_interrupt>
      78:	0c 94 7a 1c 	jmp	0x38f4	; 0x38f4 <__vector_30>
      7c:	0c 94 d9 1c 	jmp	0x39b2	; 0x39b2 <__vector_31>
      80:	0c 94 14 06 	jmp	0xc28	; 0xc28 <__bad_interrupt>
      84:	0c 94 5c 19 	jmp	0x32b8	; 0x32b8 <__vector_33>
      88:	0c 94 14 06 	jmp	0xc28	; 0xc28 <__bad_interrupt>
      8c:	59 11       	cpse	r21, r9
      8e:	5b 11       	cpse	r21, r11
      90:	5d 11       	cpse	r21, r13
      92:	5f 11       	cpse	r21, r15
      94:	61 11       	cpse	r22, r1
      96:	63 11       	cpse	r22, r3
      98:	65 11       	cpse	r22, r5
      9a:	67 11       	cpse	r22, r7
      9c:	69 11       	cpse	r22, r9
      9e:	6b 11       	cpse	r22, r11
      a0:	54 11       	cpse	r21, r4
      a2:	54 11       	cpse	r21, r4
      a4:	6f 11       	cpse	r22, r15
      a6:	71 11       	cpse	r23, r1
      a8:	73 11       	cpse	r23, r3
      aa:	75 11       	cpse	r23, r5
      ac:	77 11       	cpse	r23, r7
      ae:	79 11       	cpse	r23, r9
      b0:	6d 11       	cpse	r22, r13
      b2:	1d 1a       	sub	r1, r29
      b4:	a5 19       	sub	r26, r5
      b6:	a5 19       	sub	r26, r5
      b8:	a5 19       	sub	r26, r5
      ba:	a5 19       	sub	r26, r5
      bc:	a5 19       	sub	r26, r5
      be:	a5 19       	sub	r26, r5
      c0:	a5 19       	sub	r26, r5
      c2:	2c 1a       	sub	r2, r28
      c4:	a5 19       	sub	r26, r5
      c6:	a5 19       	sub	r26, r5
      c8:	a5 19       	sub	r26, r5
      ca:	a5 19       	sub	r26, r5
      cc:	a5 19       	sub	r26, r5
      ce:	a5 19       	sub	r26, r5
      d0:	a5 19       	sub	r26, r5
      d2:	2c 1a       	sub	r2, r28
      d4:	a5 19       	sub	r26, r5
      d6:	a5 19       	sub	r26, r5
      d8:	a5 19       	sub	r26, r5
      da:	a5 19       	sub	r26, r5
      dc:	a5 19       	sub	r26, r5
      de:	a5 19       	sub	r26, r5
      e0:	a5 19       	sub	r26, r5
      e2:	34 1a       	sub	r3, r20
      e4:	a5 19       	sub	r26, r5
      e6:	a5 19       	sub	r26, r5
      e8:	a5 19       	sub	r26, r5
      ea:	a5 19       	sub	r26, r5
      ec:	a5 19       	sub	r26, r5
      ee:	a5 19       	sub	r26, r5
      f0:	a5 19       	sub	r26, r5
      f2:	4d 1a       	sub	r4, r29
      f4:	a5 19       	sub	r26, r5
      f6:	a5 19       	sub	r26, r5
      f8:	a5 19       	sub	r26, r5
      fa:	a5 19       	sub	r26, r5
      fc:	a5 19       	sub	r26, r5
      fe:	a5 19       	sub	r26, r5
     100:	a5 19       	sub	r26, r5
     102:	34 1a       	sub	r3, r20
     104:	a5 19       	sub	r26, r5
     106:	a5 19       	sub	r26, r5
     108:	a5 19       	sub	r26, r5
     10a:	a5 19       	sub	r26, r5
     10c:	a5 19       	sub	r26, r5
     10e:	a5 19       	sub	r26, r5
     110:	a5 19       	sub	r26, r5
     112:	cc 19       	sub	r28, r12
     114:	a5 19       	sub	r26, r5
     116:	a5 19       	sub	r26, r5
     118:	a5 19       	sub	r26, r5
     11a:	a5 19       	sub	r26, r5
     11c:	a5 19       	sub	r26, r5
     11e:	a5 19       	sub	r26, r5
     120:	a5 19       	sub	r26, r5
     122:	db 19       	sub	r29, r11
     124:	a5 19       	sub	r26, r5
     126:	a5 19       	sub	r26, r5
     128:	a5 19       	sub	r26, r5
     12a:	a5 19       	sub	r26, r5
     12c:	a5 19       	sub	r26, r5
     12e:	a5 19       	sub	r26, r5
     130:	a5 19       	sub	r26, r5
     132:	c2 19       	sub	r28, r2
     134:	a5 19       	sub	r26, r5
     136:	a5 19       	sub	r26, r5
     138:	a5 19       	sub	r26, r5
     13a:	a5 19       	sub	r26, r5
     13c:	a5 19       	sub	r26, r5
     13e:	a5 19       	sub	r26, r5
     140:	a5 19       	sub	r26, r5
     142:	7f 1a       	sub	r7, r31
     144:	a5 19       	sub	r26, r5
     146:	a5 19       	sub	r26, r5
     148:	a5 19       	sub	r26, r5
     14a:	a5 19       	sub	r26, r5
     14c:	a5 19       	sub	r26, r5
     14e:	a5 19       	sub	r26, r5
     150:	a5 19       	sub	r26, r5
     152:	b6 19       	sub	r27, r6
     154:	a5 19       	sub	r26, r5
     156:	a5 19       	sub	r26, r5
     158:	a5 19       	sub	r26, r5
     15a:	a5 19       	sub	r26, r5
     15c:	a5 19       	sub	r26, r5
     15e:	a5 19       	sub	r26, r5
     160:	a5 19       	sub	r26, r5
     162:	e4 19       	sub	r30, r4
     164:	a5 19       	sub	r26, r5
     166:	a5 19       	sub	r26, r5
     168:	a5 19       	sub	r26, r5
     16a:	a5 19       	sub	r26, r5
     16c:	a5 19       	sub	r26, r5
     16e:	a5 19       	sub	r26, r5
     170:	a5 19       	sub	r26, r5
     172:	02 1a       	sub	r0, r18
     174:	a5 19       	sub	r26, r5
     176:	a5 19       	sub	r26, r5
     178:	a5 19       	sub	r26, r5
     17a:	a5 19       	sub	r26, r5
     17c:	a5 19       	sub	r26, r5
     17e:	a5 19       	sub	r26, r5
     180:	a5 19       	sub	r26, r5
     182:	02 1a       	sub	r0, r18
     184:	a5 19       	sub	r26, r5
     186:	a5 19       	sub	r26, r5
     188:	a5 19       	sub	r26, r5
     18a:	a5 19       	sub	r26, r5
     18c:	a5 19       	sub	r26, r5
     18e:	a5 19       	sub	r26, r5
     190:	a5 19       	sub	r26, r5
     192:	02 1a       	sub	r0, r18
     194:	a5 19       	sub	r26, r5
     196:	a5 19       	sub	r26, r5
     198:	a5 19       	sub	r26, r5
     19a:	a5 19       	sub	r26, r5
     19c:	a5 19       	sub	r26, r5
     19e:	a5 19       	sub	r26, r5
     1a0:	a5 19       	sub	r26, r5
     1a2:	02 1a       	sub	r0, r18
     1a4:	a5 19       	sub	r26, r5
     1a6:	a5 19       	sub	r26, r5
     1a8:	a5 19       	sub	r26, r5
     1aa:	a5 19       	sub	r26, r5
     1ac:	a5 19       	sub	r26, r5
     1ae:	a5 19       	sub	r26, r5
     1b0:	a5 19       	sub	r26, r5
     1b2:	08 1a       	sub	r0, r24
     1b4:	a5 19       	sub	r26, r5
     1b6:	a5 19       	sub	r26, r5
     1b8:	a5 19       	sub	r26, r5
     1ba:	a5 19       	sub	r26, r5
     1bc:	a5 19       	sub	r26, r5
     1be:	a5 19       	sub	r26, r5
     1c0:	a5 19       	sub	r26, r5
     1c2:	c8 19       	sub	r28, r8
     1c4:	a5 19       	sub	r26, r5
     1c6:	a5 19       	sub	r26, r5
     1c8:	a5 19       	sub	r26, r5
     1ca:	a5 19       	sub	r26, r5
     1cc:	a5 19       	sub	r26, r5
     1ce:	a5 19       	sub	r26, r5
     1d0:	a5 19       	sub	r26, r5
     1d2:	08 1a       	sub	r0, r24
     1d4:	a5 19       	sub	r26, r5
     1d6:	a5 19       	sub	r26, r5
     1d8:	a5 19       	sub	r26, r5
     1da:	a5 19       	sub	r26, r5
     1dc:	a5 19       	sub	r26, r5
     1de:	a5 19       	sub	r26, r5
     1e0:	a5 19       	sub	r26, r5
     1e2:	c8 19       	sub	r28, r8
     1e4:	a5 19       	sub	r26, r5
     1e6:	a5 19       	sub	r26, r5
     1e8:	a5 19       	sub	r26, r5
     1ea:	a5 19       	sub	r26, r5
     1ec:	a5 19       	sub	r26, r5
     1ee:	a5 19       	sub	r26, r5
     1f0:	a5 19       	sub	r26, r5
     1f2:	5d 1a       	sub	r5, r29
     1f4:	a5 19       	sub	r26, r5
     1f6:	a5 19       	sub	r26, r5
     1f8:	a5 19       	sub	r26, r5
     1fa:	a5 19       	sub	r26, r5
     1fc:	a5 19       	sub	r26, r5
     1fe:	a5 19       	sub	r26, r5
     200:	a5 19       	sub	r26, r5
     202:	7b 19       	sub	r23, r11
     204:	a5 19       	sub	r26, r5
     206:	a5 19       	sub	r26, r5
     208:	a5 19       	sub	r26, r5
     20a:	a5 19       	sub	r26, r5
     20c:	a5 19       	sub	r26, r5
     20e:	a5 19       	sub	r26, r5
     210:	a5 19       	sub	r26, r5
     212:	7b 19       	sub	r23, r11
     214:	a5 19       	sub	r26, r5
     216:	a5 19       	sub	r26, r5
     218:	a5 19       	sub	r26, r5
     21a:	a5 19       	sub	r26, r5
     21c:	a5 19       	sub	r26, r5
     21e:	a5 19       	sub	r26, r5
     220:	a5 19       	sub	r26, r5
     222:	90 19       	sub	r25, r0
     224:	a5 19       	sub	r26, r5
     226:	a5 19       	sub	r26, r5
     228:	a5 19       	sub	r26, r5
     22a:	a5 19       	sub	r26, r5
     22c:	a5 19       	sub	r26, r5
     22e:	a5 19       	sub	r26, r5
     230:	a5 19       	sub	r26, r5
     232:	79 1a       	sub	r7, r25
     234:	a5 19       	sub	r26, r5
     236:	a5 19       	sub	r26, r5
     238:	a5 19       	sub	r26, r5
     23a:	a5 19       	sub	r26, r5
     23c:	a5 19       	sub	r26, r5
     23e:	a5 19       	sub	r26, r5
     240:	a5 19       	sub	r26, r5
     242:	79 1a       	sub	r7, r25
     244:	dc 1d       	adc	r29, r12
     246:	a9 1d       	adc	r26, r9
     248:	a9 1d       	adc	r26, r9
     24a:	a9 1d       	adc	r26, r9
     24c:	a9 1d       	adc	r26, r9
     24e:	a9 1d       	adc	r26, r9
     250:	a9 1d       	adc	r26, r9
     252:	a9 1d       	adc	r26, r9
     254:	a9 1d       	adc	r26, r9
     256:	a9 1d       	adc	r26, r9
     258:	a9 1d       	adc	r26, r9
     25a:	28 1f       	adc	r18, r24
     25c:	28 1f       	adc	r18, r24
     25e:	28 1f       	adc	r18, r24
     260:	28 1f       	adc	r18, r24
     262:	28 1f       	adc	r18, r24
     264:	28 1f       	adc	r18, r24
     266:	28 1f       	adc	r18, r24
     268:	28 1f       	adc	r18, r24
     26a:	28 1f       	adc	r18, r24
     26c:	28 1f       	adc	r18, r24
     26e:	a9 1d       	adc	r26, r9
     270:	a9 1d       	adc	r26, r9
     272:	a9 1d       	adc	r26, r9
     274:	a9 1d       	adc	r26, r9
     276:	a9 1d       	adc	r26, r9
     278:	a9 1d       	adc	r26, r9
     27a:	a9 1d       	adc	r26, r9
     27c:	a9 1d       	adc	r26, r9
     27e:	a9 1d       	adc	r26, r9
     280:	a9 1d       	adc	r26, r9
     282:	a9 1d       	adc	r26, r9
     284:	a9 1d       	adc	r26, r9
     286:	a9 1d       	adc	r26, r9
     288:	a9 1d       	adc	r26, r9
     28a:	a9 1d       	adc	r26, r9
     28c:	a9 1d       	adc	r26, r9
     28e:	a9 1d       	adc	r26, r9
     290:	a9 1d       	adc	r26, r9
     292:	a9 1d       	adc	r26, r9
     294:	a9 1d       	adc	r26, r9
     296:	a9 1d       	adc	r26, r9
     298:	a9 1d       	adc	r26, r9
     29a:	a9 1d       	adc	r26, r9
     29c:	a9 1d       	adc	r26, r9
     29e:	a9 1d       	adc	r26, r9
     2a0:	a9 1d       	adc	r26, r9
     2a2:	a9 1d       	adc	r26, r9
     2a4:	a9 1d       	adc	r26, r9
     2a6:	a9 1d       	adc	r26, r9
     2a8:	a9 1d       	adc	r26, r9
     2aa:	5b 1f       	adc	r21, r27
     2ac:	a9 1d       	adc	r26, r9
     2ae:	a9 1d       	adc	r26, r9
     2b0:	a9 1d       	adc	r26, r9
     2b2:	a9 1d       	adc	r26, r9
     2b4:	a9 1d       	adc	r26, r9
     2b6:	a9 1d       	adc	r26, r9
     2b8:	a9 1d       	adc	r26, r9
     2ba:	a9 1d       	adc	r26, r9
     2bc:	a9 1d       	adc	r26, r9
     2be:	a9 1d       	adc	r26, r9
     2c0:	fa 1f       	adc	r31, r26
     2c2:	6d 1f       	adc	r22, r29
     2c4:	a9 1d       	adc	r26, r9
     2c6:	a9 1d       	adc	r26, r9
     2c8:	a9 1d       	adc	r26, r9
     2ca:	a9 1d       	adc	r26, r9
     2cc:	6d 1f       	adc	r22, r29
     2ce:	a9 1d       	adc	r26, r9
     2d0:	a9 1d       	adc	r26, r9
     2d2:	a9 1d       	adc	r26, r9
     2d4:	a9 1d       	adc	r26, r9
     2d6:	a9 1d       	adc	r26, r9
     2d8:	a9 1d       	adc	r26, r9
     2da:	5b 1f       	adc	r21, r27
     2dc:	a9 1d       	adc	r26, r9
     2de:	a9 1d       	adc	r26, r9
     2e0:	93 1f       	adc	r25, r19
     2e2:	a9 1d       	adc	r26, r9
     2e4:	e0 1d       	adc	r30, r0
     2e6:	a9 1d       	adc	r26, r9
     2e8:	a9 1d       	adc	r26, r9
     2ea:	5b 1f       	adc	r21, r27

000002ec <__trampolines_end>:
     2ec:	6e 61       	ori	r22, 0x1E	; 30
     2ee:	6e 00       	.word	0x006e	; ????

000002f0 <__c.2332>:
     2f0:	69 6e 66 00 00 40 7a 10 f3 5a 00 a0 72 4e 18 09     inf..@z..Z..rN..
     300:	00 10 a5 d4 e8 00 00 e8 76 48 17 00 00 e4 0b 54     ........vH.....T
     310:	02 00 00 ca 9a 3b 00 00 00 e1 f5 05 00 00 80 96     .....;..........
     320:	98 00 00 00 40 42 0f 00 00 00 a0 86 01 00 00 00     ....@B..........
     330:	10 27 00 00 00 00 e8 03 00 00 00 00 64 00 00 00     .'..........d...
     340:	00 00 0a 00 00 00 00 00 01 00 00 00 00 00 2c 76     ..............,v
     350:	d8 88 dc 67 4f 08 23 df c1 df ae 59 e1 b1 b7 96     ...gO.#....Y....
     360:	e5 e3 e4 53 c6 3a e6 51 99 76 96 e8 e6 c2 84 26     ...S.:.Q.v.....&
     370:	eb 89 8c 9b 62 ed 40 7c 6f fc ef bc 9c 9f 40 f2     ....b.@|o.....@.
     380:	ba a5 6f a5 f4 90 05 5a 2a f7 5c 93 6b 6c f9 67     ..o....Z*.\.kl.g
     390:	6d c1 1b fc e0 e4 0d 47 fe f5 20 e6 b5 00 d0 ed     m......G.. .....
     3a0:	90 2e 03 00 94 35 77 05 00 80 84 1e 08 00 00 20     .....5w........ 
     3b0:	4e 0a 00 00 00 c8 0c 33 33 33 33 0f 98 6e 12 83     N......3333..n..
     3c0:	11 41 ef 8d 21 14 89 3b e6 55 16 cf fe e6 db 18     .A..!..;.U......
     3d0:	d1 84 4b 38 1b f7 7c 1d 90 1d a4 bb e4 24 20 32     ..K8..|......$ 2
     3e0:	84 72 5e 22 81 00 c9 f1 24 ec a1 e5 3d 27           .r^"....$...='

000003ee <NTC_table>:
     3ee:	15 fd 40 fd 6b fd 8b fd a4 fd b9 fd cc fd dc fd     ..@.k...........
     3fe:	ea fd f7 fd 03 fe 0e fe 19 fe 22 fe 2b fe 34 fe     ..........".+.4.
     40e:	3c fe 43 fe 4b fe 52 fe 58 fe 5f fe 65 fe 6b fe     <.C.K.R.X._.e.k.
     41e:	71 fe 76 fe 7c fe 81 fe 86 fe 8b fe 90 fe 94 fe     q.v.|...........
     42e:	99 fe 9d fe a1 fe a6 fe aa fe ae fe b2 fe b6 fe     ................
     43e:	b9 fe bd fe c1 fe c4 fe c8 fe cb fe ce fe d2 fe     ................
     44e:	d5 fe d8 fe db fe de fe e1 fe e4 fe e7 fe ea fe     ................
     45e:	ed fe f0 fe f3 fe f5 fe f8 fe fb fe fd fe 00 ff     ................
     46e:	03 ff 05 ff 08 ff 0a ff 0d ff 0f ff 11 ff 14 ff     ................
     47e:	16 ff 18 ff 1b ff 1d ff 1f ff 21 ff 24 ff 26 ff     ..........!.$.&.
     48e:	28 ff 2a ff 2c ff 2e ff 30 ff 32 ff 34 ff 37 ff     (.*.,...0.2.4.7.
     49e:	39 ff 3a ff 3c ff 3e ff 40 ff 42 ff 44 ff 46 ff     9.:.<.>.@.B.D.F.
     4ae:	48 ff 4a ff 4c ff 4e ff 4f ff 51 ff 53 ff 55 ff     H.J.L.N.O.Q.S.U.
     4be:	56 ff 58 ff 5a ff 5c ff 5d ff 5f ff 61 ff 63 ff     V.X.Z.\.]._.a.c.
     4ce:	64 ff 66 ff 68 ff 69 ff 6b ff 6c ff 6e ff 70 ff     d.f.h.i.k.l.n.p.
     4de:	71 ff 73 ff 74 ff 76 ff 78 ff 79 ff 7b ff 7c ff     q.s.t.v.x.y.{.|.
     4ee:	7e ff 7f ff 81 ff 82 ff 84 ff 85 ff 87 ff 88 ff     ~...............
     4fe:	8a ff 8b ff 8c ff 8e ff 8f ff 91 ff 92 ff 94 ff     ................
     50e:	95 ff 96 ff 98 ff 99 ff 9b ff 9c ff 9d ff 9f ff     ................
     51e:	a0 ff a1 ff a3 ff a4 ff a5 ff a7 ff a8 ff a9 ff     ................
     52e:	ab ff ac ff ad ff af ff b0 ff b1 ff b2 ff b4 ff     ................
     53e:	b5 ff b6 ff b7 ff b9 ff ba ff bb ff bc ff be ff     ................
     54e:	bf ff c0 ff c1 ff c3 ff c4 ff c5 ff c6 ff c7 ff     ................
     55e:	c9 ff ca ff cb ff cc ff cd ff cf ff d0 ff d1 ff     ................
     56e:	d2 ff d3 ff d4 ff d6 ff d7 ff d8 ff d9 ff da ff     ................
     57e:	db ff dc ff de ff df ff e0 ff e1 ff e2 ff e3 ff     ................
     58e:	e4 ff e5 ff e6 ff e8 ff e9 ff ea ff eb ff ec ff     ................
     59e:	ed ff ee ff ef ff f0 ff f1 ff f2 ff f4 ff f5 ff     ................
     5ae:	f6 ff f7 ff f8 ff f9 ff fa ff fb ff fc ff fd ff     ................
     5be:	fe ff ff ff 00 00 01 00 02 00 03 00 04 00 05 00     ................
     5ce:	06 00 08 00 09 00 0a 00 0b 00 0c 00 0d 00 0e 00     ................
     5de:	0f 00 10 00 11 00 12 00 13 00 14 00 15 00 16 00     ................
     5ee:	17 00 18 00 19 00 1a 00 1b 00 1c 00 1d 00 1e 00     ................
     5fe:	1f 00 20 00 21 00 22 00 23 00 24 00 24 00 25 00     .. .!.".#.$.$.%.
     60e:	26 00 27 00 28 00 29 00 2a 00 2b 00 2c 00 2d 00     &.'.(.).*.+.,.-.
     61e:	2e 00 2f 00 30 00 31 00 32 00 33 00 34 00 35 00     ../.0.1.2.3.4.5.
     62e:	36 00 37 00 38 00 39 00 3a 00 3a 00 3b 00 3c 00     6.7.8.9.:.:.;.<.
     63e:	3d 00 3e 00 3f 00 40 00 41 00 42 00 43 00 44 00     =.>.?.@.A.B.C.D.
     64e:	45 00 46 00 47 00 48 00 48 00 49 00 4a 00 4b 00     E.F.G.H.H.I.J.K.
     65e:	4c 00 4d 00 4e 00 4f 00 50 00 51 00 52 00 53 00     L.M.N.O.P.Q.R.S.
     66e:	53 00 54 00 55 00 56 00 57 00 58 00 59 00 5a 00     S.T.U.V.W.X.Y.Z.
     67e:	5b 00 5c 00 5c 00 5d 00 5e 00 5f 00 60 00 61 00     [.\.\.].^._.`.a.
     68e:	62 00 63 00 64 00 65 00 65 00 66 00 67 00 68 00     b.c.d.e.e.f.g.h.
     69e:	69 00 6a 00 6b 00 6c 00 6d 00 6d 00 6e 00 6f 00     i.j.k.l.m.m.n.o.
     6ae:	70 00 71 00 72 00 73 00 74 00 75 00 75 00 76 00     p.q.r.s.t.u.u.v.
     6be:	77 00 78 00 79 00 7a 00 7b 00 7c 00 7c 00 7d 00     w.x.y.z.{.|.|.}.
     6ce:	7e 00 7f 00 80 00 81 00 82 00 83 00 83 00 84 00     ~...............
     6de:	85 00 86 00 87 00 88 00 89 00 8a 00 8a 00 8b 00     ................
     6ee:	8c 00 8d 00 8e 00 8f 00 90 00 91 00 91 00 92 00     ................
     6fe:	93 00 94 00 95 00 96 00 97 00 97 00 98 00 99 00     ................
     70e:	9a 00 9b 00 9c 00 9d 00 9d 00 9e 00 9f 00 a0 00     ................
     71e:	a1 00 a2 00 a3 00 a4 00 a4 00 a5 00 a6 00 a7 00     ................
     72e:	a8 00 a9 00 aa 00 aa 00 ab 00 ac 00 ad 00 ae 00     ................
     73e:	af 00 b0 00 b0 00 b1 00 b2 00 b3 00 b4 00 b5 00     ................
     74e:	b6 00 b6 00 b7 00 b8 00 b9 00 ba 00 bb 00 bc 00     ................
     75e:	bc 00 bd 00 be 00 bf 00 c0 00 c1 00 c2 00 c2 00     ................
     76e:	c3 00 c4 00 c5 00 c6 00 c7 00 c8 00 c9 00 c9 00     ................
     77e:	ca 00 cb 00 cc 00 cd 00 ce 00 cf 00 cf 00 d0 00     ................
     78e:	d1 00 d2 00 d3 00 d4 00 d5 00 d5 00 d6 00 d7 00     ................
     79e:	d8 00 d9 00 da 00 db 00 db 00 dc 00 dd 00 de 00     ................
     7ae:	df 00 e0 00 e1 00 e2 00 e2 00 e3 00 e4 00 e5 00     ................
     7be:	e6 00 e7 00 e8 00 e9 00 e9 00 ea 00 eb 00 ec 00     ................
     7ce:	ed 00 ee 00 ef 00 ef 00 f0 00 f1 00 f2 00 f3 00     ................
     7de:	f4 00 f5 00 f6 00 f6 00 f7 00 f8 00 f9 00 fa 00     ................
     7ee:	fb 00 fc 00 fd 00 fe 00 fe 00 ff 00 00 01 01 01     ................
     7fe:	02 01 03 01 04 01 05 01 05 01 06 01 07 01 08 01     ................
     80e:	09 01 0a 01 0b 01 0c 01 0d 01 0d 01 0e 01 0f 01     ................
     81e:	10 01 11 01 12 01 13 01 14 01 15 01 16 01 16 01     ................
     82e:	17 01 18 01 19 01 1a 01 1b 01 1c 01 1d 01 1e 01     ................
     83e:	1f 01 1f 01 20 01 21 01 22 01 23 01 24 01 25 01     .... .!.".#.$.%.
     84e:	26 01 27 01 28 01 29 01 2a 01 2a 01 2b 01 2c 01     &.'.(.).*.*.+.,.
     85e:	2d 01 2e 01 2f 01 30 01 31 01 32 01 33 01 34 01     -.../.0.1.2.3.4.
     86e:	35 01 36 01 36 01 37 01 38 01 39 01 3a 01 3b 01     5.6.6.7.8.9.:.;.
     87e:	3c 01 3d 01 3e 01 3f 01 40 01 41 01 42 01 43 01     <.=.>.?.@.A.B.C.
     88e:	44 01 45 01 45 01 46 01 47 01 48 01 49 01 4a 01     D.E.E.F.G.H.I.J.
     89e:	4b 01 4c 01 4d 01 4e 01 4f 01 50 01 51 01 52 01     K.L.M.N.O.P.Q.R.
     8ae:	53 01 54 01 55 01 56 01 57 01 58 01 59 01 5a 01     S.T.U.V.W.X.Y.Z.
     8be:	5b 01 5c 01 5d 01 5e 01 5f 01 60 01 61 01 62 01     [.\.].^._.`.a.b.
     8ce:	63 01 64 01 65 01 66 01 67 01 68 01 69 01 6a 01     c.d.e.f.g.h.i.j.
     8de:	6b 01 6c 01 6d 01 6e 01 6f 01 70 01 71 01 72 01     k.l.m.n.o.p.q.r.
     8ee:	73 01 74 01 75 01 76 01 77 01 78 01 79 01 7a 01     s.t.u.v.w.x.y.z.
     8fe:	7b 01 7c 01 7d 01 7e 01 7f 01 80 01 81 01 82 01     {.|.}.~.........
     90e:	83 01 84 01 85 01 86 01 87 01 88 01 89 01 8a 01     ................
     91e:	8c 01 8d 01 8e 01 8f 01 90 01 91 01 92 01 93 01     ................
     92e:	94 01 95 01 96 01 97 01 98 01 99 01 9b 01 9c 01     ................
     93e:	9d 01 9e 01 9f 01 a0 01 a1 01 a2 01 a3 01 a5 01     ................
     94e:	a6 01 a7 01 a8 01 a9 01 aa 01 ab 01 ac 01 ae 01     ................
     95e:	af 01 b0 01 b1 01 b2 01 b3 01 b4 01 b6 01 b7 01     ................
     96e:	b8 01 b9 01 ba 01 bb 01 bc 01 be 01 bf 01 c0 01     ................
     97e:	c1 01 c2 01 c4 01 c5 01 c6 01 c7 01 c8 01 ca 01     ................
     98e:	cb 01 cc 01 cd 01 ce 01 d0 01 d1 01 d2 01 d3 01     ................
     99e:	d5 01 d6 01 d7 01 d8 01 d9 01 db 01 dc 01 dd 01     ................
     9ae:	df 01 e0 01 e1 01 e2 01 e4 01 e5 01 e6 01 e7 01     ................
     9be:	e9 01 ea 01 eb 01 ed 01 ee 01 ef 01 f1 01 f2 01     ................
     9ce:	f3 01 f5 01 f6 01 f7 01 f9 01 fa 01 fb 01 fd 01     ................
     9de:	fe 01 ff 01 01 02 02 02 03 02 05 02 06 02 08 02     ................
     9ee:	09 02 0a 02 0c 02 0d 02 0f 02 10 02 11 02 13 02     ................
     9fe:	14 02 16 02 17 02 19 02 1a 02 1c 02 1d 02 1f 02     ................
     a0e:	20 02 22 02 23 02 24 02 26 02 28 02 29 02 2b 02      .".#.$.&.(.).+.
     a1e:	2c 02 2e 02 2f 02 31 02 32 02 34 02 35 02 37 02     ,.../.1.2.4.5.7.
     a2e:	39 02 3a 02 3c 02 3d 02 3f 02 40 02 42 02 44 02     9.:.<.=.?.@.B.D.
     a3e:	45 02 47 02 49 02 4a 02 4c 02 4e 02 4f 02 51 02     E.G.I.J.L.N.O.Q.
     a4e:	53 02 54 02 56 02 58 02 5a 02 5b 02 5d 02 5f 02     S.T.V.X.Z.[.]._.
     a5e:	61 02 62 02 64 02 66 02 68 02 69 02 6b 02 6d 02     a.b.d.f.h.i.k.m.
     a6e:	6f 02 71 02 73 02 74 02 76 02 78 02 7a 02 7c 02     o.q.s.t.v.x.z.|.
     a7e:	7e 02 80 02 82 02 84 02 86 02 88 02 8a 02 8c 02     ~...............
     a8e:	8e 02 90 02 92 02 94 02 96 02 98 02 9a 02 9c 02     ................
     a9e:	9e 02 a0 02 a2 02 a4 02 a6 02 a9 02 ab 02 ad 02     ................
     aae:	af 02 b1 02 b4 02 b6 02 b8 02 ba 02 bd 02 bf 02     ................
     abe:	c1 02 c3 02 c6 02 c8 02 cb 02 cd 02 cf 02 d2 02     ................
     ace:	d4 02 d7 02 d9 02 dc 02 de 02 e1 02 e3 02 e6 02     ................
     ade:	e9 02 eb 02 ee 02 f0 02 f3 02 f6 02 f9 02 fb 02     ................
     aee:	fe 02 01 03 04 03 07 03 09 03 0c 03 0f 03 12 03     ................
     afe:	15 03 18 03 1b 03 1e 03 21 03 24 03 28 03 2b 03     ........!.$.(.+.
     b0e:	2e 03 31 03 34 03 38 03 3b 03 3e 03 42 03 45 03     ..1.4.8.;.>.B.E.
     b1e:	49 03 4c 03 50 03 53 03 57 03 5b 03 5e 03 62 03     I.L.P.S.W.[.^.b.
     b2e:	66 03 6a 03 6e 03 71 03 75 03 79 03 7e 03 82 03     f.j.n.q.u.y.~...
     b3e:	86 03 8a 03 8e 03 93 03 97 03 9c 03 a0 03 a5 03     ................
     b4e:	a9 03 ae 03 b3 03 b8 03 bc 03 c1 03 c7 03 cc 03     ................
     b5e:	d1 03 d6 03 dc 03 e1 03 e7 03 ec 03 f2 03 f8 03     ................
     b6e:	fe 03 04 04 0a 04 11 04 17 04 1e 04 24 04 2b 04     ............$.+.
     b7e:	32 04 39 04 40 04 48 04 50 04 57 04 5f 04 67 04     2.9.@.H.P.W._.g.
     b8e:	70 04 78 04 81 04 8a 04 93 04 9d 04 a7 04 b1 04     p.x.............
     b9e:	bb 04 c6 04 d1 04 dc 04 e8 04 f4 04 00 05 0d 05     ................
     bae:	1b 05 29 05 37 05 46 05 56 05 67 05 78 05 8a 05     ..).7.F.V.g.x...
     bbe:	9d 05 b1 05 c7 05 dd 05 f5 05 0e 06 2a 06 47 06     ............*.G.
     bce:	66 06 88 06 ad 06 d6 06 03 07 36 07 6f 07 b1 07     f.........6.o...
     bde:	fd 07 58 08 c9 08 5a 09 21 0a 56 0b c1 0d 2c 10     ..X...Z.!.V...,.

00000bee <__ctors_end>:
     bee:	11 24       	eor	r1, r1
     bf0:	1f be       	out	0x3f, r1	; 63
     bf2:	cf ef       	ldi	r28, 0xFF	; 255
     bf4:	d0 e1       	ldi	r29, 0x10	; 16
     bf6:	de bf       	out	0x3e, r29	; 62
     bf8:	cd bf       	out	0x3d, r28	; 61

00000bfa <__do_copy_data>:
     bfa:	18 e0       	ldi	r17, 0x08	; 8
     bfc:	a0 e0       	ldi	r26, 0x00	; 0
     bfe:	b1 e0       	ldi	r27, 0x01	; 1
     c00:	e2 ee       	ldi	r30, 0xE2	; 226
     c02:	fa e6       	ldi	r31, 0x6A	; 106
     c04:	02 c0       	rjmp	.+4      	; 0xc0a <__do_copy_data+0x10>
     c06:	05 90       	lpm	r0, Z+
     c08:	0d 92       	st	X+, r0
     c0a:	a8 3b       	cpi	r26, 0xB8	; 184
     c0c:	b1 07       	cpc	r27, r17
     c0e:	d9 f7       	brne	.-10     	; 0xc06 <__do_copy_data+0xc>

00000c10 <__do_clear_bss>:
     c10:	2d e0       	ldi	r18, 0x0D	; 13
     c12:	a8 eb       	ldi	r26, 0xB8	; 184
     c14:	b8 e0       	ldi	r27, 0x08	; 8
     c16:	01 c0       	rjmp	.+2      	; 0xc1a <.do_clear_bss_start>

00000c18 <.do_clear_bss_loop>:
     c18:	1d 92       	st	X+, r1

00000c1a <.do_clear_bss_start>:
     c1a:	a3 36       	cpi	r26, 0x63	; 99
     c1c:	b2 07       	cpc	r27, r18
     c1e:	e1 f7       	brne	.-8      	; 0xc18 <.do_clear_bss_loop>
     c20:	0e 94 73 12 	call	0x24e6	; 0x24e6 <main>
     c24:	0c 94 6f 35 	jmp	0x6ade	; 0x6ade <_exit>

00000c28 <__bad_interrupt>:
     c28:	0c 94 00 00 	jmp	0	; 0x0 <__vectors>

00000c2c <accel_gyro_update>:
static Accel_Gyro_DataTypedef Accel_Status;
static Accel_Gyro_DataTypedef Gyro_Status;

void accel_gyro_update(void)
{
	lsm6dsox_init();
     c2c:	0e 94 f1 24 	call	0x49e2	; 0x49e2 <lsm6dsox_init>
// 	read_accel(&Accel_Status);
// 	read_gyro(&Gyro_Status);
	read_accel_gyro(&Accel_Status, &Gyro_Status);
     c30:	68 eb       	ldi	r22, 0xB8	; 184
     c32:	78 e0       	ldi	r23, 0x08	; 8
     c34:	8e eb       	ldi	r24, 0xBE	; 190
     c36:	98 e0       	ldi	r25, 0x08	; 8
     c38:	0c 94 16 25 	jmp	0x4a2c	; 0x4a2c <read_accel_gyro>

00000c3c <Accel_and_Gyro_init>:

}

bool Accel_and_Gyro_init(void)
{
     c3c:	cf 93       	push	r28
	if (!lsm6dsox_init())
     c3e:	0e 94 f1 24 	call	0x49e2	; 0x49e2 <lsm6dsox_init>
     c42:	c8 2f       	mov	r28, r24
     c44:	81 11       	cpse	r24, r1
     c46:	04 c0       	rjmp	.+8      	; 0xc50 <Accel_and_Gyro_init+0x14>
	{
		usart0_send_string("LSM6DSOX is fail\r\n> ");
     c48:	87 ef       	ldi	r24, 0xF7	; 247
     c4a:	91 e0       	ldi	r25, 0x01	; 1
     c4c:	0e 94 26 1b 	call	0x364c	; 0x364c <usart0_send_string>
		return false;
	}
	return true;
}
     c50:	8c 2f       	mov	r24, r28
     c52:	cf 91       	pop	r28
     c54:	08 95       	ret

00000c56 <Accel_and_Gyro_create_task>:

void Accel_and_Gyro_create_task(void)
{
	SCH_TASK_CreateTask(&s_accel_gyro_task_context.taskHandle, &s_accel_gyro_task_context.taskProperty);
     c56:	61 e0       	ldi	r22, 0x01	; 1
     c58:	71 e0       	ldi	r23, 0x01	; 1
     c5a:	80 e0       	ldi	r24, 0x00	; 0
     c5c:	91 e0       	ldi	r25, 0x01	; 1
     c5e:	0c 94 69 2a 	jmp	0x54d2	; 0x54d2 <SCH_TASK_CreateTask>

00000c62 <get_acceleration>:
}

Accel_Gyro_DataTypedef get_acceleration(void)
{
     c62:	cf 93       	push	r28
     c64:	df 93       	push	r29
     c66:	00 d0       	rcall	.+0      	; 0xc68 <get_acceleration+0x6>
     c68:	00 d0       	rcall	.+0      	; 0xc6a <get_acceleration+0x8>
     c6a:	00 d0       	rcall	.+0      	; 0xc6c <get_acceleration+0xa>
     c6c:	cd b7       	in	r28, 0x3d	; 61
     c6e:	de b7       	in	r29, 0x3e	; 62
	return (Accel_Gyro_DataTypedef)Accel_Status;
     c70:	86 e0       	ldi	r24, 0x06	; 6
     c72:	ee eb       	ldi	r30, 0xBE	; 190
     c74:	f8 e0       	ldi	r31, 0x08	; 8
     c76:	de 01       	movw	r26, r28
     c78:	11 96       	adiw	r26, 0x01	; 1
     c7a:	01 90       	ld	r0, Z+
     c7c:	0d 92       	st	X+, r0
     c7e:	8a 95       	dec	r24
     c80:	e1 f7       	brne	.-8      	; 0xc7a <get_acceleration+0x18>
     c82:	29 81       	ldd	r18, Y+1	; 0x01
     c84:	3a 81       	ldd	r19, Y+2	; 0x02
     c86:	4b 81       	ldd	r20, Y+3	; 0x03
     c88:	5c 81       	ldd	r21, Y+4	; 0x04
     c8a:	6d 81       	ldd	r22, Y+5	; 0x05
     c8c:	7e 81       	ldd	r23, Y+6	; 0x06
}
     c8e:	80 e0       	ldi	r24, 0x00	; 0
     c90:	90 e0       	ldi	r25, 0x00	; 0
     c92:	26 96       	adiw	r28, 0x06	; 6
     c94:	0f b6       	in	r0, 0x3f	; 63
     c96:	f8 94       	cli
     c98:	de bf       	out	0x3e, r29	; 62
     c9a:	0f be       	out	0x3f, r0	; 63
     c9c:	cd bf       	out	0x3d, r28	; 61
     c9e:	df 91       	pop	r29
     ca0:	cf 91       	pop	r28
     ca2:	08 95       	ret

00000ca4 <get_gyroscope>:

Accel_Gyro_DataTypedef get_gyroscope(void)
{
     ca4:	cf 93       	push	r28
     ca6:	df 93       	push	r29
     ca8:	00 d0       	rcall	.+0      	; 0xcaa <get_gyroscope+0x6>
     caa:	00 d0       	rcall	.+0      	; 0xcac <get_gyroscope+0x8>
     cac:	00 d0       	rcall	.+0      	; 0xcae <get_gyroscope+0xa>
     cae:	cd b7       	in	r28, 0x3d	; 61
     cb0:	de b7       	in	r29, 0x3e	; 62
	return (Accel_Gyro_DataTypedef)Gyro_Status;
     cb2:	86 e0       	ldi	r24, 0x06	; 6
     cb4:	e8 eb       	ldi	r30, 0xB8	; 184
     cb6:	f8 e0       	ldi	r31, 0x08	; 8
     cb8:	de 01       	movw	r26, r28
     cba:	11 96       	adiw	r26, 0x01	; 1
     cbc:	01 90       	ld	r0, Z+
     cbe:	0d 92       	st	X+, r0
     cc0:	8a 95       	dec	r24
     cc2:	e1 f7       	brne	.-8      	; 0xcbc <get_gyroscope+0x18>
     cc4:	29 81       	ldd	r18, Y+1	; 0x01
     cc6:	3a 81       	ldd	r19, Y+2	; 0x02
     cc8:	4b 81       	ldd	r20, Y+3	; 0x03
     cca:	5c 81       	ldd	r21, Y+4	; 0x04
     ccc:	6d 81       	ldd	r22, Y+5	; 0x05
     cce:	7e 81       	ldd	r23, Y+6	; 0x06
     cd0:	80 e0       	ldi	r24, 0x00	; 0
     cd2:	90 e0       	ldi	r25, 0x00	; 0
     cd4:	26 96       	adiw	r28, 0x06	; 6
     cd6:	0f b6       	in	r0, 0x3f	; 63
     cd8:	f8 94       	cli
     cda:	de bf       	out	0x3e, r29	; 62
     cdc:	0f be       	out	0x3f, r0	; 63
     cde:	cd bf       	out	0x3d, r28	; 61
     ce0:	df 91       	pop	r29
     ce2:	cf 91       	pop	r28
     ce4:	08 95       	ret

00000ce6 <CmdLineProcess>:
//! Otherwise it returns the code that was returned by the command function.
//
//*****************************************************************************
uint8_t
CmdLineProcess(char *pcCmdLine)
{
     ce6:	ef 92       	push	r14
     ce8:	ff 92       	push	r15
     cea:	0f 93       	push	r16
     cec:	1f 93       	push	r17
     cee:	cf 93       	push	r28
     cf0:	fc 01       	movw	r30, r24
    pcChar = pcCmdLine;

    //
    // Advance through the command line until a zero character is found.
    //
    while(*pcChar)
     cf2:	80 81       	ld	r24, Z
     cf4:	88 23       	and	r24, r24
     cf6:	09 f4       	brne	.+2      	; 0xcfa <CmdLineProcess+0x14>
     cf8:	4b c0       	rjmp	.+150    	; 0xd90 <CmdLineProcess+0xaa>
     cfa:	91 e0       	ldi	r25, 0x01	; 1
     cfc:	c0 e0       	ldi	r28, 0x00	; 0
     cfe:	13 c0       	rjmp	.+38     	; 0xd26 <CmdLineProcess+0x40>
        {
            //
            // If bFindArg is set, then that means we are looking for the start
            // of the next argument.
            //
            if(bFindArg)
     d00:	99 23       	and	r25, r25
     d02:	69 f0       	breq	.+26     	; 0xd1e <CmdLineProcess+0x38>
                //
                // As long as the maximum number of arguments has not been
                // reached, then save the pointer to the start of this new arg
                // in the argv array, and increment the count of args, argc.
                //
                if(ui8Argc < CMDLINE_MAX_ARGS)
     d04:	c8 30       	cpi	r28, 0x08	; 8
     d06:	08 f0       	brcs	.+2      	; 0xd0a <CmdLineProcess+0x24>
     d08:	4a c0       	rjmp	.+148    	; 0xd9e <CmdLineProcess+0xb8>
                {
                    g_ppcArgv[ui8Argc] = pcChar;
     d0a:	ac 2f       	mov	r26, r28
     d0c:	b0 e0       	ldi	r27, 0x00	; 0
     d0e:	aa 0f       	add	r26, r26
     d10:	bb 1f       	adc	r27, r27
     d12:	ac 53       	subi	r26, 0x3C	; 60
     d14:	b7 4f       	sbci	r27, 0xF7	; 247
     d16:	ed 93       	st	X+, r30
     d18:	fc 93       	st	X, r31
                    ui8Argc++;
     d1a:	cf 5f       	subi	r28, 0xFF	; 255
                    bFindArg = false;
     d1c:	90 e0       	ldi	r25, 0x00	; 0
        }

        //
        // Advance to the next character in the command line.
        //
        pcChar++;
     d1e:	31 96       	adiw	r30, 0x01	; 1
    pcChar = pcCmdLine;

    //
    // Advance through the command line until a zero character is found.
    //
    while(*pcChar)
     d20:	80 81       	ld	r24, Z
     d22:	88 23       	and	r24, r24
     d24:	41 f0       	breq	.+16     	; 0xd36 <CmdLineProcess+0x50>
    {
        //
        // If there is a space, then replace it with a zero, and set the flag
        // to search for the next argument.
        //
        if(*pcChar == ' ')
     d26:	80 32       	cpi	r24, 0x20	; 32
     d28:	59 f7       	brne	.-42     	; 0xd00 <CmdLineProcess+0x1a>
        {
            *pcChar = 0;
     d2a:	10 82       	st	Z, r1
            bFindArg = true;
     d2c:	91 e0       	ldi	r25, 0x01	; 1
        }

        //
        // Advance to the next character in the command line.
        //
        pcChar++;
     d2e:	31 96       	adiw	r30, 0x01	; 1
    pcChar = pcCmdLine;

    //
    // Advance through the command line until a zero character is found.
    //
    while(*pcChar)
     d30:	80 81       	ld	r24, Z
     d32:	81 11       	cpse	r24, r1
     d34:	f8 cf       	rjmp	.-16     	; 0xd26 <CmdLineProcess+0x40>
    }

    //
    // If one or more arguments was found, then process the command.
    //
    if(ui8Argc)
     d36:	cc 23       	and	r28, r28
     d38:	59 f1       	breq	.+86     	; 0xd90 <CmdLineProcess+0xaa>

        //
        // Search through the command table until a null command string is
        // found, which marks the end of the table.
        //
        while(psCmdEntry->pcCmd)
     d3a:	60 91 0e 01 	lds	r22, 0x010E	; 0x80010e <g_psCmdTable>
     d3e:	70 91 0f 01 	lds	r23, 0x010F	; 0x80010f <g_psCmdTable+0x1>
     d42:	61 15       	cp	r22, r1
     d44:	71 05       	cpc	r23, r1
     d46:	21 f1       	breq	.+72     	; 0xd90 <CmdLineProcess+0xaa>
     d48:	e0 90 c4 08 	lds	r14, 0x08C4	; 0x8008c4 <g_ppcArgv>
     d4c:	f0 90 c5 08 	lds	r15, 0x08C5	; 0x8008c5 <g_ppcArgv+0x1>
     d50:	0e e0       	ldi	r16, 0x0E	; 14
     d52:	11 e0       	ldi	r17, 0x01	; 1
     d54:	08 c0       	rjmp	.+16     	; 0xd66 <CmdLineProcess+0x80>
            }

            //
            // Not found, so advance to the next entry.
            //
            psCmdEntry++;
     d56:	0a 5f       	subi	r16, 0xFA	; 250
     d58:	1f 4f       	sbci	r17, 0xFF	; 255

        //
        // Search through the command table until a null command string is
        // found, which marks the end of the table.
        //
        while(psCmdEntry->pcCmd)
     d5a:	f8 01       	movw	r30, r16
     d5c:	60 81       	ld	r22, Z
     d5e:	71 81       	ldd	r23, Z+1	; 0x01
     d60:	61 15       	cp	r22, r1
     d62:	71 05       	cpc	r23, r1
     d64:	a9 f0       	breq	.+42     	; 0xd90 <CmdLineProcess+0xaa>
            //
            // If this command entry command string matches argv[0], then call
            // the function for this command, passing the command line
            // arguments.
            //
            if(!strcmp(g_ppcArgv[0], psCmdEntry->pcCmd))
     d66:	c7 01       	movw	r24, r14
     d68:	0e 94 b9 34 	call	0x6972	; 0x6972 <strcmp>
     d6c:	89 2b       	or	r24, r25
     d6e:	99 f7       	brne	.-26     	; 0xd56 <CmdLineProcess+0x70>
            {

                return(psCmdEntry->pfnCmd(ui8Argc, g_ppcArgv));
     d70:	d8 01       	movw	r26, r16
     d72:	12 96       	adiw	r26, 0x02	; 2
     d74:	ed 91       	ld	r30, X+
     d76:	fc 91       	ld	r31, X
     d78:	13 97       	sbiw	r26, 0x03	; 3
     d7a:	64 ec       	ldi	r22, 0xC4	; 196
     d7c:	78 e0       	ldi	r23, 0x08	; 8
     d7e:	8c 2f       	mov	r24, r28
     d80:	90 e0       	ldi	r25, 0x00	; 0
     d82:	09 95       	icall
    //
    // Fall through to here means that no matching command was found, so return
    // an error.
    //
    return(CMDLINE_BAD_CMD);
}
     d84:	cf 91       	pop	r28
     d86:	1f 91       	pop	r17
     d88:	0f 91       	pop	r16
     d8a:	ff 90       	pop	r15
     d8c:	ef 90       	pop	r14
     d8e:	08 95       	ret

    //
    // Fall through to here means that no matching command was found, so return
    // an error.
    //
    return(CMDLINE_BAD_CMD);
     d90:	81 e0       	ldi	r24, 0x01	; 1
}
     d92:	cf 91       	pop	r28
     d94:	1f 91       	pop	r17
     d96:	0f 91       	pop	r16
     d98:	ff 90       	pop	r15
     d9a:	ef 90       	pop	r14
     d9c:	08 95       	ret
                // The maximum number of arguments has been reached so return
                // the error.
                //
                else
                {
                    return(CMDLINE_TOO_MANY_ARGS);
     d9e:	82 e0       	ldi	r24, 0x02	; 2
    //
    // Fall through to here means that no matching command was found, so return
    // an error.
    //
    return(CMDLINE_BAD_CMD);
}
     da0:	cf 91       	pop	r28
     da2:	1f 91       	pop	r17
     da4:	0f 91       	pop	r16
     da6:	ff 90       	pop	r15
     da8:	ef 90       	pop	r14
     daa:	08 95       	ret

00000dac <Cmd_help>:
void	command_create_task(void)
{
	SCH_TASK_CreateTask(&s_CommandTaskContext.taskHandle, &s_CommandTaskContext.taskProperty);
}

int Cmd_help(int argc, char *argv[]) {
     dac:	cf 93       	push	r28
     dae:	df 93       	push	r29
	tCmdLineEntry *pEntry;

	usart0_send_string("\nAvailable commands\r\n");
     db0:	8c e0       	ldi	r24, 0x0C	; 12
     db2:	92 e0       	ldi	r25, 0x02	; 2
     db4:	0e 94 26 1b 	call	0x364c	; 0x364c <usart0_send_string>
	usart0_send_string("------------------\r\n");
     db8:	82 e2       	ldi	r24, 0x22	; 34
     dba:	92 e0       	ldi	r25, 0x02	; 2
     dbc:	0e 94 26 1b 	call	0x364c	; 0x364c <usart0_send_string>
	// Point at the beginning of the command table.
	pEntry = &g_psCmdTable[0];

	// Enter a loop to read each entry from the command table.  The
	// end of the table has been reached when the command name is NULL.
	while (pEntry->pcCmd) {
     dc0:	80 91 0e 01 	lds	r24, 0x010E	; 0x80010e <g_psCmdTable>
     dc4:	90 91 0f 01 	lds	r25, 0x010F	; 0x80010f <g_psCmdTable+0x1>
     dc8:	00 97       	sbiw	r24, 0x00	; 0
     dca:	89 f0       	breq	.+34     	; 0xdee <Cmd_help+0x42>
     dcc:	ce e0       	ldi	r28, 0x0E	; 14
     dce:	d1 e0       	ldi	r29, 0x01	; 1
		// Print the command name and the brief description.
		usart0_send_string(pEntry->pcCmd);
     dd0:	0e 94 26 1b 	call	0x364c	; 0x364c <usart0_send_string>
		usart0_send_string(pEntry->pcHelp);
     dd4:	8c 81       	ldd	r24, Y+4	; 0x04
     dd6:	9d 81       	ldd	r25, Y+5	; 0x05
     dd8:	0e 94 26 1b 	call	0x364c	; 0x364c <usart0_send_string>
		usart0_send_string("\r\n");
     ddc:	81 ec       	ldi	r24, 0xC1	; 193
     dde:	93 e0       	ldi	r25, 0x03	; 3
     de0:	0e 94 26 1b 	call	0x364c	; 0x364c <usart0_send_string>

		// Advance to the next entry in the table.
		pEntry++;
     de4:	26 96       	adiw	r28, 0x06	; 6
	// Point at the beginning of the command table.
	pEntry = &g_psCmdTable[0];

	// Enter a loop to read each entry from the command table.  The
	// end of the table has been reached when the command name is NULL.
	while (pEntry->pcCmd) {
     de6:	88 81       	ld	r24, Y
     de8:	99 81       	ldd	r25, Y+1	; 0x01
     dea:	00 97       	sbiw	r24, 0x00	; 0
     dec:	89 f7       	brne	.-30     	; 0xdd0 <Cmd_help+0x24>
		pEntry++;

	}
	// Return success.
	return (CMDLINE_OK);
}
     dee:	80 e0       	ldi	r24, 0x00	; 0
     df0:	90 e0       	ldi	r25, 0x00	; 0
     df2:	df 91       	pop	r29
     df4:	cf 91       	pop	r28
     df6:	08 95       	ret

00000df8 <command_task_update>:
		command_task_update                // taskFunction;
	}
};

static	void	command_task_update(void)
{
     df8:	cf 93       	push	r28
	char rxData;
	int8_t	ret_val;
	while (! rbuffer_empty(p_CommandRingBuffer))
     dfa:	80 91 f5 08 	lds	r24, 0x08F5	; 0x8008f5 <p_CommandRingBuffer>
     dfe:	90 91 f6 08 	lds	r25, 0x08F6	; 0x8008f6 <p_CommandRingBuffer+0x1>
     e02:	0e 94 a5 1a 	call	0x354a	; 0x354a <rbuffer_empty>
     e06:	81 11       	cpse	r24, r1
     e08:	25 c0       	rjmp	.+74     	; 0xe54 <command_task_update+0x5c>
	{
		rxData = rbuffer_remove(p_CommandRingBuffer);				
     e0a:	80 91 f5 08 	lds	r24, 0x08F5	; 0x8008f5 <p_CommandRingBuffer>
     e0e:	90 91 f6 08 	lds	r25, 0x08F6	; 0x8008f6 <p_CommandRingBuffer+0x1>
     e12:	0e 94 b3 1a 	call	0x3566	; 0x3566 <rbuffer_remove>
     e16:	c8 2f       	mov	r28, r24
		usart0_send_char(rxData);
     e18:	0e 94 f5 1a 	call	0x35ea	; 0x35ea <usart0_send_char>
		if ((rxData == '\r') || (rxData == '\n'))		//got a return or new line
		{
			if (s_commandBufferIndex > 0)				//if we got the CR or LF at the begining, discard	
     e1c:	80 91 d6 08 	lds	r24, 0x08D6	; 0x8008d6 <s_commandBufferIndex>
	int8_t	ret_val;
	while (! rbuffer_empty(p_CommandRingBuffer))
	{
		rxData = rbuffer_remove(p_CommandRingBuffer);				
		usart0_send_char(rxData);
		if ((rxData == '\r') || (rxData == '\n'))		//got a return or new line
     e20:	cd 30       	cpi	r28, 0x0D	; 13
     e22:	d1 f0       	breq	.+52     	; 0xe58 <command_task_update+0x60>
     e24:	ca 30       	cpi	r28, 0x0A	; 10
     e26:	c1 f0       	breq	.+48     	; 0xe58 <command_task_update+0x60>
				usart0_send_string(ErrorCode[ret_val]);
				usart0_send_string("> ");
			}	
			else usart0_send_string("\r\n> ");
		}
		else if ((rxData == 8) || (rxData == 127))	
     e28:	c8 30       	cpi	r28, 0x08	; 8
     e2a:	a1 f1       	breq	.+104    	; 0xe94 <command_task_update+0x9c>
     e2c:	cf 37       	cpi	r28, 0x7F	; 127
     e2e:	91 f1       	breq	.+100    	; 0xe94 <command_task_update+0x9c>
		{
			if (s_commandBufferIndex > 0) s_commandBufferIndex--;
		}
		else
		{
			s_commandBuffer[s_commandBufferIndex] = rxData;
     e30:	e8 2f       	mov	r30, r24
     e32:	f0 e0       	ldi	r31, 0x00	; 0
     e34:	e9 52       	subi	r30, 0x29	; 41
     e36:	f7 4f       	sbci	r31, 0xF7	; 247
     e38:	c0 83       	st	Z, r28
			s_commandBufferIndex ++;
     e3a:	8f 5f       	subi	r24, 0xFF	; 255
			if (s_commandBufferIndex >= COMMAND_MAX_LENGTH)
     e3c:	8e 31       	cpi	r24, 0x1E	; 30
     e3e:	b0 f5       	brcc	.+108    	; 0xeac <command_task_update+0xb4>
			if (s_commandBufferIndex > 0) s_commandBufferIndex--;
		}
		else
		{
			s_commandBuffer[s_commandBufferIndex] = rxData;
			s_commandBufferIndex ++;
     e40:	80 93 d6 08 	sts	0x08D6, r24	; 0x8008d6 <s_commandBufferIndex>

static	void	command_task_update(void)
{
	char rxData;
	int8_t	ret_val;
	while (! rbuffer_empty(p_CommandRingBuffer))
     e44:	80 91 f5 08 	lds	r24, 0x08F5	; 0x8008f5 <p_CommandRingBuffer>
     e48:	90 91 f6 08 	lds	r25, 0x08F6	; 0x8008f6 <p_CommandRingBuffer+0x1>
     e4c:	0e 94 a5 1a 	call	0x354a	; 0x354a <rbuffer_empty>
     e50:	88 23       	and	r24, r24
     e52:	d9 f2       	breq	.-74     	; 0xe0a <command_task_update+0x12>
			{
				s_commandBufferIndex= 0;
			}
		}
	}	
}
     e54:	cf 91       	pop	r28
     e56:	08 95       	ret
	{
		rxData = rbuffer_remove(p_CommandRingBuffer);				
		usart0_send_char(rxData);
		if ((rxData == '\r') || (rxData == '\n'))		//got a return or new line
		{
			if (s_commandBufferIndex > 0)				//if we got the CR or LF at the begining, discard	
     e58:	88 23       	and	r24, r24
     e5a:	19 f1       	breq	.+70     	; 0xea2 <command_task_update+0xaa>
			{
				s_commandBuffer[s_commandBufferIndex] = 0;
     e5c:	e8 2f       	mov	r30, r24
     e5e:	f0 e0       	ldi	r31, 0x00	; 0
     e60:	e9 52       	subi	r30, 0x29	; 41
     e62:	f7 4f       	sbci	r31, 0xF7	; 247
     e64:	10 82       	st	Z, r1
				s_commandBufferIndex++;
     e66:	8f 5f       	subi	r24, 0xFF	; 255
     e68:	80 93 d6 08 	sts	0x08D6, r24	; 0x8008d6 <s_commandBufferIndex>
				ret_val = CmdLineProcess((char *)s_commandBuffer);		
     e6c:	87 ed       	ldi	r24, 0xD7	; 215
     e6e:	98 e0       	ldi	r25, 0x08	; 8
     e70:	0e 94 73 06 	call	0xce6	; 0xce6 <CmdLineProcess>
				s_commandBufferIndex = 0;		
     e74:	10 92 d6 08 	sts	0x08D6, r1	; 0x8008d6 <s_commandBufferIndex>
				usart0_send_string(ErrorCode[ret_val]);
     e78:	88 0f       	add	r24, r24
     e7a:	99 0b       	sbc	r25, r25
     e7c:	fc 01       	movw	r30, r24
     e7e:	e4 57       	subi	r30, 0x74	; 116
     e80:	fe 4f       	sbci	r31, 0xFE	; 254
     e82:	80 81       	ld	r24, Z
     e84:	91 81       	ldd	r25, Z+1	; 0x01
     e86:	0e 94 26 1b 	call	0x364c	; 0x364c <usart0_send_string>
				usart0_send_string("> ");
     e8a:	83 ed       	ldi	r24, 0xD3	; 211
     e8c:	97 e0       	ldi	r25, 0x07	; 7
     e8e:	0e 94 26 1b 	call	0x364c	; 0x364c <usart0_send_string>
     e92:	b3 cf       	rjmp	.-154    	; 0xdfa <command_task_update+0x2>
			}	
			else usart0_send_string("\r\n> ");
		}
		else if ((rxData == 8) || (rxData == 127))	
		{
			if (s_commandBufferIndex > 0) s_commandBufferIndex--;
     e94:	88 23       	and	r24, r24
     e96:	09 f4       	brne	.+2      	; 0xe9a <command_task_update+0xa2>
     e98:	b0 cf       	rjmp	.-160    	; 0xdfa <command_task_update+0x2>
     e9a:	81 50       	subi	r24, 0x01	; 1
     e9c:	80 93 d6 08 	sts	0x08D6, r24	; 0x8008d6 <s_commandBufferIndex>
     ea0:	ac cf       	rjmp	.-168    	; 0xdfa <command_task_update+0x2>
				ret_val = CmdLineProcess((char *)s_commandBuffer);		
				s_commandBufferIndex = 0;		
				usart0_send_string(ErrorCode[ret_val]);
				usart0_send_string("> ");
			}	
			else usart0_send_string("\r\n> ");
     ea2:	81 ed       	ldi	r24, 0xD1	; 209
     ea4:	97 e0       	ldi	r25, 0x07	; 7
     ea6:	0e 94 26 1b 	call	0x364c	; 0x364c <usart0_send_string>
     eaa:	a7 cf       	rjmp	.-178    	; 0xdfa <command_task_update+0x2>
		{
			s_commandBuffer[s_commandBufferIndex] = rxData;
			s_commandBufferIndex ++;
			if (s_commandBufferIndex >= COMMAND_MAX_LENGTH)
			{
				s_commandBufferIndex= 0;
     eac:	10 92 d6 08 	sts	0x08D6, r1	; 0x8008d6 <s_commandBufferIndex>
     eb0:	a4 cf       	rjmp	.-184    	; 0xdfa <command_task_update+0x2>

00000eb2 <Cmd_get_temp>:
// Get the temperature from NTC / onewire / bmp390
//
//*****************************************************************************
int
Cmd_get_temp(int argc, char *argv[])
{
     eb2:	cf 92       	push	r12
     eb4:	df 92       	push	r13
     eb6:	ef 92       	push	r14
     eb8:	ff 92       	push	r15
     eba:	0f 93       	push	r16
     ebc:	1f 93       	push	r17
     ebe:	cf 93       	push	r28
     ec0:	df 93       	push	r29
     ec2:	8c 01       	movw	r16, r24
     ec4:	7b 01       	movw	r14, r22
	int16_t temp;
	if (!strcmp(argv[1], "bmp390"))
     ec6:	fb 01       	movw	r30, r22
     ec8:	c2 80       	ldd	r12, Z+2	; 0x02
     eca:	d3 80       	ldd	r13, Z+3	; 0x03
     ecc:	65 e6       	ldi	r22, 0x65	; 101
     ece:	74 e0       	ldi	r23, 0x04	; 4
     ed0:	c6 01       	movw	r24, r12
     ed2:	0e 94 b9 34 	call	0x6972	; 0x6972 <strcmp>
     ed6:	ec 01       	movw	r28, r24
     ed8:	89 2b       	or	r24, r25
     eda:	79 f4       	brne	.+30     	; 0xefa <Cmd_get_temp+0x48>
	{
		if (argc >2) return CMDLINE_TOO_MANY_ARGS;
     edc:	03 30       	cpi	r16, 0x03	; 3
     ede:	11 05       	cpc	r17, r1
     ee0:	0c f1       	brlt	.+66     	; 0xf24 <Cmd_get_temp+0x72>
     ee2:	c2 e0       	ldi	r28, 0x02	; 2
     ee4:	d0 e0       	ldi	r29, 0x00	; 0
			else UARTprintf("1-Wire[%d]: %i\r\n", channel, temp);
		}
		else return CMDLINE_INVALID_ARG;
		return CMDLINE_OK;
	}
}
     ee6:	ce 01       	movw	r24, r28
     ee8:	df 91       	pop	r29
     eea:	cf 91       	pop	r28
     eec:	1f 91       	pop	r17
     eee:	0f 91       	pop	r16
     ef0:	ff 90       	pop	r15
     ef2:	ef 90       	pop	r14
     ef4:	df 90       	pop	r13
     ef6:	cf 90       	pop	r12
     ef8:	08 95       	ret
		else UARTprintf("BMP390 temp: %i \r\n", temp);
		return CMDLINE_OK;
	}
	else
	{
		if (argc < 3) return CMDLINE_TOO_FEW_ARGS;
     efa:	03 30       	cpi	r16, 0x03	; 3
     efc:	11 05       	cpc	r17, r1
     efe:	1c f4       	brge	.+6      	; 0xf06 <Cmd_get_temp+0x54>
     f00:	c3 e0       	ldi	r28, 0x03	; 3
     f02:	d0 e0       	ldi	r29, 0x00	; 0
     f04:	f0 cf       	rjmp	.-32     	; 0xee6 <Cmd_get_temp+0x34>
		if (argc >3) return CMDLINE_TOO_MANY_ARGS;
     f06:	03 30       	cpi	r16, 0x03	; 3
     f08:	11 05       	cpc	r17, r1
     f0a:	59 f7       	brne	.-42     	; 0xee2 <Cmd_get_temp+0x30>
		uint8_t channel = atoi(argv[2]);
     f0c:	f7 01       	movw	r30, r14
     f0e:	84 81       	ldd	r24, Z+4	; 0x04
     f10:	95 81       	ldd	r25, Z+5	; 0x05
     f12:	0e 94 b8 33 	call	0x6770	; 0x6770 <atoi>
     f16:	8c 01       	movw	r16, r24
		if (channel > (MAX_CHANNEL -1)) return CMDLINE_INVALID_ARG;
     f18:	f3 e0       	ldi	r31, 0x03	; 3
     f1a:	f8 17       	cp	r31, r24
     f1c:	b0 f4       	brcc	.+44     	; 0xf4a <Cmd_get_temp+0x98>
     f1e:	c4 e0       	ldi	r28, 0x04	; 4
     f20:	d0 e0       	ldi	r29, 0x00	; 0
     f22:	e1 cf       	rjmp	.-62     	; 0xee6 <Cmd_get_temp+0x34>
{
	int16_t temp;
	if (!strcmp(argv[1], "bmp390"))
	{
		if (argc >2) return CMDLINE_TOO_MANY_ARGS;
		temp = temperature_get_bmp390();
     f24:	0e 94 4d 15 	call	0x2a9a	; 0x2a9a <temperature_get_bmp390>
		if (temp == 0x7FFF) usart0_send_string("BMP390 is fail\r\n");
     f28:	8f 3f       	cpi	r24, 0xFF	; 255
     f2a:	ff e7       	ldi	r31, 0x7F	; 127
     f2c:	9f 07       	cpc	r25, r31
     f2e:	c9 f1       	breq	.+114    	; 0xfa2 <Cmd_get_temp+0xf0>
		else UARTprintf("BMP390 temp: %i \r\n", temp);
     f30:	9f 93       	push	r25
     f32:	8f 93       	push	r24
     f34:	88 e4       	ldi	r24, 0x48	; 72
     f36:	92 e0       	ldi	r25, 0x02	; 2
     f38:	9f 93       	push	r25
     f3a:	8f 93       	push	r24
     f3c:	0e 94 4b 20 	call	0x4096	; 0x4096 <UARTprintf>
     f40:	0f 90       	pop	r0
     f42:	0f 90       	pop	r0
     f44:	0f 90       	pop	r0
     f46:	0f 90       	pop	r0
     f48:	ce cf       	rjmp	.-100    	; 0xee6 <Cmd_get_temp+0x34>
	{
		if (argc < 3) return CMDLINE_TOO_FEW_ARGS;
		if (argc >3) return CMDLINE_TOO_MANY_ARGS;
		uint8_t channel = atoi(argv[2]);
		if (channel > (MAX_CHANNEL -1)) return CMDLINE_INVALID_ARG;
		if (!strcmp(argv[1], "NTC"))
     f4a:	6b e5       	ldi	r22, 0x5B	; 91
     f4c:	72 e0       	ldi	r23, 0x02	; 2
     f4e:	c6 01       	movw	r24, r12
     f50:	0e 94 b9 34 	call	0x6972	; 0x6972 <strcmp>
     f54:	ec 01       	movw	r28, r24
     f56:	89 2b       	or	r24, r25
     f58:	49 f1       	breq	.+82     	; 0xfac <Cmd_get_temp+0xfa>
		{
			temp = temperature_get_NTC(channel);
			if (temp == 0x7FFF) UARTprintf("NTC[%d] is fail\r\n", channel);
			else UARTprintf("NTC[%d]: %i\r\n", channel, temp);
		}
		else if (!strcmp(argv[1], "onewire"))
     f5a:	6f e7       	ldi	r22, 0x7F	; 127
     f5c:	72 e0       	ldi	r23, 0x02	; 2
     f5e:	c6 01       	movw	r24, r12
     f60:	0e 94 b9 34 	call	0x6972	; 0x6972 <strcmp>
     f64:	ec 01       	movw	r28, r24
     f66:	89 2b       	or	r24, r25
     f68:	d1 f6       	brne	.-76     	; 0xf1e <Cmd_get_temp+0x6c>
		{
			if (channel > 1) return CMDLINE_INVALID_ARG;
     f6a:	81 e0       	ldi	r24, 0x01	; 1
     f6c:	80 17       	cp	r24, r16
     f6e:	b8 f2       	brcs	.-82     	; 0xf1e <Cmd_get_temp+0x6c>
			temp = temperature_get_onewire(channel);
     f70:	80 2f       	mov	r24, r16
     f72:	0e 94 44 15 	call	0x2a88	; 0x2a88 <temperature_get_onewire>
			if (temp == 0x7FFF) UARTprintf("1-Wire[%d] is fail\r\n", channel);
     f76:	8f 3f       	cpi	r24, 0xFF	; 255
     f78:	ef e7       	ldi	r30, 0x7F	; 127
     f7a:	9e 07       	cpc	r25, r30
     f7c:	f1 f1       	breq	.+124    	; 0xffa <Cmd_get_temp+0x148>
			else UARTprintf("1-Wire[%d]: %i\r\n", channel, temp);
     f7e:	9f 93       	push	r25
     f80:	8f 93       	push	r24
     f82:	11 27       	eor	r17, r17
     f84:	1f 93       	push	r17
     f86:	0f 93       	push	r16
     f88:	8c e9       	ldi	r24, 0x9C	; 156
     f8a:	92 e0       	ldi	r25, 0x02	; 2
     f8c:	9f 93       	push	r25
     f8e:	8f 93       	push	r24
     f90:	0e 94 4b 20 	call	0x4096	; 0x4096 <UARTprintf>
     f94:	0f 90       	pop	r0
     f96:	0f 90       	pop	r0
     f98:	0f 90       	pop	r0
     f9a:	0f 90       	pop	r0
     f9c:	0f 90       	pop	r0
     f9e:	0f 90       	pop	r0
     fa0:	a2 cf       	rjmp	.-188    	; 0xee6 <Cmd_get_temp+0x34>
	int16_t temp;
	if (!strcmp(argv[1], "bmp390"))
	{
		if (argc >2) return CMDLINE_TOO_MANY_ARGS;
		temp = temperature_get_bmp390();
		if (temp == 0x7FFF) usart0_send_string("BMP390 is fail\r\n");
     fa2:	87 e3       	ldi	r24, 0x37	; 55
     fa4:	92 e0       	ldi	r25, 0x02	; 2
     fa6:	0e 94 26 1b 	call	0x364c	; 0x364c <usart0_send_string>
     faa:	9d cf       	rjmp	.-198    	; 0xee6 <Cmd_get_temp+0x34>
		if (argc >3) return CMDLINE_TOO_MANY_ARGS;
		uint8_t channel = atoi(argv[2]);
		if (channel > (MAX_CHANNEL -1)) return CMDLINE_INVALID_ARG;
		if (!strcmp(argv[1], "NTC"))
		{
			temp = temperature_get_NTC(channel);
     fac:	80 2f       	mov	r24, r16
     fae:	0e 94 3b 15 	call	0x2a76	; 0x2a76 <temperature_get_NTC>
			if (temp == 0x7FFF) UARTprintf("NTC[%d] is fail\r\n", channel);
     fb2:	8f 3f       	cpi	r24, 0xFF	; 255
     fb4:	2f e7       	ldi	r18, 0x7F	; 127
     fb6:	92 07       	cpc	r25, r18
     fb8:	91 f0       	breq	.+36     	; 0xfde <Cmd_get_temp+0x12c>
			else UARTprintf("NTC[%d]: %i\r\n", channel, temp);
     fba:	9f 93       	push	r25
     fbc:	8f 93       	push	r24
     fbe:	11 27       	eor	r17, r17
     fc0:	1f 93       	push	r17
     fc2:	0f 93       	push	r16
     fc4:	81 e7       	ldi	r24, 0x71	; 113
     fc6:	92 e0       	ldi	r25, 0x02	; 2
     fc8:	9f 93       	push	r25
     fca:	8f 93       	push	r24
     fcc:	0e 94 4b 20 	call	0x4096	; 0x4096 <UARTprintf>
     fd0:	0f 90       	pop	r0
     fd2:	0f 90       	pop	r0
     fd4:	0f 90       	pop	r0
     fd6:	0f 90       	pop	r0
     fd8:	0f 90       	pop	r0
     fda:	0f 90       	pop	r0
     fdc:	84 cf       	rjmp	.-248    	; 0xee6 <Cmd_get_temp+0x34>
		uint8_t channel = atoi(argv[2]);
		if (channel > (MAX_CHANNEL -1)) return CMDLINE_INVALID_ARG;
		if (!strcmp(argv[1], "NTC"))
		{
			temp = temperature_get_NTC(channel);
			if (temp == 0x7FFF) UARTprintf("NTC[%d] is fail\r\n", channel);
     fde:	11 27       	eor	r17, r17
     fe0:	1f 93       	push	r17
     fe2:	0f 93       	push	r16
     fe4:	8f e5       	ldi	r24, 0x5F	; 95
     fe6:	92 e0       	ldi	r25, 0x02	; 2
     fe8:	9f 93       	push	r25
     fea:	8f 93       	push	r24
     fec:	0e 94 4b 20 	call	0x4096	; 0x4096 <UARTprintf>
     ff0:	0f 90       	pop	r0
     ff2:	0f 90       	pop	r0
     ff4:	0f 90       	pop	r0
     ff6:	0f 90       	pop	r0
     ff8:	76 cf       	rjmp	.-276    	; 0xee6 <Cmd_get_temp+0x34>
		}
		else if (!strcmp(argv[1], "onewire"))
		{
			if (channel > 1) return CMDLINE_INVALID_ARG;
			temp = temperature_get_onewire(channel);
			if (temp == 0x7FFF) UARTprintf("1-Wire[%d] is fail\r\n", channel);
     ffa:	11 27       	eor	r17, r17
     ffc:	1f 93       	push	r17
     ffe:	0f 93       	push	r16
    1000:	87 e8       	ldi	r24, 0x87	; 135
    1002:	92 e0       	ldi	r25, 0x02	; 2
    1004:	9f 93       	push	r25
    1006:	8f 93       	push	r24
    1008:	0e 94 4b 20 	call	0x4096	; 0x4096 <UARTprintf>
    100c:	0f 90       	pop	r0
    100e:	0f 90       	pop	r0
    1010:	0f 90       	pop	r0
    1012:	0f 90       	pop	r0
    1014:	68 cf       	rjmp	.-304    	; 0xee6 <Cmd_get_temp+0x34>

00001016 <Cmd_tec_get_status>:
}

int
Cmd_tec_get_status(int argc, char *argv[])
{
	if (argc >1) return CMDLINE_TOO_MANY_ARGS;
    1016:	02 97       	sbiw	r24, 0x02	; 2
    1018:	1c f0       	brlt	.+6      	; 0x1020 <Cmd_tec_get_status+0xa>
    101a:	82 e0       	ldi	r24, 0x02	; 2
    101c:	90 e0       	ldi	r25, 0x00	; 0
	temperature_get_status();
	return CMDLINE_OK;
}
    101e:	08 95       	ret

int
Cmd_tec_get_status(int argc, char *argv[])
{
	if (argc >1) return CMDLINE_TOO_MANY_ARGS;
	temperature_get_status();
    1020:	0e 94 0c 16 	call	0x2c18	; 0x2c18 <temperature_get_status>
	return CMDLINE_OK;
    1024:	80 e0       	ldi	r24, 0x00	; 0
    1026:	90 e0       	ldi	r25, 0x00	; 0
    1028:	08 95       	ret

0000102a <Cmd_TEC_log_enable>:
}

int
Cmd_TEC_log_enable(int argc, char *argv[])
{
	if (argc >1) return CMDLINE_TOO_MANY_ARGS;
    102a:	02 97       	sbiw	r24, 0x02	; 2
    102c:	1c f0       	brlt	.+6      	; 0x1034 <Cmd_TEC_log_enable+0xa>
    102e:	82 e0       	ldi	r24, 0x02	; 2
    1030:	90 e0       	ldi	r25, 0x00	; 0
	temperature_enable_log();
	return CMDLINE_OK;
}
    1032:	08 95       	ret

int
Cmd_TEC_log_enable(int argc, char *argv[])
{
	if (argc >1) return CMDLINE_TOO_MANY_ARGS;
	temperature_enable_log();
    1034:	0e 94 8f 17 	call	0x2f1e	; 0x2f1e <temperature_enable_log>
	return CMDLINE_OK;
    1038:	80 e0       	ldi	r24, 0x00	; 0
    103a:	90 e0       	ldi	r25, 0x00	; 0
    103c:	08 95       	ret

0000103e <Cmd_TEC_log_disable>:
}

int
Cmd_TEC_log_disable(int argc, char *argv[])
{
	if (argc >1) return CMDLINE_TOO_MANY_ARGS;
    103e:	02 97       	sbiw	r24, 0x02	; 2
    1040:	1c f0       	brlt	.+6      	; 0x1048 <Cmd_TEC_log_disable+0xa>
    1042:	82 e0       	ldi	r24, 0x02	; 2
    1044:	90 e0       	ldi	r25, 0x00	; 0
	temperature_disable_log();
	return CMDLINE_OK;
}
    1046:	08 95       	ret

int
Cmd_TEC_log_disable(int argc, char *argv[])
{
	if (argc >1) return CMDLINE_TOO_MANY_ARGS;
	temperature_disable_log();
    1048:	0e 94 93 17 	call	0x2f26	; 0x2f26 <temperature_disable_log>
	return CMDLINE_OK;
    104c:	80 e0       	ldi	r24, 0x00	; 0
    104e:	90 e0       	ldi	r25, 0x00	; 0
    1050:	08 95       	ret

00001052 <Cmd_get_all>:
	return CMDLINE_OK;
}

int
Cmd_get_all(int argc, char *argv[])
{
    1052:	6f 92       	push	r6
    1054:	7f 92       	push	r7
    1056:	8f 92       	push	r8
    1058:	9f 92       	push	r9
    105a:	af 92       	push	r10
    105c:	bf 92       	push	r11
    105e:	cf 92       	push	r12
    1060:	df 92       	push	r13
    1062:	ef 92       	push	r14
    1064:	ff 92       	push	r15
    1066:	0f 93       	push	r16
    1068:	1f 93       	push	r17
    106a:	cf 93       	push	r28
    106c:	df 93       	push	r29
    106e:	cd b7       	in	r28, 0x3d	; 61
    1070:	de b7       	in	r29, 0x3e	; 62
    1072:	2c 97       	sbiw	r28, 0x0c	; 12
    1074:	0f b6       	in	r0, 0x3f	; 63
    1076:	f8 94       	cli
    1078:	de bf       	out	0x3e, r29	; 62
    107a:	0f be       	out	0x3f, r0	; 63
    107c:	cd bf       	out	0x3d, r28	; 61
	temperature_get_status();
    107e:	0e 94 0c 16 	call	0x2c18	; 0x2c18 <temperature_get_status>
	rgbw_color RGBW = ringled_get_RGBW();
    1082:	0e 94 ab 29 	call	0x5356	; 0x5356 <ringled_get_RGBW>
	UARTprintf("RING: R=%d, G=%d, B=%d, W=%d\r\n", RGBW.red, RGBW.green, RGBW.blue, RGBW.white);
    1086:	1f 92       	push	r1
    1088:	9f 93       	push	r25
    108a:	1f 92       	push	r1
    108c:	8f 93       	push	r24
    108e:	1f 92       	push	r1
    1090:	7f 93       	push	r23
    1092:	1f 92       	push	r1
    1094:	6f 93       	push	r22
    1096:	8d ea       	ldi	r24, 0xAD	; 173
    1098:	92 e0       	ldi	r25, 0x02	; 2
    109a:	9f 93       	push	r25
    109c:	8f 93       	push	r24
    109e:	0e 94 4b 20 	call	0x4096	; 0x4096 <UARTprintf>
	UARTprintf("IR: %d %%\r\n", IR_led_get_Current_DutyCyclesPercent());
    10a2:	0e 94 0e 12 	call	0x241c	; 0x241c <IR_led_get_Current_DutyCyclesPercent>
    10a6:	1f 92       	push	r1
    10a8:	8f 93       	push	r24
    10aa:	8c ec       	ldi	r24, 0xCC	; 204
    10ac:	92 e0       	ldi	r25, 0x02	; 2
    10ae:	9f 93       	push	r25
    10b0:	8f 93       	push	r24
    10b2:	0e 94 4b 20 	call	0x4096	; 0x4096 <UARTprintf>
	
	// Accel and Gyro
	Accel_Gyro_DataTypedef _accel_data = get_acceleration();
    10b6:	0e 94 31 06 	call	0xc62	; 0xc62 <get_acceleration>
    10ba:	2f 83       	std	Y+7, r18	; 0x07
    10bc:	38 87       	std	Y+8, r19	; 0x08
    10be:	49 87       	std	Y+9, r20	; 0x09
    10c0:	5a 87       	std	Y+10, r21	; 0x0a
    10c2:	6b 87       	std	Y+11, r22	; 0x0b
    10c4:	7c 87       	std	Y+12, r23	; 0x0c
    10c6:	0f 81       	ldd	r16, Y+7	; 0x07
    10c8:	18 85       	ldd	r17, Y+8	; 0x08
    10ca:	e9 84       	ldd	r14, Y+9	; 0x09
    10cc:	fa 84       	ldd	r15, Y+10	; 0x0a
    10ce:	cb 84       	ldd	r12, Y+11	; 0x0b
    10d0:	dc 84       	ldd	r13, Y+12	; 0x0c
	Accel_Gyro_DataTypedef _gyro_data = get_gyroscope();
    10d2:	0e 94 52 06 	call	0xca4	; 0xca4 <get_gyroscope>
    10d6:	29 83       	std	Y+1, r18	; 0x01
    10d8:	3a 83       	std	Y+2, r19	; 0x02
    10da:	4b 83       	std	Y+3, r20	; 0x03
    10dc:	5c 83       	std	Y+4, r21	; 0x04
    10de:	6d 83       	std	Y+5, r22	; 0x05
    10e0:	7e 83       	std	Y+6, r23	; 0x06
	if (_accel_data.x == 0x7FFF || _accel_data.y == 0x7FFF || _accel_data.z == 0x7FFF || _gyro_data.x == 0x7FFF || _gyro_data.y == 0x7FFF || _gyro_data.z == 0x7FFF)
    10e2:	0f b6       	in	r0, 0x3f	; 63
    10e4:	f8 94       	cli
    10e6:	de bf       	out	0x3e, r29	; 62
    10e8:	0f be       	out	0x3f, r0	; 63
    10ea:	cd bf       	out	0x3d, r28	; 61
    10ec:	0f 3f       	cpi	r16, 0xFF	; 255
    10ee:	9f e7       	ldi	r25, 0x7F	; 127
    10f0:	19 07       	cpc	r17, r25
    10f2:	09 f4       	brne	.+2      	; 0x10f6 <Cmd_get_all+0xa4>
    10f4:	48 c0       	rjmp	.+144    	; 0x1186 <__stack+0x87>
    10f6:	2f ef       	ldi	r18, 0xFF	; 255
    10f8:	e2 16       	cp	r14, r18
    10fa:	2f e7       	ldi	r18, 0x7F	; 127
    10fc:	f2 06       	cpc	r15, r18
    10fe:	09 f4       	brne	.+2      	; 0x1102 <__stack+0x3>
    1100:	42 c0       	rjmp	.+132    	; 0x1186 <__stack+0x87>
    1102:	8f ef       	ldi	r24, 0xFF	; 255
    1104:	c8 16       	cp	r12, r24
    1106:	8f e7       	ldi	r24, 0x7F	; 127
    1108:	d8 06       	cpc	r13, r24
    110a:	e9 f1       	breq	.+122    	; 0x1186 <__stack+0x87>
	UARTprintf("RING: R=%d, G=%d, B=%d, W=%d\r\n", RGBW.red, RGBW.green, RGBW.blue, RGBW.white);
	UARTprintf("IR: %d %%\r\n", IR_led_get_Current_DutyCyclesPercent());
	
	// Accel and Gyro
	Accel_Gyro_DataTypedef _accel_data = get_acceleration();
	Accel_Gyro_DataTypedef _gyro_data = get_gyroscope();
    110c:	a9 80       	ldd	r10, Y+1	; 0x01
    110e:	ba 80       	ldd	r11, Y+2	; 0x02
	if (_accel_data.x == 0x7FFF || _accel_data.y == 0x7FFF || _accel_data.z == 0x7FFF || _gyro_data.x == 0x7FFF || _gyro_data.y == 0x7FFF || _gyro_data.z == 0x7FFF)
    1110:	9f ef       	ldi	r25, 0xFF	; 255
    1112:	a9 16       	cp	r10, r25
    1114:	9f e7       	ldi	r25, 0x7F	; 127
    1116:	b9 06       	cpc	r11, r25
    1118:	b1 f1       	breq	.+108    	; 0x1186 <__stack+0x87>
	UARTprintf("RING: R=%d, G=%d, B=%d, W=%d\r\n", RGBW.red, RGBW.green, RGBW.blue, RGBW.white);
	UARTprintf("IR: %d %%\r\n", IR_led_get_Current_DutyCyclesPercent());
	
	// Accel and Gyro
	Accel_Gyro_DataTypedef _accel_data = get_acceleration();
	Accel_Gyro_DataTypedef _gyro_data = get_gyroscope();
    111a:	8b 80       	ldd	r8, Y+3	; 0x03
    111c:	9c 80       	ldd	r9, Y+4	; 0x04
	if (_accel_data.x == 0x7FFF || _accel_data.y == 0x7FFF || _accel_data.z == 0x7FFF || _gyro_data.x == 0x7FFF || _gyro_data.y == 0x7FFF || _gyro_data.z == 0x7FFF)
    111e:	2f ef       	ldi	r18, 0xFF	; 255
    1120:	82 16       	cp	r8, r18
    1122:	2f e7       	ldi	r18, 0x7F	; 127
    1124:	92 06       	cpc	r9, r18
    1126:	79 f1       	breq	.+94     	; 0x1186 <__stack+0x87>
	UARTprintf("RING: R=%d, G=%d, B=%d, W=%d\r\n", RGBW.red, RGBW.green, RGBW.blue, RGBW.white);
	UARTprintf("IR: %d %%\r\n", IR_led_get_Current_DutyCyclesPercent());
	
	// Accel and Gyro
	Accel_Gyro_DataTypedef _accel_data = get_acceleration();
	Accel_Gyro_DataTypedef _gyro_data = get_gyroscope();
    1128:	6d 80       	ldd	r6, Y+5	; 0x05
    112a:	7e 80       	ldd	r7, Y+6	; 0x06
	if (_accel_data.x == 0x7FFF || _accel_data.y == 0x7FFF || _accel_data.z == 0x7FFF || _gyro_data.x == 0x7FFF || _gyro_data.y == 0x7FFF || _gyro_data.z == 0x7FFF)
    112c:	8f ef       	ldi	r24, 0xFF	; 255
    112e:	68 16       	cp	r6, r24
    1130:	8f e7       	ldi	r24, 0x7F	; 127
    1132:	78 06       	cpc	r7, r24
    1134:	41 f1       	breq	.+80     	; 0x1186 <__stack+0x87>
		usart0_send_string("LSM6DSOX is fail\r\n");
	else
	{
		UARTprintf("Accel %i %i %i\r\n", _accel_data.x, _accel_data.y, _accel_data.z);
    1136:	df 92       	push	r13
    1138:	cf 92       	push	r12
    113a:	ff 92       	push	r15
    113c:	ef 92       	push	r14
    113e:	1f 93       	push	r17
    1140:	0f 93       	push	r16
    1142:	8b ee       	ldi	r24, 0xEB	; 235
    1144:	92 e0       	ldi	r25, 0x02	; 2
    1146:	9f 93       	push	r25
    1148:	8f 93       	push	r24
    114a:	0e 94 4b 20 	call	0x4096	; 0x4096 <UARTprintf>
		UARTprintf("Gyro %i %i %i\r\n", _gyro_data.x, _gyro_data.y, _gyro_data.z);
    114e:	7f 92       	push	r7
    1150:	6f 92       	push	r6
    1152:	9f 92       	push	r9
    1154:	8f 92       	push	r8
    1156:	bf 92       	push	r11
    1158:	af 92       	push	r10
    115a:	8c ef       	ldi	r24, 0xFC	; 252
    115c:	92 e0       	ldi	r25, 0x02	; 2
    115e:	9f 93       	push	r25
    1160:	8f 93       	push	r24
    1162:	0e 94 4b 20 	call	0x4096	; 0x4096 <UARTprintf>
    1166:	0f b6       	in	r0, 0x3f	; 63
    1168:	f8 94       	cli
    116a:	de bf       	out	0x3e, r29	; 62
    116c:	0f be       	out	0x3f, r0	; 63
    116e:	cd bf       	out	0x3d, r28	; 61
	}
	// Pressure
	int16_t press = get_pressure();
    1170:	0e 94 b3 12 	call	0x2566	; 0x2566 <get_pressure>
	if (press == 0x7FFF) usart0_send_string("BMP390 is fail\r\n");
    1174:	8f 3f       	cpi	r24, 0xFF	; 255
    1176:	2f e7       	ldi	r18, 0x7F	; 127
    1178:	92 07       	cpc	r25, r18
    117a:	79 f4       	brne	.+30     	; 0x119a <__stack+0x9b>
    117c:	87 e3       	ldi	r24, 0x37	; 55
    117e:	92 e0       	ldi	r25, 0x02	; 2
    1180:	0e 94 26 1b 	call	0x364c	; 0x364c <usart0_send_string>
    1184:	16 c0       	rjmp	.+44     	; 0x11b2 <__stack+0xb3>
	
	// Accel and Gyro
	Accel_Gyro_DataTypedef _accel_data = get_acceleration();
	Accel_Gyro_DataTypedef _gyro_data = get_gyroscope();
	if (_accel_data.x == 0x7FFF || _accel_data.y == 0x7FFF || _accel_data.z == 0x7FFF || _gyro_data.x == 0x7FFF || _gyro_data.y == 0x7FFF || _gyro_data.z == 0x7FFF)
		usart0_send_string("LSM6DSOX is fail\r\n");
    1186:	88 ed       	ldi	r24, 0xD8	; 216
    1188:	92 e0       	ldi	r25, 0x02	; 2
    118a:	0e 94 26 1b 	call	0x364c	; 0x364c <usart0_send_string>
	{
		UARTprintf("Accel %i %i %i\r\n", _accel_data.x, _accel_data.y, _accel_data.z);
		UARTprintf("Gyro %i %i %i\r\n", _gyro_data.x, _gyro_data.y, _gyro_data.z);
	}
	// Pressure
	int16_t press = get_pressure();
    118e:	0e 94 b3 12 	call	0x2566	; 0x2566 <get_pressure>
	if (press == 0x7FFF) usart0_send_string("BMP390 is fail\r\n");
    1192:	8f 3f       	cpi	r24, 0xFF	; 255
    1194:	2f e7       	ldi	r18, 0x7F	; 127
    1196:	92 07       	cpc	r25, r18
    1198:	89 f3       	breq	.-30     	; 0x117c <__stack+0x7d>
	else UARTprintf("Press: %i (10hPa)\r\n", press);
    119a:	9f 93       	push	r25
    119c:	8f 93       	push	r24
    119e:	8c e0       	ldi	r24, 0x0C	; 12
    11a0:	93 e0       	ldi	r25, 0x03	; 3
    11a2:	9f 93       	push	r25
    11a4:	8f 93       	push	r24
    11a6:	0e 94 4b 20 	call	0x4096	; 0x4096 <UARTprintf>
    11aa:	0f 90       	pop	r0
    11ac:	0f 90       	pop	r0
    11ae:	0f 90       	pop	r0
    11b0:	0f 90       	pop	r0
	
	return CMDLINE_OK;
}
    11b2:	80 e0       	ldi	r24, 0x00	; 0
    11b4:	90 e0       	ldi	r25, 0x00	; 0
    11b6:	2c 96       	adiw	r28, 0x0c	; 12
    11b8:	0f b6       	in	r0, 0x3f	; 63
    11ba:	f8 94       	cli
    11bc:	de bf       	out	0x3e, r29	; 62
    11be:	0f be       	out	0x3f, r0	; 63
    11c0:	cd bf       	out	0x3d, r28	; 61
    11c2:	df 91       	pop	r29
    11c4:	cf 91       	pop	r28
    11c6:	1f 91       	pop	r17
    11c8:	0f 91       	pop	r16
    11ca:	ff 90       	pop	r15
    11cc:	ef 90       	pop	r14
    11ce:	df 90       	pop	r13
    11d0:	cf 90       	pop	r12
    11d2:	bf 90       	pop	r11
    11d4:	af 90       	pop	r10
    11d6:	9f 90       	pop	r9
    11d8:	8f 90       	pop	r8
    11da:	7f 90       	pop	r7
    11dc:	6f 90       	pop	r6
    11de:	08 95       	ret

000011e0 <Cmd_set_temp>:
// Format: set_temp channel value
//
//*****************************************************************************
int
Cmd_set_temp(int argc, char *argv[]) 
{
    11e0:	0f 93       	push	r16
    11e2:	1f 93       	push	r17
    11e4:	cf 93       	push	r28
    11e6:	df 93       	push	r29
	if (argc < 3) return CMDLINE_TOO_FEW_ARGS;
    11e8:	83 30       	cpi	r24, 0x03	; 3
    11ea:	91 05       	cpc	r25, r1
    11ec:	3c f4       	brge	.+14     	; 0x11fc <Cmd_set_temp+0x1c>
    11ee:	83 e0       	ldi	r24, 0x03	; 3
    11f0:	90 e0       	ldi	r25, 0x00	; 0
	if (channel > 3 || channel < 0) return CMDLINE_INVALID_ARG;
	int16_t setpoint = atoi(argv[2]);
	temperature_set_point(setpoint, channel);
	UARTprintf("Setpoint[%d]:%i \r\n",channel, setpoint);
	return CMDLINE_OK;
}
    11f2:	df 91       	pop	r29
    11f4:	cf 91       	pop	r28
    11f6:	1f 91       	pop	r17
    11f8:	0f 91       	pop	r16
    11fa:	08 95       	ret
//*****************************************************************************
int
Cmd_set_temp(int argc, char *argv[]) 
{
	if (argc < 3) return CMDLINE_TOO_FEW_ARGS;
	if (argc >3) return CMDLINE_TOO_MANY_ARGS;
    11fc:	03 97       	sbiw	r24, 0x03	; 3
    11fe:	39 f0       	breq	.+14     	; 0x120e <Cmd_set_temp+0x2e>
    1200:	82 e0       	ldi	r24, 0x02	; 2
    1202:	90 e0       	ldi	r25, 0x00	; 0
	if (channel > 3 || channel < 0) return CMDLINE_INVALID_ARG;
	int16_t setpoint = atoi(argv[2]);
	temperature_set_point(setpoint, channel);
	UARTprintf("Setpoint[%d]:%i \r\n",channel, setpoint);
	return CMDLINE_OK;
}
    1204:	df 91       	pop	r29
    1206:	cf 91       	pop	r28
    1208:	1f 91       	pop	r17
    120a:	0f 91       	pop	r16
    120c:	08 95       	ret
    120e:	eb 01       	movw	r28, r22
int
Cmd_set_temp(int argc, char *argv[]) 
{
	if (argc < 3) return CMDLINE_TOO_FEW_ARGS;
	if (argc >3) return CMDLINE_TOO_MANY_ARGS;
	uint8_t channel = atoi(argv[1]);
    1210:	8a 81       	ldd	r24, Y+2	; 0x02
    1212:	9b 81       	ldd	r25, Y+3	; 0x03
    1214:	0e 94 b8 33 	call	0x6770	; 0x6770 <atoi>
    1218:	8c 01       	movw	r16, r24
	if (channel > 3 || channel < 0) return CMDLINE_INVALID_ARG;
    121a:	84 30       	cpi	r24, 0x04	; 4
    121c:	18 f0       	brcs	.+6      	; 0x1224 <Cmd_set_temp+0x44>
    121e:	84 e0       	ldi	r24, 0x04	; 4
    1220:	90 e0       	ldi	r25, 0x00	; 0
    1222:	e7 cf       	rjmp	.-50     	; 0x11f2 <Cmd_set_temp+0x12>
	int16_t setpoint = atoi(argv[2]);
    1224:	8c 81       	ldd	r24, Y+4	; 0x04
    1226:	9d 81       	ldd	r25, Y+5	; 0x05
    1228:	0e 94 b8 33 	call	0x6770	; 0x6770 <atoi>
    122c:	ec 01       	movw	r28, r24
	temperature_set_point(setpoint, channel);
    122e:	60 2f       	mov	r22, r16
    1230:	0e 94 32 15 	call	0x2a64	; 0x2a64 <temperature_set_point>
	UARTprintf("Setpoint[%d]:%i \r\n",channel, setpoint);
    1234:	df 93       	push	r29
    1236:	cf 93       	push	r28
    1238:	11 27       	eor	r17, r17
    123a:	1f 93       	push	r17
    123c:	0f 93       	push	r16
    123e:	80 e2       	ldi	r24, 0x20	; 32
    1240:	93 e0       	ldi	r25, 0x03	; 3
    1242:	9f 93       	push	r25
    1244:	8f 93       	push	r24
    1246:	0e 94 4b 20 	call	0x4096	; 0x4096 <UARTprintf>
    124a:	0f 90       	pop	r0
    124c:	0f 90       	pop	r0
    124e:	0f 90       	pop	r0
    1250:	0f 90       	pop	r0
    1252:	0f 90       	pop	r0
    1254:	0f 90       	pop	r0
	return CMDLINE_OK;
    1256:	80 e0       	ldi	r24, 0x00	; 0
    1258:	90 e0       	ldi	r25, 0x00	; 0
    125a:	cb cf       	rjmp	.-106    	; 0x11f2 <Cmd_set_temp+0x12>

0000125c <Cmd_tec_set_auto_voltage>:
// Format: tec_set_auto_voltage channel auto_voltage
//
//*****************************************************************************
int
Cmd_tec_set_auto_voltage(int argc, char *argv[]) 
{
    125c:	0f 93       	push	r16
    125e:	1f 93       	push	r17
    1260:	cf 93       	push	r28
    1262:	df 93       	push	r29
	if (argc < 3) return CMDLINE_TOO_FEW_ARGS;
    1264:	83 30       	cpi	r24, 0x03	; 3
    1266:	91 05       	cpc	r25, r1
    1268:	3c f4       	brge	.+14     	; 0x1278 <Cmd_tec_set_auto_voltage+0x1c>
    126a:	83 e0       	ldi	r24, 0x03	; 3
    126c:	90 e0       	ldi	r25, 0x00	; 0
	if (channel > 3) return CMDLINE_INVALID_ARG;
	uint16_t voltage = atoi(argv[2]);
	temperature_set_auto_voltage(channel, voltage);
	UARTprintf("Channel %d auto vol: %d \r\n",channel, voltage);
	return CMDLINE_OK;
}
    126e:	df 91       	pop	r29
    1270:	cf 91       	pop	r28
    1272:	1f 91       	pop	r17
    1274:	0f 91       	pop	r16
    1276:	08 95       	ret
//*****************************************************************************
int
Cmd_tec_set_auto_voltage(int argc, char *argv[]) 
{
	if (argc < 3) return CMDLINE_TOO_FEW_ARGS;
	if (argc >3) return CMDLINE_TOO_MANY_ARGS;
    1278:	03 97       	sbiw	r24, 0x03	; 3
    127a:	39 f0       	breq	.+14     	; 0x128a <Cmd_tec_set_auto_voltage+0x2e>
    127c:	82 e0       	ldi	r24, 0x02	; 2
    127e:	90 e0       	ldi	r25, 0x00	; 0
	if (channel > 3) return CMDLINE_INVALID_ARG;
	uint16_t voltage = atoi(argv[2]);
	temperature_set_auto_voltage(channel, voltage);
	UARTprintf("Channel %d auto vol: %d \r\n",channel, voltage);
	return CMDLINE_OK;
}
    1280:	df 91       	pop	r29
    1282:	cf 91       	pop	r28
    1284:	1f 91       	pop	r17
    1286:	0f 91       	pop	r16
    1288:	08 95       	ret
    128a:	eb 01       	movw	r28, r22
int
Cmd_tec_set_auto_voltage(int argc, char *argv[]) 
{
	if (argc < 3) return CMDLINE_TOO_FEW_ARGS;
	if (argc >3) return CMDLINE_TOO_MANY_ARGS;
	uint8_t channel = atoi(argv[1]);
    128c:	8a 81       	ldd	r24, Y+2	; 0x02
    128e:	9b 81       	ldd	r25, Y+3	; 0x03
    1290:	0e 94 b8 33 	call	0x6770	; 0x6770 <atoi>
    1294:	8c 01       	movw	r16, r24
	if (channel > 3) return CMDLINE_INVALID_ARG;
    1296:	84 30       	cpi	r24, 0x04	; 4
    1298:	18 f0       	brcs	.+6      	; 0x12a0 <Cmd_tec_set_auto_voltage+0x44>
    129a:	84 e0       	ldi	r24, 0x04	; 4
    129c:	90 e0       	ldi	r25, 0x00	; 0
    129e:	e7 cf       	rjmp	.-50     	; 0x126e <Cmd_tec_set_auto_voltage+0x12>
	uint16_t voltage = atoi(argv[2]);
    12a0:	8c 81       	ldd	r24, Y+4	; 0x04
    12a2:	9d 81       	ldd	r25, Y+5	; 0x05
    12a4:	0e 94 b8 33 	call	0x6770	; 0x6770 <atoi>
    12a8:	ec 01       	movw	r28, r24
	temperature_set_auto_voltage(channel, voltage);
    12aa:	bc 01       	movw	r22, r24
    12ac:	80 2f       	mov	r24, r16
    12ae:	0e 94 03 16 	call	0x2c06	; 0x2c06 <temperature_set_auto_voltage>
	UARTprintf("Channel %d auto vol: %d \r\n",channel, voltage);
    12b2:	df 93       	push	r29
    12b4:	cf 93       	push	r28
    12b6:	11 27       	eor	r17, r17
    12b8:	1f 93       	push	r17
    12ba:	0f 93       	push	r16
    12bc:	83 e3       	ldi	r24, 0x33	; 51
    12be:	93 e0       	ldi	r25, 0x03	; 3
    12c0:	9f 93       	push	r25
    12c2:	8f 93       	push	r24
    12c4:	0e 94 4b 20 	call	0x4096	; 0x4096 <UARTprintf>
    12c8:	0f 90       	pop	r0
    12ca:	0f 90       	pop	r0
    12cc:	0f 90       	pop	r0
    12ce:	0f 90       	pop	r0
    12d0:	0f 90       	pop	r0
    12d2:	0f 90       	pop	r0
	return CMDLINE_OK;
    12d4:	80 e0       	ldi	r24, 0x00	; 0
    12d6:	90 e0       	ldi	r25, 0x00	; 0
    12d8:	ca cf       	rjmp	.-108    	; 0x126e <Cmd_tec_set_auto_voltage+0x12>

000012da <Cmd_TEC_enable>:
// Format: TEC_ena channel 
//
//*****************************************************************************
int
Cmd_TEC_enable(int argc, char *argv[])
{
    12da:	0f 93       	push	r16
    12dc:	1f 93       	push	r17
    12de:	cf 93       	push	r28
    12e0:	df 93       	push	r29
	if (argc < 2) return CMDLINE_TOO_FEW_ARGS;
    12e2:	82 30       	cpi	r24, 0x02	; 2
    12e4:	91 05       	cpc	r25, r1
    12e6:	54 f0       	brlt	.+20     	; 0x12fc <Cmd_TEC_enable+0x22>
	if (argc >2) return CMDLINE_TOO_MANY_ARGS;
    12e8:	02 97       	sbiw	r24, 0x02	; 2
    12ea:	81 f0       	breq	.+32     	; 0x130c <Cmd_TEC_enable+0x32>
    12ec:	c2 e0       	ldi	r28, 0x02	; 2
    12ee:	d0 e0       	ldi	r29, 0x00	; 0
	}
	uint8_t channel = atoi(argv[1]);
	if (channel > 3) return CMDLINE_INVALID_ARG;
	temperature_enable_TEC(channel);
	return CMDLINE_OK;
}
    12f0:	ce 01       	movw	r24, r28
    12f2:	df 91       	pop	r29
    12f4:	cf 91       	pop	r28
    12f6:	1f 91       	pop	r17
    12f8:	0f 91       	pop	r16
    12fa:	08 95       	ret
//
//*****************************************************************************
int
Cmd_TEC_enable(int argc, char *argv[])
{
	if (argc < 2) return CMDLINE_TOO_FEW_ARGS;
    12fc:	c3 e0       	ldi	r28, 0x03	; 3
    12fe:	d0 e0       	ldi	r29, 0x00	; 0
	}
	uint8_t channel = atoi(argv[1]);
	if (channel > 3) return CMDLINE_INVALID_ARG;
	temperature_enable_TEC(channel);
	return CMDLINE_OK;
}
    1300:	ce 01       	movw	r24, r28
    1302:	df 91       	pop	r29
    1304:	cf 91       	pop	r28
    1306:	1f 91       	pop	r17
    1308:	0f 91       	pop	r16
    130a:	08 95       	ret
    130c:	fb 01       	movw	r30, r22
int
Cmd_TEC_enable(int argc, char *argv[])
{
	if (argc < 2) return CMDLINE_TOO_FEW_ARGS;
	if (argc >2) return CMDLINE_TOO_MANY_ARGS;
	if (!strcmp(argv[1], "a"))
    130e:	02 81       	ldd	r16, Z+2	; 0x02
    1310:	13 81       	ldd	r17, Z+3	; 0x03
    1312:	6a ea       	ldi	r22, 0xAA	; 170
    1314:	74 e0       	ldi	r23, 0x04	; 4
    1316:	c8 01       	movw	r24, r16
    1318:	0e 94 b9 34 	call	0x6972	; 0x6972 <strcmp>
    131c:	ec 01       	movw	r28, r24
    131e:	89 2b       	or	r24, r25
    1320:	a9 f4       	brne	.+42     	; 0x134c <Cmd_TEC_enable+0x72>
	{
		for (uint8_t udx=0; udx < 4; udx++)	 temperature_enable_TEC(udx);
    1322:	80 e0       	ldi	r24, 0x00	; 0
    1324:	0e 94 52 15 	call	0x2aa4	; 0x2aa4 <temperature_enable_TEC>
    1328:	81 e0       	ldi	r24, 0x01	; 1
    132a:	0e 94 52 15 	call	0x2aa4	; 0x2aa4 <temperature_enable_TEC>
    132e:	82 e0       	ldi	r24, 0x02	; 2
    1330:	0e 94 52 15 	call	0x2aa4	; 0x2aa4 <temperature_enable_TEC>
    1334:	83 e0       	ldi	r24, 0x03	; 3
    1336:	0e 94 52 15 	call	0x2aa4	; 0x2aa4 <temperature_enable_TEC>
		UARTprintf("enabled all channel\r\n");
    133a:	8e e4       	ldi	r24, 0x4E	; 78
    133c:	93 e0       	ldi	r25, 0x03	; 3
    133e:	9f 93       	push	r25
    1340:	8f 93       	push	r24
    1342:	0e 94 4b 20 	call	0x4096	; 0x4096 <UARTprintf>
    1346:	0f 90       	pop	r0
    1348:	0f 90       	pop	r0
    134a:	d2 cf       	rjmp	.-92     	; 0x12f0 <Cmd_TEC_enable+0x16>
		return CMDLINE_OK;
	}
	uint8_t channel = atoi(argv[1]);
    134c:	c8 01       	movw	r24, r16
    134e:	0e 94 b8 33 	call	0x6770	; 0x6770 <atoi>
	if (channel > 3) return CMDLINE_INVALID_ARG;
    1352:	84 30       	cpi	r24, 0x04	; 4
    1354:	18 f0       	brcs	.+6      	; 0x135c <Cmd_TEC_enable+0x82>
    1356:	c4 e0       	ldi	r28, 0x04	; 4
    1358:	d0 e0       	ldi	r29, 0x00	; 0
    135a:	ca cf       	rjmp	.-108    	; 0x12f0 <Cmd_TEC_enable+0x16>
	temperature_enable_TEC(channel);
    135c:	0e 94 52 15 	call	0x2aa4	; 0x2aa4 <temperature_enable_TEC>
	return CMDLINE_OK;
    1360:	c0 e0       	ldi	r28, 0x00	; 0
    1362:	d0 e0       	ldi	r29, 0x00	; 0
    1364:	c5 cf       	rjmp	.-118    	; 0x12f0 <Cmd_TEC_enable+0x16>

00001366 <Cmd_TEC_disable>:
// Format: TEC_dis channel 
//
//*****************************************************************************
int
Cmd_TEC_disable(int argc, char *argv[])
{
    1366:	0f 93       	push	r16
    1368:	1f 93       	push	r17
    136a:	cf 93       	push	r28
    136c:	df 93       	push	r29
	if (argc < 2) return CMDLINE_TOO_FEW_ARGS;
    136e:	82 30       	cpi	r24, 0x02	; 2
    1370:	91 05       	cpc	r25, r1
    1372:	54 f0       	brlt	.+20     	; 0x1388 <Cmd_TEC_disable+0x22>
	if (argc >2) return CMDLINE_TOO_MANY_ARGS;
    1374:	02 97       	sbiw	r24, 0x02	; 2
    1376:	81 f0       	breq	.+32     	; 0x1398 <Cmd_TEC_disable+0x32>
    1378:	c2 e0       	ldi	r28, 0x02	; 2
    137a:	d0 e0       	ldi	r29, 0x00	; 0
	}
	uint8_t channel = atoi(argv[1]);
	if (channel > 3) return CMDLINE_INVALID_ARG;
	temperature_disable_TEC(channel);
	return CMDLINE_OK;
}
    137c:	ce 01       	movw	r24, r28
    137e:	df 91       	pop	r29
    1380:	cf 91       	pop	r28
    1382:	1f 91       	pop	r17
    1384:	0f 91       	pop	r16
    1386:	08 95       	ret
//
//*****************************************************************************
int
Cmd_TEC_disable(int argc, char *argv[])
{
	if (argc < 2) return CMDLINE_TOO_FEW_ARGS;
    1388:	c3 e0       	ldi	r28, 0x03	; 3
    138a:	d0 e0       	ldi	r29, 0x00	; 0
	}
	uint8_t channel = atoi(argv[1]);
	if (channel > 3) return CMDLINE_INVALID_ARG;
	temperature_disable_TEC(channel);
	return CMDLINE_OK;
}
    138c:	ce 01       	movw	r24, r28
    138e:	df 91       	pop	r29
    1390:	cf 91       	pop	r28
    1392:	1f 91       	pop	r17
    1394:	0f 91       	pop	r16
    1396:	08 95       	ret
    1398:	fb 01       	movw	r30, r22
int
Cmd_TEC_disable(int argc, char *argv[])
{
	if (argc < 2) return CMDLINE_TOO_FEW_ARGS;
	if (argc >2) return CMDLINE_TOO_MANY_ARGS;
	if (!strcmp(argv[1], "a"))
    139a:	02 81       	ldd	r16, Z+2	; 0x02
    139c:	13 81       	ldd	r17, Z+3	; 0x03
    139e:	6a ea       	ldi	r22, 0xAA	; 170
    13a0:	74 e0       	ldi	r23, 0x04	; 4
    13a2:	c8 01       	movw	r24, r16
    13a4:	0e 94 b9 34 	call	0x6972	; 0x6972 <strcmp>
    13a8:	ec 01       	movw	r28, r24
    13aa:	89 2b       	or	r24, r25
    13ac:	a9 f4       	brne	.+42     	; 0x13d8 <Cmd_TEC_disable+0x72>
	{
		for (uint8_t udx=0; udx < 4; udx++)	 temperature_disable_TEC(udx);
    13ae:	80 e0       	ldi	r24, 0x00	; 0
    13b0:	0e 94 64 15 	call	0x2ac8	; 0x2ac8 <temperature_disable_TEC>
    13b4:	81 e0       	ldi	r24, 0x01	; 1
    13b6:	0e 94 64 15 	call	0x2ac8	; 0x2ac8 <temperature_disable_TEC>
    13ba:	82 e0       	ldi	r24, 0x02	; 2
    13bc:	0e 94 64 15 	call	0x2ac8	; 0x2ac8 <temperature_disable_TEC>
    13c0:	83 e0       	ldi	r24, 0x03	; 3
    13c2:	0e 94 64 15 	call	0x2ac8	; 0x2ac8 <temperature_disable_TEC>
		UARTprintf("disabled all channel\r\n");
    13c6:	84 e6       	ldi	r24, 0x64	; 100
    13c8:	93 e0       	ldi	r25, 0x03	; 3
    13ca:	9f 93       	push	r25
    13cc:	8f 93       	push	r24
    13ce:	0e 94 4b 20 	call	0x4096	; 0x4096 <UARTprintf>
    13d2:	0f 90       	pop	r0
    13d4:	0f 90       	pop	r0
    13d6:	d2 cf       	rjmp	.-92     	; 0x137c <Cmd_TEC_disable+0x16>
		return CMDLINE_OK;
	}
	uint8_t channel = atoi(argv[1]);
    13d8:	c8 01       	movw	r24, r16
    13da:	0e 94 b8 33 	call	0x6770	; 0x6770 <atoi>
	if (channel > 3) return CMDLINE_INVALID_ARG;
    13de:	84 30       	cpi	r24, 0x04	; 4
    13e0:	18 f0       	brcs	.+6      	; 0x13e8 <Cmd_TEC_disable+0x82>
    13e2:	c4 e0       	ldi	r28, 0x04	; 4
    13e4:	d0 e0       	ldi	r29, 0x00	; 0
    13e6:	ca cf       	rjmp	.-108    	; 0x137c <Cmd_TEC_disable+0x16>
	temperature_disable_TEC(channel);
    13e8:	0e 94 64 15 	call	0x2ac8	; 0x2ac8 <temperature_disable_TEC>
	return CMDLINE_OK;
    13ec:	c0 e0       	ldi	r28, 0x00	; 0
    13ee:	d0 e0       	ldi	r29, 0x00	; 0
    13f0:	c5 cf       	rjmp	.-118    	; 0x137c <Cmd_TEC_disable+0x16>

000013f2 <Cmd_TEC_enable_auto_control>:
//
//*****************************************************************************
int
Cmd_TEC_enable_auto_control(int argc, char *argv[])
{
	if (argc < 2) return CMDLINE_TOO_FEW_ARGS;
    13f2:	82 30       	cpi	r24, 0x02	; 2
    13f4:	91 05       	cpc	r25, r1
    13f6:	2c f0       	brlt	.+10     	; 0x1402 <Cmd_TEC_enable_auto_control+0x10>
	if (argc >2) return CMDLINE_TOO_MANY_ARGS;
    13f8:	02 97       	sbiw	r24, 0x02	; 2
    13fa:	31 f0       	breq	.+12     	; 0x1408 <Cmd_TEC_enable_auto_control+0x16>
    13fc:	82 e0       	ldi	r24, 0x02	; 2
    13fe:	90 e0       	ldi	r25, 0x00	; 0
    1400:	08 95       	ret
//
//*****************************************************************************
int
Cmd_TEC_enable_auto_control(int argc, char *argv[])
{
	if (argc < 2) return CMDLINE_TOO_FEW_ARGS;
    1402:	83 e0       	ldi	r24, 0x03	; 3
    1404:	90 e0       	ldi	r25, 0x00	; 0
    1406:	08 95       	ret
    1408:	fb 01       	movw	r30, r22
	if (argc >2) return CMDLINE_TOO_MANY_ARGS;
	uint8_t channel = atoi(argv[1]);
    140a:	82 81       	ldd	r24, Z+2	; 0x02
    140c:	93 81       	ldd	r25, Z+3	; 0x03
    140e:	0e 94 b8 33 	call	0x6770	; 0x6770 <atoi>
	if (channel > 3)	return CMDLINE_INVALID_ARG;
    1412:	84 30       	cpi	r24, 0x04	; 4
    1414:	18 f0       	brcs	.+6      	; 0x141c <Cmd_TEC_enable_auto_control+0x2a>
    1416:	84 e0       	ldi	r24, 0x04	; 4
    1418:	90 e0       	ldi	r25, 0x00	; 0
	temperature_enable_auto_control_TEC(channel);
	return CMDLINE_OK;
}
    141a:	08 95       	ret
{
	if (argc < 2) return CMDLINE_TOO_FEW_ARGS;
	if (argc >2) return CMDLINE_TOO_MANY_ARGS;
	uint8_t channel = atoi(argv[1]);
	if (channel > 3)	return CMDLINE_INVALID_ARG;
	temperature_enable_auto_control_TEC(channel);
    141c:	0e 94 c0 15 	call	0x2b80	; 0x2b80 <temperature_enable_auto_control_TEC>
	return CMDLINE_OK;
    1420:	80 e0       	ldi	r24, 0x00	; 0
    1422:	90 e0       	ldi	r25, 0x00	; 0
    1424:	08 95       	ret

00001426 <Cmd_TEC_disable_auto_control>:
//
//*****************************************************************************
int
Cmd_TEC_disable_auto_control(int argc, char *argv[])
{
	if (argc < 2) return CMDLINE_TOO_FEW_ARGS;
    1426:	82 30       	cpi	r24, 0x02	; 2
    1428:	91 05       	cpc	r25, r1
    142a:	2c f0       	brlt	.+10     	; 0x1436 <Cmd_TEC_disable_auto_control+0x10>
	if (argc >2) return CMDLINE_TOO_MANY_ARGS;
    142c:	02 97       	sbiw	r24, 0x02	; 2
    142e:	31 f0       	breq	.+12     	; 0x143c <Cmd_TEC_disable_auto_control+0x16>
    1430:	82 e0       	ldi	r24, 0x02	; 2
    1432:	90 e0       	ldi	r25, 0x00	; 0
    1434:	08 95       	ret
//
//*****************************************************************************
int
Cmd_TEC_disable_auto_control(int argc, char *argv[])
{
	if (argc < 2) return CMDLINE_TOO_FEW_ARGS;
    1436:	83 e0       	ldi	r24, 0x03	; 3
    1438:	90 e0       	ldi	r25, 0x00	; 0
    143a:	08 95       	ret
    143c:	fb 01       	movw	r30, r22
	if (argc >2) return CMDLINE_TOO_MANY_ARGS;
	uint8_t channel = atoi(argv[1]);
    143e:	82 81       	ldd	r24, Z+2	; 0x02
    1440:	93 81       	ldd	r25, Z+3	; 0x03
    1442:	0e 94 b8 33 	call	0x6770	; 0x6770 <atoi>
	if (channel > 3)	return CMDLINE_INVALID_ARG;
    1446:	84 30       	cpi	r24, 0x04	; 4
    1448:	18 f0       	brcs	.+6      	; 0x1450 <Cmd_TEC_disable_auto_control+0x2a>
    144a:	84 e0       	ldi	r24, 0x04	; 4
    144c:	90 e0       	ldi	r25, 0x00	; 0
	temperature_disable_auto_control_TEC(channel);
	return CMDLINE_OK;
}
    144e:	08 95       	ret
{
	if (argc < 2) return CMDLINE_TOO_FEW_ARGS;
	if (argc >2) return CMDLINE_TOO_MANY_ARGS;
	uint8_t channel = atoi(argv[1]);
	if (channel > 3)	return CMDLINE_INVALID_ARG;
	temperature_disable_auto_control_TEC(channel);
    1450:	0e 94 77 15 	call	0x2aee	; 0x2aee <temperature_disable_auto_control_TEC>
	return CMDLINE_OK;
    1454:	80 e0       	ldi	r24, 0x00	; 0
    1456:	90 e0       	ldi	r25, 0x00	; 0
    1458:	08 95       	ret

0000145a <Cmd_TEC_set_output>:
//
//*****************************************************************************

int
Cmd_TEC_set_output(int argc, char *argv[])
{
    145a:	0f 93       	push	r16
    145c:	1f 93       	push	r17
    145e:	cf 93       	push	r28
    1460:	df 93       	push	r29
	if (argc < 4) return CMDLINE_TOO_FEW_ARGS;
    1462:	84 30       	cpi	r24, 0x04	; 4
    1464:	91 05       	cpc	r25, r1
    1466:	3c f4       	brge	.+14     	; 0x1476 <Cmd_TEC_set_output+0x1c>
    1468:	83 e0       	ldi	r24, 0x03	; 3
    146a:	90 e0       	ldi	r25, 0x00	; 0
	uint8_t _channel = atoi(argv[1]);
	uint16_t	_voltage = atoi(argv[3]);
	if (_channel >=4 )	return CMDLINE_INVALID_ARG;
	temperature_set_TEC_output(_channel, _heatCool, _voltage);
	return CMDLINE_OK;
}
    146c:	df 91       	pop	r29
    146e:	cf 91       	pop	r28
    1470:	1f 91       	pop	r17
    1472:	0f 91       	pop	r16
    1474:	08 95       	ret

int
Cmd_TEC_set_output(int argc, char *argv[])
{
	if (argc < 4) return CMDLINE_TOO_FEW_ARGS;
	if (argc >4) return CMDLINE_TOO_MANY_ARGS;
    1476:	04 97       	sbiw	r24, 0x04	; 4
    1478:	39 f0       	breq	.+14     	; 0x1488 <Cmd_TEC_set_output+0x2e>
    147a:	82 e0       	ldi	r24, 0x02	; 2
    147c:	90 e0       	ldi	r25, 0x00	; 0
	uint8_t _channel = atoi(argv[1]);
	uint16_t	_voltage = atoi(argv[3]);
	if (_channel >=4 )	return CMDLINE_INVALID_ARG;
	temperature_set_TEC_output(_channel, _heatCool, _voltage);
	return CMDLINE_OK;
}
    147e:	df 91       	pop	r29
    1480:	cf 91       	pop	r28
    1482:	1f 91       	pop	r17
    1484:	0f 91       	pop	r16
    1486:	08 95       	ret
    1488:	eb 01       	movw	r28, r22
int
Cmd_TEC_set_output(int argc, char *argv[])
{
	if (argc < 4) return CMDLINE_TOO_FEW_ARGS;
	if (argc >4) return CMDLINE_TOO_MANY_ARGS;
	uint8_t _heatCool = atoi(argv[2]);
    148a:	8c 81       	ldd	r24, Y+4	; 0x04
    148c:	9d 81       	ldd	r25, Y+5	; 0x05
    148e:	0e 94 b8 33 	call	0x6770	; 0x6770 <atoi>
    1492:	08 2f       	mov	r16, r24
	uint8_t _channel = atoi(argv[1]);
    1494:	8a 81       	ldd	r24, Y+2	; 0x02
    1496:	9b 81       	ldd	r25, Y+3	; 0x03
    1498:	0e 94 b8 33 	call	0x6770	; 0x6770 <atoi>
    149c:	18 2f       	mov	r17, r24
	uint16_t	_voltage = atoi(argv[3]);
    149e:	8e 81       	ldd	r24, Y+6	; 0x06
    14a0:	9f 81       	ldd	r25, Y+7	; 0x07
    14a2:	0e 94 b8 33 	call	0x6770	; 0x6770 <atoi>
	if (_channel >=4 )	return CMDLINE_INVALID_ARG;
    14a6:	14 30       	cpi	r17, 0x04	; 4
    14a8:	18 f0       	brcs	.+6      	; 0x14b0 <Cmd_TEC_set_output+0x56>
    14aa:	84 e0       	ldi	r24, 0x04	; 4
    14ac:	90 e0       	ldi	r25, 0x00	; 0
    14ae:	de cf       	rjmp	.-68     	; 0x146c <Cmd_TEC_set_output+0x12>
	temperature_set_TEC_output(_channel, _heatCool, _voltage);
    14b0:	ac 01       	movw	r20, r24
    14b2:	60 2f       	mov	r22, r16
    14b4:	81 2f       	mov	r24, r17
    14b6:	0e 94 8b 15 	call	0x2b16	; 0x2b16 <temperature_set_TEC_output>
	return CMDLINE_OK;
    14ba:	80 e0       	ldi	r24, 0x00	; 0
    14bc:	90 e0       	ldi	r25, 0x00	; 0
    14be:	d6 cf       	rjmp	.-84     	; 0x146c <Cmd_TEC_set_output+0x12>

000014c0 <Cmd_get_temp_setpoint>:
}

int
Cmd_get_temp_setpoint(int argc, char *argv[])
{
    14c0:	cf 93       	push	r28
    14c2:	df 93       	push	r29
	if (argc < 2) return CMDLINE_TOO_FEW_ARGS;
    14c4:	82 30       	cpi	r24, 0x02	; 2
    14c6:	91 05       	cpc	r25, r1
    14c8:	3c f0       	brlt	.+14     	; 0x14d8 <Cmd_get_temp_setpoint+0x18>
	if (argc >2) return CMDLINE_TOO_MANY_ARGS;
    14ca:	02 97       	sbiw	r24, 0x02	; 2
    14cc:	51 f0       	breq	.+20     	; 0x14e2 <Cmd_get_temp_setpoint+0x22>
    14ce:	82 e0       	ldi	r24, 0x02	; 2
    14d0:	90 e0       	ldi	r25, 0x00	; 0
	uint8_t _channel = atoi(argv[1]);
	if (_channel > 3)	return CMDLINE_INVALID_ARG;
	int16_t _setpoint = temperature_get_setpoint(_channel);
	UARTprintf("Setpoint[%d]:%i \r\n", _channel, _setpoint);
	return CMDLINE_OK;
}
    14d2:	df 91       	pop	r29
    14d4:	cf 91       	pop	r28
    14d6:	08 95       	ret
}

int
Cmd_get_temp_setpoint(int argc, char *argv[])
{
	if (argc < 2) return CMDLINE_TOO_FEW_ARGS;
    14d8:	83 e0       	ldi	r24, 0x03	; 3
    14da:	90 e0       	ldi	r25, 0x00	; 0
	uint8_t _channel = atoi(argv[1]);
	if (_channel > 3)	return CMDLINE_INVALID_ARG;
	int16_t _setpoint = temperature_get_setpoint(_channel);
	UARTprintf("Setpoint[%d]:%i \r\n", _channel, _setpoint);
	return CMDLINE_OK;
}
    14dc:	df 91       	pop	r29
    14de:	cf 91       	pop	r28
    14e0:	08 95       	ret
    14e2:	fb 01       	movw	r30, r22
int
Cmd_get_temp_setpoint(int argc, char *argv[])
{
	if (argc < 2) return CMDLINE_TOO_FEW_ARGS;
	if (argc >2) return CMDLINE_TOO_MANY_ARGS;
	uint8_t _channel = atoi(argv[1]);
    14e4:	82 81       	ldd	r24, Z+2	; 0x02
    14e6:	93 81       	ldd	r25, Z+3	; 0x03
    14e8:	0e 94 b8 33 	call	0x6770	; 0x6770 <atoi>
    14ec:	ec 01       	movw	r28, r24
	if (_channel > 3)	return CMDLINE_INVALID_ARG;
    14ee:	84 30       	cpi	r24, 0x04	; 4
    14f0:	28 f0       	brcs	.+10     	; 0x14fc <Cmd_get_temp_setpoint+0x3c>
    14f2:	84 e0       	ldi	r24, 0x04	; 4
    14f4:	90 e0       	ldi	r25, 0x00	; 0
	int16_t _setpoint = temperature_get_setpoint(_channel);
	UARTprintf("Setpoint[%d]:%i \r\n", _channel, _setpoint);
	return CMDLINE_OK;
}
    14f6:	df 91       	pop	r29
    14f8:	cf 91       	pop	r28
    14fa:	08 95       	ret
{
	if (argc < 2) return CMDLINE_TOO_FEW_ARGS;
	if (argc >2) return CMDLINE_TOO_MANY_ARGS;
	uint8_t _channel = atoi(argv[1]);
	if (_channel > 3)	return CMDLINE_INVALID_ARG;
	int16_t _setpoint = temperature_get_setpoint(_channel);
    14fc:	0e 94 f1 15 	call	0x2be2	; 0x2be2 <temperature_get_setpoint>
	UARTprintf("Setpoint[%d]:%i \r\n", _channel, _setpoint);
    1500:	9f 93       	push	r25
    1502:	8f 93       	push	r24
    1504:	dd 27       	eor	r29, r29
    1506:	df 93       	push	r29
    1508:	cf 93       	push	r28
    150a:	80 e2       	ldi	r24, 0x20	; 32
    150c:	93 e0       	ldi	r25, 0x03	; 3
    150e:	9f 93       	push	r25
    1510:	8f 93       	push	r24
    1512:	0e 94 4b 20 	call	0x4096	; 0x4096 <UARTprintf>
    1516:	0f 90       	pop	r0
    1518:	0f 90       	pop	r0
    151a:	0f 90       	pop	r0
    151c:	0f 90       	pop	r0
    151e:	0f 90       	pop	r0
    1520:	0f 90       	pop	r0
	return CMDLINE_OK;
    1522:	80 e0       	ldi	r24, 0x00	; 0
    1524:	90 e0       	ldi	r25, 0x00	; 0
    1526:	d5 cf       	rjmp	.-86     	; 0x14d2 <Cmd_get_temp_setpoint+0x12>

00001528 <Cmd_ringled_set_rgbw>:
}

int
Cmd_ringled_set_rgbw(int argc, char *argv[])
{
    1528:	ff 92       	push	r15
    152a:	0f 93       	push	r16
    152c:	1f 93       	push	r17
    152e:	cf 93       	push	r28
    1530:	df 93       	push	r29
	if (argc < 5) return CMDLINE_TOO_FEW_ARGS;
    1532:	85 30       	cpi	r24, 0x05	; 5
    1534:	91 05       	cpc	r25, r1
    1536:	44 f4       	brge	.+16     	; 0x1548 <Cmd_ringled_set_rgbw+0x20>
    1538:	83 e0       	ldi	r24, 0x03	; 3
    153a:	90 e0       	ldi	r25, 0x00	; 0
	uint8_t _green = atoi(argv[2]);
	uint8_t _blue = atoi(argv[3]);
	uint8_t _white = atoi(argv[4]);
	ringled_set_RGBW(_red, _green, _blue, _white);
	return CMDLINE_OK;
}
    153c:	df 91       	pop	r29
    153e:	cf 91       	pop	r28
    1540:	1f 91       	pop	r17
    1542:	0f 91       	pop	r16
    1544:	ff 90       	pop	r15
    1546:	08 95       	ret

int
Cmd_ringled_set_rgbw(int argc, char *argv[])
{
	if (argc < 5) return CMDLINE_TOO_FEW_ARGS;
	if (argc > 5) return CMDLINE_TOO_MANY_ARGS;
    1548:	05 97       	sbiw	r24, 0x05	; 5
    154a:	41 f0       	breq	.+16     	; 0x155c <Cmd_ringled_set_rgbw+0x34>
    154c:	82 e0       	ldi	r24, 0x02	; 2
    154e:	90 e0       	ldi	r25, 0x00	; 0
	uint8_t _green = atoi(argv[2]);
	uint8_t _blue = atoi(argv[3]);
	uint8_t _white = atoi(argv[4]);
	ringled_set_RGBW(_red, _green, _blue, _white);
	return CMDLINE_OK;
}
    1550:	df 91       	pop	r29
    1552:	cf 91       	pop	r28
    1554:	1f 91       	pop	r17
    1556:	0f 91       	pop	r16
    1558:	ff 90       	pop	r15
    155a:	08 95       	ret
    155c:	eb 01       	movw	r28, r22
int
Cmd_ringled_set_rgbw(int argc, char *argv[])
{
	if (argc < 5) return CMDLINE_TOO_FEW_ARGS;
	if (argc > 5) return CMDLINE_TOO_MANY_ARGS;
	uint8_t _red = atoi(argv[1]);
    155e:	8a 81       	ldd	r24, Y+2	; 0x02
    1560:	9b 81       	ldd	r25, Y+3	; 0x03
    1562:	0e 94 b8 33 	call	0x6770	; 0x6770 <atoi>
    1566:	18 2f       	mov	r17, r24
	uint8_t _green = atoi(argv[2]);
    1568:	8c 81       	ldd	r24, Y+4	; 0x04
    156a:	9d 81       	ldd	r25, Y+5	; 0x05
    156c:	0e 94 b8 33 	call	0x6770	; 0x6770 <atoi>
    1570:	08 2f       	mov	r16, r24
	uint8_t _blue = atoi(argv[3]);
    1572:	8e 81       	ldd	r24, Y+6	; 0x06
    1574:	9f 81       	ldd	r25, Y+7	; 0x07
    1576:	0e 94 b8 33 	call	0x6770	; 0x6770 <atoi>
    157a:	f8 2e       	mov	r15, r24
	uint8_t _white = atoi(argv[4]);
    157c:	88 85       	ldd	r24, Y+8	; 0x08
    157e:	99 85       	ldd	r25, Y+9	; 0x09
    1580:	0e 94 b8 33 	call	0x6770	; 0x6770 <atoi>
	ringled_set_RGBW(_red, _green, _blue, _white);
    1584:	28 2f       	mov	r18, r24
    1586:	4f 2d       	mov	r20, r15
    1588:	60 2f       	mov	r22, r16
    158a:	81 2f       	mov	r24, r17
    158c:	0e 94 8d 29 	call	0x531a	; 0x531a <ringled_set_RGBW>
    1590:	80 e0       	ldi	r24, 0x00	; 0
    1592:	90 e0       	ldi	r25, 0x00	; 0
    1594:	d3 cf       	rjmp	.-90     	; 0x153c <Cmd_ringled_set_rgbw+0x14>

00001596 <Cmd_ringled_get_rgbw>:
}

int
Cmd_ringled_get_rgbw(int argc, char *argv[])
{
	if (argc > 1) return CMDLINE_TOO_MANY_ARGS;
    1596:	02 97       	sbiw	r24, 0x02	; 2
    1598:	1c f0       	brlt	.+6      	; 0x15a0 <Cmd_ringled_get_rgbw+0xa>
    159a:	82 e0       	ldi	r24, 0x02	; 2
    159c:	90 e0       	ldi	r25, 0x00	; 0
	rgbw_color RGB = ringled_get_RGBW();
	UARTprintf("Ringled: R=%d, G=%d, B=%d, W=%d \r\n", RGB.red, RGB.green, RGB.blue, RGB.white);
	return CMDLINE_OK;
}
    159e:	08 95       	ret

int
Cmd_ringled_get_rgbw(int argc, char *argv[])
{
	if (argc > 1) return CMDLINE_TOO_MANY_ARGS;
	rgbw_color RGB = ringled_get_RGBW();
    15a0:	0e 94 ab 29 	call	0x5356	; 0x5356 <ringled_get_RGBW>
	UARTprintf("Ringled: R=%d, G=%d, B=%d, W=%d \r\n", RGB.red, RGB.green, RGB.blue, RGB.white);
    15a4:	1f 92       	push	r1
    15a6:	9f 93       	push	r25
    15a8:	1f 92       	push	r1
    15aa:	8f 93       	push	r24
    15ac:	1f 92       	push	r1
    15ae:	7f 93       	push	r23
    15b0:	1f 92       	push	r1
    15b2:	6f 93       	push	r22
    15b4:	8b e7       	ldi	r24, 0x7B	; 123
    15b6:	93 e0       	ldi	r25, 0x03	; 3
    15b8:	9f 93       	push	r25
    15ba:	8f 93       	push	r24
    15bc:	0e 94 4b 20 	call	0x4096	; 0x4096 <UARTprintf>
    15c0:	8d b7       	in	r24, 0x3d	; 61
    15c2:	9e b7       	in	r25, 0x3e	; 62
    15c4:	0a 96       	adiw	r24, 0x0a	; 10
    15c6:	0f b6       	in	r0, 0x3f	; 63
    15c8:	f8 94       	cli
    15ca:	9e bf       	out	0x3e, r25	; 62
    15cc:	0f be       	out	0x3f, r0	; 63
    15ce:	8d bf       	out	0x3d, r24	; 61
    15d0:	80 e0       	ldi	r24, 0x00	; 0
    15d2:	90 e0       	ldi	r25, 0x00	; 0
    15d4:	08 95       	ret

000015d6 <Cmd_IRled_set_bright>:
	return CMDLINE_OK;
}

int
Cmd_IRled_set_bright(int argc, char *argv[])
{
    15d6:	cf 93       	push	r28
    15d8:	df 93       	push	r29
	if (argc < 2) return CMDLINE_TOO_FEW_ARGS;
    15da:	82 30       	cpi	r24, 0x02	; 2
    15dc:	91 05       	cpc	r25, r1
    15de:	3c f0       	brlt	.+14     	; 0x15ee <Cmd_IRled_set_bright+0x18>
	if (argc > 2) return CMDLINE_TOO_MANY_ARGS;
    15e0:	02 97       	sbiw	r24, 0x02	; 2
    15e2:	51 f0       	breq	.+20     	; 0x15f8 <Cmd_IRled_set_bright+0x22>
    15e4:	82 e0       	ldi	r24, 0x02	; 2
    15e6:	90 e0       	ldi	r25, 0x00	; 0
	uint8_t _DutyCyclePercent = atoi(argv[1]);
	if (_DutyCyclePercent > 100) _DutyCyclePercent = 100;
	IR_led_set_DutyCyclesPercent(_DutyCyclePercent);
	UARTprintf("IR set %s %%\r\n",argv[1]);
	return CMDLINE_OK;
}
    15e8:	df 91       	pop	r29
    15ea:	cf 91       	pop	r28
    15ec:	08 95       	ret
}

int
Cmd_IRled_set_bright(int argc, char *argv[])
{
	if (argc < 2) return CMDLINE_TOO_FEW_ARGS;
    15ee:	83 e0       	ldi	r24, 0x03	; 3
    15f0:	90 e0       	ldi	r25, 0x00	; 0
	uint8_t _DutyCyclePercent = atoi(argv[1]);
	if (_DutyCyclePercent > 100) _DutyCyclePercent = 100;
	IR_led_set_DutyCyclesPercent(_DutyCyclePercent);
	UARTprintf("IR set %s %%\r\n",argv[1]);
	return CMDLINE_OK;
}
    15f2:	df 91       	pop	r29
    15f4:	cf 91       	pop	r28
    15f6:	08 95       	ret
    15f8:	eb 01       	movw	r28, r22
int
Cmd_IRled_set_bright(int argc, char *argv[])
{
	if (argc < 2) return CMDLINE_TOO_FEW_ARGS;
	if (argc > 2) return CMDLINE_TOO_MANY_ARGS;
	uint8_t _DutyCyclePercent = atoi(argv[1]);
    15fa:	8a 81       	ldd	r24, Y+2	; 0x02
    15fc:	9b 81       	ldd	r25, Y+3	; 0x03
    15fe:	0e 94 b8 33 	call	0x6770	; 0x6770 <atoi>
	if (_DutyCyclePercent > 100) _DutyCyclePercent = 100;
	IR_led_set_DutyCyclesPercent(_DutyCyclePercent);
    1602:	85 36       	cpi	r24, 0x65	; 101
    1604:	08 f0       	brcs	.+2      	; 0x1608 <Cmd_IRled_set_bright+0x32>
    1606:	84 e6       	ldi	r24, 0x64	; 100
    1608:	0e 94 02 12 	call	0x2404	; 0x2404 <IR_led_set_DutyCyclesPercent>
	UARTprintf("IR set %s %%\r\n",argv[1]);
    160c:	8b 81       	ldd	r24, Y+3	; 0x03
    160e:	8f 93       	push	r24
    1610:	8a 81       	ldd	r24, Y+2	; 0x02
    1612:	8f 93       	push	r24
    1614:	8e e9       	ldi	r24, 0x9E	; 158
    1616:	93 e0       	ldi	r25, 0x03	; 3
    1618:	9f 93       	push	r25
    161a:	8f 93       	push	r24
    161c:	0e 94 4b 20 	call	0x4096	; 0x4096 <UARTprintf>
    1620:	0f 90       	pop	r0
    1622:	0f 90       	pop	r0
    1624:	0f 90       	pop	r0
    1626:	0f 90       	pop	r0
    1628:	80 e0       	ldi	r24, 0x00	; 0
    162a:	90 e0       	ldi	r25, 0x00	; 0
	return CMDLINE_OK;
}
    162c:	df 91       	pop	r29
    162e:	cf 91       	pop	r28
    1630:	08 95       	ret

00001632 <Cmd_IRled_get_bright>:

int
Cmd_IRled_get_bright(int argc, char *argv[])
{
	if (argc > 1) return CMDLINE_TOO_MANY_ARGS;
    1632:	02 97       	sbiw	r24, 0x02	; 2
    1634:	1c f0       	brlt	.+6      	; 0x163c <Cmd_IRled_get_bright+0xa>
    1636:	82 e0       	ldi	r24, 0x02	; 2
    1638:	90 e0       	ldi	r25, 0x00	; 0
	uint8_t Current_DutyCyclePercent = IR_led_get_Current_DutyCyclesPercent();
	UARTprintf("IR: %d %%\r\n",Current_DutyCyclePercent);
	return CMDLINE_OK;
}
    163a:	08 95       	ret

int
Cmd_IRled_get_bright(int argc, char *argv[])
{
	if (argc > 1) return CMDLINE_TOO_MANY_ARGS;
	uint8_t Current_DutyCyclePercent = IR_led_get_Current_DutyCyclesPercent();
    163c:	0e 94 0e 12 	call	0x241c	; 0x241c <IR_led_get_Current_DutyCyclesPercent>
	UARTprintf("IR: %d %%\r\n",Current_DutyCyclePercent);
    1640:	1f 92       	push	r1
    1642:	8f 93       	push	r24
    1644:	8c ec       	ldi	r24, 0xCC	; 204
    1646:	92 e0       	ldi	r25, 0x02	; 2
    1648:	9f 93       	push	r25
    164a:	8f 93       	push	r24
    164c:	0e 94 4b 20 	call	0x4096	; 0x4096 <UARTprintf>
    1650:	0f 90       	pop	r0
    1652:	0f 90       	pop	r0
    1654:	0f 90       	pop	r0
    1656:	0f 90       	pop	r0
    1658:	80 e0       	ldi	r24, 0x00	; 0
    165a:	90 e0       	ldi	r25, 0x00	; 0
    165c:	08 95       	ret

0000165e <Cmd_get_acceleration_gyroscope>:
	return CMDLINE_OK;
}

int
Cmd_get_acceleration_gyroscope(int argc, char *argv[])
{
    165e:	6f 92       	push	r6
    1660:	7f 92       	push	r7
    1662:	8f 92       	push	r8
    1664:	9f 92       	push	r9
    1666:	af 92       	push	r10
    1668:	bf 92       	push	r11
    166a:	cf 92       	push	r12
    166c:	df 92       	push	r13
    166e:	ef 92       	push	r14
    1670:	ff 92       	push	r15
    1672:	0f 93       	push	r16
    1674:	1f 93       	push	r17
    1676:	cf 93       	push	r28
    1678:	df 93       	push	r29
    167a:	cd b7       	in	r28, 0x3d	; 61
    167c:	de b7       	in	r29, 0x3e	; 62
    167e:	2c 97       	sbiw	r28, 0x0c	; 12
    1680:	0f b6       	in	r0, 0x3f	; 63
    1682:	f8 94       	cli
    1684:	de bf       	out	0x3e, r29	; 62
    1686:	0f be       	out	0x3f, r0	; 63
    1688:	cd bf       	out	0x3d, r28	; 61
	if (argc > 1) return CMDLINE_TOO_MANY_ARGS;
    168a:	02 97       	sbiw	r24, 0x02	; 2
    168c:	bc f0       	brlt	.+46     	; 0x16bc <Cmd_get_acceleration_gyroscope+0x5e>
    168e:	82 e0       	ldi	r24, 0x02	; 2
    1690:	90 e0       	ldi	r25, 0x00	; 0
		return CMDLINE_OK;
	}
	UARTprintf("Accel %i %i %i\r\n", _accel_data.x, _accel_data.y, _accel_data.z);
	UARTprintf("Gyro %i %i %i\r\n", _gyro_data.x, _gyro_data.y, _gyro_data.z);
	return CMDLINE_OK;
}
    1692:	2c 96       	adiw	r28, 0x0c	; 12
    1694:	0f b6       	in	r0, 0x3f	; 63
    1696:	f8 94       	cli
    1698:	de bf       	out	0x3e, r29	; 62
    169a:	0f be       	out	0x3f, r0	; 63
    169c:	cd bf       	out	0x3d, r28	; 61
    169e:	df 91       	pop	r29
    16a0:	cf 91       	pop	r28
    16a2:	1f 91       	pop	r17
    16a4:	0f 91       	pop	r16
    16a6:	ff 90       	pop	r15
    16a8:	ef 90       	pop	r14
    16aa:	df 90       	pop	r13
    16ac:	cf 90       	pop	r12
    16ae:	bf 90       	pop	r11
    16b0:	af 90       	pop	r10
    16b2:	9f 90       	pop	r9
    16b4:	8f 90       	pop	r8
    16b6:	7f 90       	pop	r7
    16b8:	6f 90       	pop	r6
    16ba:	08 95       	ret

int
Cmd_get_acceleration_gyroscope(int argc, char *argv[])
{
	if (argc > 1) return CMDLINE_TOO_MANY_ARGS;
	Accel_Gyro_DataTypedef _accel_data = get_acceleration();
    16bc:	0e 94 31 06 	call	0xc62	; 0xc62 <get_acceleration>
    16c0:	2f 83       	std	Y+7, r18	; 0x07
    16c2:	38 87       	std	Y+8, r19	; 0x08
    16c4:	49 87       	std	Y+9, r20	; 0x09
    16c6:	5a 87       	std	Y+10, r21	; 0x0a
    16c8:	6b 87       	std	Y+11, r22	; 0x0b
    16ca:	7c 87       	std	Y+12, r23	; 0x0c
    16cc:	0f 81       	ldd	r16, Y+7	; 0x07
    16ce:	18 85       	ldd	r17, Y+8	; 0x08
    16d0:	e9 84       	ldd	r14, Y+9	; 0x09
    16d2:	fa 84       	ldd	r15, Y+10	; 0x0a
    16d4:	cb 84       	ldd	r12, Y+11	; 0x0b
    16d6:	dc 84       	ldd	r13, Y+12	; 0x0c
	Accel_Gyro_DataTypedef _gyro_data = get_gyroscope();
    16d8:	0e 94 52 06 	call	0xca4	; 0xca4 <get_gyroscope>
    16dc:	29 83       	std	Y+1, r18	; 0x01
    16de:	3a 83       	std	Y+2, r19	; 0x02
    16e0:	4b 83       	std	Y+3, r20	; 0x03
    16e2:	5c 83       	std	Y+4, r21	; 0x04
    16e4:	6d 83       	std	Y+5, r22	; 0x05
    16e6:	7e 83       	std	Y+6, r23	; 0x06
	if(_accel_data.x == 0x7FFF || _accel_data.y == 0x7FFF || _accel_data.z == 0x7FFF || _gyro_data.x == 0x7FFF || _gyro_data.y == 0x7FFF || _gyro_data.z == 0x7FFF)
    16e8:	0f 3f       	cpi	r16, 0xFF	; 255
    16ea:	8f e7       	ldi	r24, 0x7F	; 127
    16ec:	18 07       	cpc	r17, r24
    16ee:	09 f4       	brne	.+2      	; 0x16f2 <Cmd_get_acceleration_gyroscope+0x94>
    16f0:	3f c0       	rjmp	.+126    	; 0x1770 <Cmd_get_acceleration_gyroscope+0x112>
    16f2:	9f ef       	ldi	r25, 0xFF	; 255
    16f4:	e9 16       	cp	r14, r25
    16f6:	9f e7       	ldi	r25, 0x7F	; 127
    16f8:	f9 06       	cpc	r15, r25
    16fa:	d1 f1       	breq	.+116    	; 0x1770 <Cmd_get_acceleration_gyroscope+0x112>
    16fc:	8f ef       	ldi	r24, 0xFF	; 255
    16fe:	c8 16       	cp	r12, r24
    1700:	8f e7       	ldi	r24, 0x7F	; 127
    1702:	d8 06       	cpc	r13, r24
    1704:	a9 f1       	breq	.+106    	; 0x1770 <Cmd_get_acceleration_gyroscope+0x112>
int
Cmd_get_acceleration_gyroscope(int argc, char *argv[])
{
	if (argc > 1) return CMDLINE_TOO_MANY_ARGS;
	Accel_Gyro_DataTypedef _accel_data = get_acceleration();
	Accel_Gyro_DataTypedef _gyro_data = get_gyroscope();
    1706:	a9 80       	ldd	r10, Y+1	; 0x01
    1708:	ba 80       	ldd	r11, Y+2	; 0x02
	if(_accel_data.x == 0x7FFF || _accel_data.y == 0x7FFF || _accel_data.z == 0x7FFF || _gyro_data.x == 0x7FFF || _gyro_data.y == 0x7FFF || _gyro_data.z == 0x7FFF)
    170a:	9f ef       	ldi	r25, 0xFF	; 255
    170c:	a9 16       	cp	r10, r25
    170e:	9f e7       	ldi	r25, 0x7F	; 127
    1710:	b9 06       	cpc	r11, r25
    1712:	71 f1       	breq	.+92     	; 0x1770 <Cmd_get_acceleration_gyroscope+0x112>
int
Cmd_get_acceleration_gyroscope(int argc, char *argv[])
{
	if (argc > 1) return CMDLINE_TOO_MANY_ARGS;
	Accel_Gyro_DataTypedef _accel_data = get_acceleration();
	Accel_Gyro_DataTypedef _gyro_data = get_gyroscope();
    1714:	8b 80       	ldd	r8, Y+3	; 0x03
    1716:	9c 80       	ldd	r9, Y+4	; 0x04
	if(_accel_data.x == 0x7FFF || _accel_data.y == 0x7FFF || _accel_data.z == 0x7FFF || _gyro_data.x == 0x7FFF || _gyro_data.y == 0x7FFF || _gyro_data.z == 0x7FFF)
    1718:	8f ef       	ldi	r24, 0xFF	; 255
    171a:	88 16       	cp	r8, r24
    171c:	8f e7       	ldi	r24, 0x7F	; 127
    171e:	98 06       	cpc	r9, r24
    1720:	39 f1       	breq	.+78     	; 0x1770 <Cmd_get_acceleration_gyroscope+0x112>
int
Cmd_get_acceleration_gyroscope(int argc, char *argv[])
{
	if (argc > 1) return CMDLINE_TOO_MANY_ARGS;
	Accel_Gyro_DataTypedef _accel_data = get_acceleration();
	Accel_Gyro_DataTypedef _gyro_data = get_gyroscope();
    1722:	6d 80       	ldd	r6, Y+5	; 0x05
    1724:	7e 80       	ldd	r7, Y+6	; 0x06
	if(_accel_data.x == 0x7FFF || _accel_data.y == 0x7FFF || _accel_data.z == 0x7FFF || _gyro_data.x == 0x7FFF || _gyro_data.y == 0x7FFF || _gyro_data.z == 0x7FFF)
    1726:	9f ef       	ldi	r25, 0xFF	; 255
    1728:	69 16       	cp	r6, r25
    172a:	9f e7       	ldi	r25, 0x7F	; 127
    172c:	79 06       	cpc	r7, r25
    172e:	01 f1       	breq	.+64     	; 0x1770 <Cmd_get_acceleration_gyroscope+0x112>
	{
		usart0_send_string("LSM6DSOX is fail\r\n");
		return CMDLINE_OK;
	}
	UARTprintf("Accel %i %i %i\r\n", _accel_data.x, _accel_data.y, _accel_data.z);
    1730:	df 92       	push	r13
    1732:	cf 92       	push	r12
    1734:	ff 92       	push	r15
    1736:	ef 92       	push	r14
    1738:	1f 93       	push	r17
    173a:	0f 93       	push	r16
    173c:	8b ee       	ldi	r24, 0xEB	; 235
    173e:	92 e0       	ldi	r25, 0x02	; 2
    1740:	9f 93       	push	r25
    1742:	8f 93       	push	r24
    1744:	0e 94 4b 20 	call	0x4096	; 0x4096 <UARTprintf>
	UARTprintf("Gyro %i %i %i\r\n", _gyro_data.x, _gyro_data.y, _gyro_data.z);
    1748:	7f 92       	push	r7
    174a:	6f 92       	push	r6
    174c:	9f 92       	push	r9
    174e:	8f 92       	push	r8
    1750:	bf 92       	push	r11
    1752:	af 92       	push	r10
    1754:	8c ef       	ldi	r24, 0xFC	; 252
    1756:	92 e0       	ldi	r25, 0x02	; 2
    1758:	9f 93       	push	r25
    175a:	8f 93       	push	r24
    175c:	0e 94 4b 20 	call	0x4096	; 0x4096 <UARTprintf>
    1760:	0f b6       	in	r0, 0x3f	; 63
    1762:	f8 94       	cli
    1764:	de bf       	out	0x3e, r29	; 62
    1766:	0f be       	out	0x3f, r0	; 63
    1768:	cd bf       	out	0x3d, r28	; 61
    176a:	80 e0       	ldi	r24, 0x00	; 0
    176c:	90 e0       	ldi	r25, 0x00	; 0
    176e:	91 cf       	rjmp	.-222    	; 0x1692 <Cmd_get_acceleration_gyroscope+0x34>
	if (argc > 1) return CMDLINE_TOO_MANY_ARGS;
	Accel_Gyro_DataTypedef _accel_data = get_acceleration();
	Accel_Gyro_DataTypedef _gyro_data = get_gyroscope();
	if(_accel_data.x == 0x7FFF || _accel_data.y == 0x7FFF || _accel_data.z == 0x7FFF || _gyro_data.x == 0x7FFF || _gyro_data.y == 0x7FFF || _gyro_data.z == 0x7FFF)
	{
		usart0_send_string("LSM6DSOX is fail\r\n");
    1770:	88 ed       	ldi	r24, 0xD8	; 216
    1772:	92 e0       	ldi	r25, 0x02	; 2
    1774:	0e 94 26 1b 	call	0x364c	; 0x364c <usart0_send_string>
    1778:	80 e0       	ldi	r24, 0x00	; 0
    177a:	90 e0       	ldi	r25, 0x00	; 0
    177c:	8a cf       	rjmp	.-236    	; 0x1692 <Cmd_get_acceleration_gyroscope+0x34>

0000177e <Cmd_get_pressure>:
}

int
Cmd_get_pressure(int argc, char *argv[])
{
	if (argc > 1) return CMDLINE_TOO_MANY_ARGS;
    177e:	02 97       	sbiw	r24, 0x02	; 2
    1780:	1c f0       	brlt	.+6      	; 0x1788 <Cmd_get_pressure+0xa>
    1782:	82 e0       	ldi	r24, 0x02	; 2
    1784:	90 e0       	ldi	r25, 0x00	; 0
	int16_t press = get_pressure();
	if (press == 0x7FFF) usart0_send_string("BMP390 is fail\r\n");
	else UARTprintf("Press: %i (10hPa)\r\n", press);
	return CMDLINE_OK;
}
    1786:	08 95       	ret

int
Cmd_get_pressure(int argc, char *argv[])
{
	if (argc > 1) return CMDLINE_TOO_MANY_ARGS;
	int16_t press = get_pressure();
    1788:	0e 94 b3 12 	call	0x2566	; 0x2566 <get_pressure>
	if (press == 0x7FFF) usart0_send_string("BMP390 is fail\r\n");
    178c:	8f 3f       	cpi	r24, 0xFF	; 255
    178e:	2f e7       	ldi	r18, 0x7F	; 127
    1790:	92 07       	cpc	r25, r18
    1792:	79 f0       	breq	.+30     	; 0x17b2 <Cmd_get_pressure+0x34>
	else UARTprintf("Press: %i (10hPa)\r\n", press);
    1794:	9f 93       	push	r25
    1796:	8f 93       	push	r24
    1798:	8c e0       	ldi	r24, 0x0C	; 12
    179a:	93 e0       	ldi	r25, 0x03	; 3
    179c:	9f 93       	push	r25
    179e:	8f 93       	push	r24
    17a0:	0e 94 4b 20 	call	0x4096	; 0x4096 <UARTprintf>
    17a4:	0f 90       	pop	r0
    17a6:	0f 90       	pop	r0
    17a8:	0f 90       	pop	r0
    17aa:	0f 90       	pop	r0
    17ac:	80 e0       	ldi	r24, 0x00	; 0
    17ae:	90 e0       	ldi	r25, 0x00	; 0
    17b0:	08 95       	ret
int
Cmd_get_pressure(int argc, char *argv[])
{
	if (argc > 1) return CMDLINE_TOO_MANY_ARGS;
	int16_t press = get_pressure();
	if (press == 0x7FFF) usart0_send_string("BMP390 is fail\r\n");
    17b2:	87 e3       	ldi	r24, 0x37	; 55
    17b4:	92 e0       	ldi	r25, 0x02	; 2
    17b6:	0e 94 26 1b 	call	0x364c	; 0x364c <usart0_send_string>
    17ba:	80 e0       	ldi	r24, 0x00	; 0
    17bc:	90 e0       	ldi	r25, 0x00	; 0
    17be:	08 95       	ret

000017c0 <command_init>:
	}	
}

void	command_init(void)
{
	usart0_init();
    17c0:	0e 94 c8 1a 	call	0x3590	; 0x3590 <usart0_init>
	p_CommandRingBuffer = uart_get_uart0_rx_buffer_address();
    17c4:	0e 94 4e 1b 	call	0x369c	; 0x369c <uart_get_uart0_rx_buffer_address>
    17c8:	90 93 f6 08 	sts	0x08F6, r25	; 0x8008f6 <p_CommandRingBuffer+0x1>
    17cc:	80 93 f5 08 	sts	0x08F5, r24	; 0x8008f5 <p_CommandRingBuffer>
	memset((void *)s_commandBuffer, 0, sizeof(s_commandBuffer));
    17d0:	8e e1       	ldi	r24, 0x1E	; 30
    17d2:	e7 ed       	ldi	r30, 0xD7	; 215
    17d4:	f8 e0       	ldi	r31, 0x08	; 8
    17d6:	df 01       	movw	r26, r30
    17d8:	1d 92       	st	X+, r1
    17da:	8a 95       	dec	r24
    17dc:	e9 f7       	brne	.-6      	; 0x17d8 <command_init+0x18>
	s_commandBufferIndex = 0;
    17de:	10 92 d6 08 	sts	0x08D6, r1	; 0x8008d6 <s_commandBufferIndex>
	usart0_send_string("IOU FIRMWARE V1.0.0 \r\n");
    17e2:	8d ea       	ldi	r24, 0xAD	; 173
    17e4:	93 e0       	ldi	r25, 0x03	; 3
    17e6:	0e 94 26 1b 	call	0x364c	; 0x364c <usart0_send_string>
	usart0_send_string("> ");
    17ea:	83 ed       	ldi	r24, 0xD3	; 211
    17ec:	97 e0       	ldi	r25, 0x07	; 7
    17ee:	0c 94 26 1b 	jmp	0x364c	; 0x364c <usart0_send_string>

000017f2 <command_create_task>:
//	command_send_splash();
}

void	command_create_task(void)
{
	SCH_TASK_CreateTask(&s_CommandTaskContext.taskHandle, &s_CommandTaskContext.taskProperty);
    17f2:	68 e0       	ldi	r22, 0x08	; 8
    17f4:	71 e0       	ldi	r23, 0x01	; 1
    17f6:	87 e0       	ldi	r24, 0x07	; 7
    17f8:	91 e0       	ldi	r25, 0x01	; 1
    17fa:	0c 94 69 2a 	jmp	0x54d2	; 0x54d2 <SCH_TASK_CreateTask>

000017fe <COPC_init>:
void copc_iou_tec_log_ena(void)
{
	return;
}
void copc_iou_tec_log_dis(void)
{
    17fe:	0e 94 53 1b 	call	0x36a6	; 0x36a6 <usart1_init>
    1802:	85 e0       	ldi	r24, 0x05	; 5
    1804:	0e 94 eb 2b 	call	0x57d6	; 0x57d6 <fsp_init>
    1808:	0e 94 d0 1b 	call	0x37a0	; 0x37a0 <uart_get_uart1_rx_buffer_address>
    180c:	90 93 87 09 	sts	0x0987, r25	; 0x800987 <p_COPCBuffer+0x1>
    1810:	80 93 86 09 	sts	0x0986, r24	; 0x800986 <p_COPCBuffer>
    1814:	87 e4       	ldi	r24, 0x47	; 71
    1816:	99 e0       	ldi	r25, 0x09	; 9
    1818:	90 93 fd 08 	sts	0x08FD, r25	; 0x8008fd <s_pCOPC_Sfp_Payload+0x1>
    181c:	80 93 fc 08 	sts	0x08FC, r24	; 0x8008fc <s_pCOPC_Sfp_Payload>
    1820:	83 e0       	ldi	r24, 0x03	; 3
    1822:	99 e0       	ldi	r25, 0x09	; 9
    1824:	90 93 fb 08 	sts	0x08FB, r25	; 0x8008fb <s_pIOU_Sfp_Payload+0x1>
    1828:	80 93 fa 08 	sts	0x08FA, r24	; 0x8008fa <s_pIOU_Sfp_Payload>
    182c:	08 95       	ret

0000182e <COPC_create_task>:
    182e:	0e 94 ff 0b 	call	0x17fe	; 0x17fe <COPC_init>
    1832:	67 e9       	ldi	r22, 0x97	; 151
    1834:	71 e0       	ldi	r23, 0x01	; 1
    1836:	86 e9       	ldi	r24, 0x96	; 150
    1838:	91 e0       	ldi	r25, 0x01	; 1
    183a:	0c 94 69 2a 	jmp	0x54d2	; 0x54d2 <SCH_TASK_CreateTask>

0000183e <OK_Send>:
    183e:	cf 92       	push	r12
    1840:	df 92       	push	r13
    1842:	ef 92       	push	r14
    1844:	ff 92       	push	r15
    1846:	0f 93       	push	r16
    1848:	cf 93       	push	r28
    184a:	df 93       	push	r29
    184c:	cd b7       	in	r28, 0x3d	; 61
    184e:	de b7       	in	r29, 0x3e	; 62
    1850:	60 97       	sbiw	r28, 0x10	; 16
    1852:	0f b6       	in	r0, 0x3f	; 63
    1854:	f8 94       	cli
    1856:	de bf       	out	0x3e, r29	; 62
    1858:	0f be       	out	0x3f, r0	; 63
    185a:	cd bf       	out	0x3d, r28	; 61
    185c:	ce 01       	movw	r24, r28
    185e:	01 96       	adiw	r24, 0x01	; 1
    1860:	6c 01       	movw	r12, r24
    1862:	8f e0       	ldi	r24, 0x0F	; 15
    1864:	f6 01       	movw	r30, r12
    1866:	11 92       	st	Z+, r1
    1868:	8a 95       	dec	r24
    186a:	e9 f7       	brne	.-6      	; 0x1866 <OK_Send+0x28>
    186c:	e0 91 fc 08 	lds	r30, 0x08FC	; 0x8008fc <s_pCOPC_Sfp_Payload>
    1870:	f0 91 fd 08 	lds	r31, 0x08FD	; 0x8008fd <s_pCOPC_Sfp_Payload+0x1>
    1874:	80 81       	ld	r24, Z
    1876:	89 83       	std	Y+1, r24	; 0x01
    1878:	8e ef       	ldi	r24, 0xFE	; 254
    187a:	e8 2e       	mov	r14, r24
    187c:	88 e0       	ldi	r24, 0x08	; 8
    187e:	f8 2e       	mov	r15, r24
    1880:	00 e0       	ldi	r16, 0x00	; 0
    1882:	21 e0       	ldi	r18, 0x01	; 1
    1884:	41 e0       	ldi	r20, 0x01	; 1
    1886:	b6 01       	movw	r22, r12
    1888:	80 e0       	ldi	r24, 0x00	; 0
    188a:	0e 94 30 2c 	call	0x5860	; 0x5860 <fsp_gen_cmd_w_data_pkt>
    188e:	ae 01       	movw	r20, r28
    1890:	40 5f       	subi	r20, 0xF0	; 240
    1892:	5f 4f       	sbci	r21, 0xFF	; 255
    1894:	b6 01       	movw	r22, r12
    1896:	c7 01       	movw	r24, r14
    1898:	0e 94 53 2c 	call	0x58a6	; 0x58a6 <fsp_encode>
    189c:	68 89       	ldd	r22, Y+16	; 0x10
    189e:	c6 01       	movw	r24, r12
    18a0:	0e 94 b7 1b 	call	0x376e	; 0x376e <usart1_send_array>
    18a4:	60 96       	adiw	r28, 0x10	; 16
    18a6:	0f b6       	in	r0, 0x3f	; 63
    18a8:	f8 94       	cli
    18aa:	de bf       	out	0x3e, r29	; 62
    18ac:	0f be       	out	0x3f, r0	; 63
    18ae:	cd bf       	out	0x3d, r28	; 61
    18b0:	df 91       	pop	r29
    18b2:	cf 91       	pop	r28
    18b4:	0f 91       	pop	r16
    18b6:	ff 90       	pop	r15
    18b8:	ef 90       	pop	r14
    18ba:	df 90       	pop	r13
    18bc:	cf 90       	pop	r12
    18be:	08 95       	ret

000018c0 <copc_iou_set_temp>:
    18c0:	e0 91 fc 08 	lds	r30, 0x08FC	; 0x8008fc <s_pCOPC_Sfp_Payload>
    18c4:	f0 91 fd 08 	lds	r31, 0x08FD	; 0x8008fd <s_pCOPC_Sfp_Payload+0x1>
    18c8:	61 81       	ldd	r22, Z+1	; 0x01
    18ca:	64 30       	cpi	r22, 0x04	; 4
    18cc:	08 f0       	brcs	.+2      	; 0x18d0 <copc_iou_set_temp+0x10>
    18ce:	08 95       	ret
    18d0:	82 81       	ldd	r24, Z+2	; 0x02
    18d2:	93 81       	ldd	r25, Z+3	; 0x03
    18d4:	98 27       	eor	r25, r24
    18d6:	89 27       	eor	r24, r25
    18d8:	98 27       	eor	r25, r24
    18da:	0e 94 32 15 	call	0x2a64	; 0x2a64 <temperature_set_point>
    18de:	0c 94 1f 0c 	jmp	0x183e	; 0x183e <OK_Send>

000018e2 <copc_iou_tec_ena>:
    18e2:	e0 91 fc 08 	lds	r30, 0x08FC	; 0x8008fc <s_pCOPC_Sfp_Payload>
    18e6:	f0 91 fd 08 	lds	r31, 0x08FD	; 0x8008fd <s_pCOPC_Sfp_Payload+0x1>
    18ea:	81 81       	ldd	r24, Z+1	; 0x01
    18ec:	84 30       	cpi	r24, 0x04	; 4
    18ee:	08 f0       	brcs	.+2      	; 0x18f2 <copc_iou_tec_ena+0x10>
    18f0:	08 95       	ret
    18f2:	0e 94 52 15 	call	0x2aa4	; 0x2aa4 <temperature_enable_TEC>
    18f6:	0c 94 1f 0c 	jmp	0x183e	; 0x183e <OK_Send>

000018fa <copc_iou_tec_dis>:
    18fa:	e0 91 fc 08 	lds	r30, 0x08FC	; 0x8008fc <s_pCOPC_Sfp_Payload>
    18fe:	f0 91 fd 08 	lds	r31, 0x08FD	; 0x8008fd <s_pCOPC_Sfp_Payload+0x1>
    1902:	81 81       	ldd	r24, Z+1	; 0x01
    1904:	84 30       	cpi	r24, 0x04	; 4
    1906:	08 f0       	brcs	.+2      	; 0x190a <copc_iou_tec_dis+0x10>
    1908:	08 95       	ret
    190a:	0e 94 64 15 	call	0x2ac8	; 0x2ac8 <temperature_disable_TEC>
    190e:	0c 94 1f 0c 	jmp	0x183e	; 0x183e <OK_Send>

00001912 <copc_iou_tec_ena_auto>:
    1912:	e0 91 fc 08 	lds	r30, 0x08FC	; 0x8008fc <s_pCOPC_Sfp_Payload>
    1916:	f0 91 fd 08 	lds	r31, 0x08FD	; 0x8008fd <s_pCOPC_Sfp_Payload+0x1>
    191a:	81 81       	ldd	r24, Z+1	; 0x01
    191c:	84 30       	cpi	r24, 0x04	; 4
    191e:	08 f0       	brcs	.+2      	; 0x1922 <copc_iou_tec_ena_auto+0x10>
    1920:	08 95       	ret
    1922:	0e 94 c0 15 	call	0x2b80	; 0x2b80 <temperature_enable_auto_control_TEC>
    1926:	0c 94 1f 0c 	jmp	0x183e	; 0x183e <OK_Send>

0000192a <copc_iou_tec_dis_auto>:
    192a:	e0 91 fc 08 	lds	r30, 0x08FC	; 0x8008fc <s_pCOPC_Sfp_Payload>
    192e:	f0 91 fd 08 	lds	r31, 0x08FD	; 0x8008fd <s_pCOPC_Sfp_Payload+0x1>
    1932:	81 81       	ldd	r24, Z+1	; 0x01
    1934:	84 30       	cpi	r24, 0x04	; 4
    1936:	08 f0       	brcs	.+2      	; 0x193a <copc_iou_tec_dis_auto+0x10>
    1938:	08 95       	ret
    193a:	0e 94 77 15 	call	0x2aee	; 0x2aee <temperature_disable_auto_control_TEC>
    193e:	0c 94 1f 0c 	jmp	0x183e	; 0x183e <OK_Send>

00001942 <copc_iou_tec_set_output>:
    1942:	e0 91 fc 08 	lds	r30, 0x08FC	; 0x8008fc <s_pCOPC_Sfp_Payload>
    1946:	f0 91 fd 08 	lds	r31, 0x08FD	; 0x8008fd <s_pCOPC_Sfp_Payload+0x1>
    194a:	81 81       	ldd	r24, Z+1	; 0x01
    194c:	84 30       	cpi	r24, 0x04	; 4
    194e:	08 f0       	brcs	.+2      	; 0x1952 <copc_iou_tec_set_output+0x10>
    1950:	08 95       	ret
    1952:	43 81       	ldd	r20, Z+3	; 0x03
    1954:	54 81       	ldd	r21, Z+4	; 0x04
    1956:	54 27       	eor	r21, r20
    1958:	45 27       	eor	r20, r21
    195a:	54 27       	eor	r21, r20
    195c:	62 81       	ldd	r22, Z+2	; 0x02
    195e:	0e 94 8b 15 	call	0x2b16	; 0x2b16 <temperature_set_TEC_output>
    1962:	0c 94 1f 0c 	jmp	0x183e	; 0x183e <OK_Send>

00001966 <copc_iou_tec_set_auto_vol>:
    1966:	e0 91 fc 08 	lds	r30, 0x08FC	; 0x8008fc <s_pCOPC_Sfp_Payload>
    196a:	f0 91 fd 08 	lds	r31, 0x08FD	; 0x8008fd <s_pCOPC_Sfp_Payload+0x1>
    196e:	81 81       	ldd	r24, Z+1	; 0x01
    1970:	84 30       	cpi	r24, 0x04	; 4
    1972:	08 f0       	brcs	.+2      	; 0x1976 <copc_iou_tec_set_auto_vol+0x10>
    1974:	08 95       	ret
    1976:	62 81       	ldd	r22, Z+2	; 0x02
    1978:	73 81       	ldd	r23, Z+3	; 0x03
    197a:	76 27       	eor	r23, r22
    197c:	67 27       	eor	r22, r23
    197e:	76 27       	eor	r23, r22
    1980:	0e 94 03 16 	call	0x2c06	; 0x2c06 <temperature_set_auto_voltage>
    1984:	0c 94 1f 0c 	jmp	0x183e	; 0x183e <OK_Send>

00001988 <copc_iou_ringled_set_RGBW>:
	return;
}
void copc_iou_ringled_set_RGBW(void)
{
	rgbw_color RGBW;
	RGBW.red = s_pCOPC_Sfp_Payload->neoSetRGBCommandFrame.red;
    1988:	e0 91 fc 08 	lds	r30, 0x08FC	; 0x8008fc <s_pCOPC_Sfp_Payload>
    198c:	f0 91 fd 08 	lds	r31, 0x08FD	; 0x8008fd <s_pCOPC_Sfp_Payload+0x1>
	RGBW.green = s_pCOPC_Sfp_Payload->neoSetRGBCommandFrame.green;
	RGBW.blue = s_pCOPC_Sfp_Payload->neoSetRGBCommandFrame.blue;
	RGBW.white = s_pCOPC_Sfp_Payload->neoSetRGBCommandFrame.white;
	ringled_set_RGBW(RGBW.red, RGBW.green, RGBW.blue, RGBW.white);
    1990:	24 81       	ldd	r18, Z+4	; 0x04
    1992:	43 81       	ldd	r20, Z+3	; 0x03
    1994:	62 81       	ldd	r22, Z+2	; 0x02
    1996:	81 81       	ldd	r24, Z+1	; 0x01
    1998:	0e 94 8d 29 	call	0x531a	; 0x531a <ringled_set_RGBW>
	OK_Send();
    199c:	0c 94 1f 0c 	jmp	0x183e	; 0x183e <OK_Send>

000019a0 <copc_iou_irled_set_bright>:
}

void copc_iou_irled_set_bright(void)
{
	uint8_t duty = s_pCOPC_Sfp_Payload->IrSetCommandFrame.duty;
    19a0:	e0 91 fc 08 	lds	r30, 0x08FC	; 0x8008fc <s_pCOPC_Sfp_Payload>
    19a4:	f0 91 fd 08 	lds	r31, 0x08FD	; 0x8008fd <s_pCOPC_Sfp_Payload+0x1>
    19a8:	81 81       	ldd	r24, Z+1	; 0x01
	if (duty > 100) duty = 100;
	IR_led_set_DutyCyclesPercent(duty);
    19aa:	85 36       	cpi	r24, 0x65	; 101
    19ac:	08 f0       	brcs	.+2      	; 0x19b0 <copc_iou_irled_set_bright+0x10>
    19ae:	84 e6       	ldi	r24, 0x64	; 100
    19b0:	0e 94 02 12 	call	0x2404	; 0x2404 <IR_led_set_DutyCyclesPercent>
	OK_Send();
    19b4:	0c 94 1f 0c 	jmp	0x183e	; 0x183e <OK_Send>

000019b8 <copc_iou_get_temp>:
}

//Function send to COPC data in struct payload
void copc_iou_get_temp(void)
{
    19b8:	ef 92       	push	r14
    19ba:	ff 92       	push	r15
    19bc:	0f 93       	push	r16
    19be:	cf 93       	push	r28
    19c0:	df 93       	push	r29
    19c2:	cd b7       	in	r28, 0x3d	; 61
    19c4:	de b7       	in	r29, 0x3e	; 62
    19c6:	c4 54       	subi	r28, 0x44	; 68
    19c8:	d1 09       	sbc	r29, r1
    19ca:	0f b6       	in	r0, 0x3f	; 63
    19cc:	f8 94       	cli
    19ce:	de bf       	out	0x3e, r29	; 62
    19d0:	0f be       	out	0x3f, r0	; 63
    19d2:	cd bf       	out	0x3d, r28	; 61
	uint8_t device = s_pCOPC_Sfp_Payload->getTempCommandFrame.device;
    19d4:	e0 91 fc 08 	lds	r30, 0x08FC	; 0x8008fc <s_pCOPC_Sfp_Payload>
    19d8:	f0 91 fd 08 	lds	r31, 0x08FD	; 0x8008fd <s_pCOPC_Sfp_Payload+0x1>
    19dc:	91 81       	ldd	r25, Z+1	; 0x01
	uint8_t channel = s_pCOPC_Sfp_Payload->getTempCommandFrame.channel;
	uint16_t temp;
	uint8_t encode_frame[FSP_PKT_MAX_LENGTH];
	uint8_t frame_len;
	if (device > 2 || channel > (MAX_CHANNEL-1))
    19de:	93 30       	cpi	r25, 0x03	; 3
    19e0:	18 f4       	brcc	.+6      	; 0x19e8 <copc_iou_get_temp+0x30>

//Function send to COPC data in struct payload
void copc_iou_get_temp(void)
{
	uint8_t device = s_pCOPC_Sfp_Payload->getTempCommandFrame.device;
	uint8_t channel = s_pCOPC_Sfp_Payload->getTempCommandFrame.channel;
    19e2:	82 81       	ldd	r24, Z+2	; 0x02
	uint16_t temp;
	uint8_t encode_frame[FSP_PKT_MAX_LENGTH];
	uint8_t frame_len;
	if (device > 2 || channel > (MAX_CHANNEL-1))
    19e4:	84 30       	cpi	r24, 0x04	; 4
    19e6:	68 f0       	brcs	.+26     	; 0x1a02 <copc_iou_get_temp+0x4a>
		s_pIOU_Sfp_Payload->iouGetTempResponseFrame.temperature_low = (uint8_t)(temp);
		fsp_gen_pkt((void*)0, (uint8_t *)&s_pIOU_Sfp_Payload->iouGetTempResponseFrame, 5, FSP_ADR_COPC, FSP_PKT_TYPE_CMD_W_DATA, &s_IOU_FspPacket);
 		fsp_encode(&s_IOU_FspPacket, encode_frame, &frame_len);
		usart1_send_array((const char *)&encode_frame, frame_len);
	}
}
    19e8:	cc 5b       	subi	r28, 0xBC	; 188
    19ea:	df 4f       	sbci	r29, 0xFF	; 255
    19ec:	0f b6       	in	r0, 0x3f	; 63
    19ee:	f8 94       	cli
    19f0:	de bf       	out	0x3e, r29	; 62
    19f2:	0f be       	out	0x3f, r0	; 63
    19f4:	cd bf       	out	0x3d, r28	; 61
    19f6:	df 91       	pop	r29
    19f8:	cf 91       	pop	r28
    19fa:	0f 91       	pop	r16
    19fc:	ff 90       	pop	r15
    19fe:	ef 90       	pop	r14
    1a00:	08 95       	ret
	uint8_t frame_len;
	if (device > 2 || channel > (MAX_CHANNEL-1))
		return;
	else
	{
		s_pIOU_Sfp_Payload->iouGetTempResponseFrame.Cmd = s_pCOPC_Sfp_Payload->commonFrame.Cmd;
    1a02:	a0 91 fa 08 	lds	r26, 0x08FA	; 0x8008fa <s_pIOU_Sfp_Payload>
    1a06:	b0 91 fb 08 	lds	r27, 0x08FB	; 0x8008fb <s_pIOU_Sfp_Payload+0x1>
    1a0a:	20 81       	ld	r18, Z
    1a0c:	2c 93       	st	X, r18
		s_pIOU_Sfp_Payload->iouGetTempResponseFrame.device = device;
    1a0e:	11 96       	adiw	r26, 0x01	; 1
    1a10:	9c 93       	st	X, r25
    1a12:	11 97       	sbiw	r26, 0x01	; 1
		s_pIOU_Sfp_Payload->iouGetTempResponseFrame.channel = channel;
    1a14:	12 96       	adiw	r26, 0x02	; 2
    1a16:	8c 93       	st	X, r24
		if (device == 0)
    1a18:	99 23       	and	r25, r25
    1a1a:	49 f0       	breq	.+18     	; 0x1a2e <copc_iou_get_temp+0x76>
			temp = (uint16_t)temperature_get_NTC(channel);
		if (device == 1)
    1a1c:	91 30       	cpi	r25, 0x01	; 1
    1a1e:	61 f1       	breq	.+88     	; 0x1a78 <copc_iou_get_temp+0xc0>
			temp = (uint16_t)temperature_get_onewire(channel);
		if (device == 2)
			temp = (uint16_t)temperature_get_bmp390();
    1a20:	0e 94 4d 15 	call	0x2a9a	; 0x2a9a <temperature_get_bmp390>
    1a24:	60 91 fa 08 	lds	r22, 0x08FA	; 0x8008fa <s_pIOU_Sfp_Payload>
    1a28:	70 91 fb 08 	lds	r23, 0x08FB	; 0x8008fb <s_pIOU_Sfp_Payload+0x1>
    1a2c:	06 c0       	rjmp	.+12     	; 0x1a3a <copc_iou_get_temp+0x82>
	{
		s_pIOU_Sfp_Payload->iouGetTempResponseFrame.Cmd = s_pCOPC_Sfp_Payload->commonFrame.Cmd;
		s_pIOU_Sfp_Payload->iouGetTempResponseFrame.device = device;
		s_pIOU_Sfp_Payload->iouGetTempResponseFrame.channel = channel;
		if (device == 0)
			temp = (uint16_t)temperature_get_NTC(channel);
    1a2e:	0e 94 3b 15 	call	0x2a76	; 0x2a76 <temperature_get_NTC>
    1a32:	60 91 fa 08 	lds	r22, 0x08FA	; 0x8008fa <s_pIOU_Sfp_Payload>
    1a36:	70 91 fb 08 	lds	r23, 0x08FB	; 0x8008fb <s_pIOU_Sfp_Payload+0x1>
		if (device == 1)
			temp = (uint16_t)temperature_get_onewire(channel);
		if (device == 2)
			temp = (uint16_t)temperature_get_bmp390();
		s_pIOU_Sfp_Payload->iouGetTempResponseFrame.temperature_high = (uint8_t)(temp >> 8);
    1a3a:	fb 01       	movw	r30, r22
    1a3c:	93 83       	std	Z+3, r25	; 0x03
		s_pIOU_Sfp_Payload->iouGetTempResponseFrame.temperature_low = (uint8_t)(temp);
    1a3e:	84 83       	std	Z+4, r24	; 0x04
		fsp_gen_pkt((void*)0, (uint8_t *)&s_pIOU_Sfp_Payload->iouGetTempResponseFrame, 5, FSP_ADR_COPC, FSP_PKT_TYPE_CMD_W_DATA, &s_IOU_FspPacket);
    1a40:	8e ef       	ldi	r24, 0xFE	; 254
    1a42:	e8 2e       	mov	r14, r24
    1a44:	88 e0       	ldi	r24, 0x08	; 8
    1a46:	f8 2e       	mov	r15, r24
    1a48:	07 e0       	ldi	r16, 0x07	; 7
    1a4a:	21 e0       	ldi	r18, 0x01	; 1
    1a4c:	45 e0       	ldi	r20, 0x05	; 5
    1a4e:	80 e0       	ldi	r24, 0x00	; 0
    1a50:	90 e0       	ldi	r25, 0x00	; 0
    1a52:	0e 94 f0 2b 	call	0x57e0	; 0x57e0 <fsp_gen_pkt>
 		fsp_encode(&s_IOU_FspPacket, encode_frame, &frame_len);
    1a56:	ae 01       	movw	r20, r28
    1a58:	4c 5b       	subi	r20, 0xBC	; 188
    1a5a:	5f 4f       	sbci	r21, 0xFF	; 255
    1a5c:	be 01       	movw	r22, r28
    1a5e:	6f 5f       	subi	r22, 0xFF	; 255
    1a60:	7f 4f       	sbci	r23, 0xFF	; 255
    1a62:	c7 01       	movw	r24, r14
    1a64:	0e 94 53 2c 	call	0x58a6	; 0x58a6 <fsp_encode>
		usart1_send_array((const char *)&encode_frame, frame_len);
    1a68:	25 96       	adiw	r28, 0x05	; 5
    1a6a:	6f ad       	ldd	r22, Y+63	; 0x3f
    1a6c:	25 97       	sbiw	r28, 0x05	; 5
    1a6e:	ce 01       	movw	r24, r28
    1a70:	01 96       	adiw	r24, 0x01	; 1
    1a72:	0e 94 b7 1b 	call	0x376e	; 0x376e <usart1_send_array>
    1a76:	b8 cf       	rjmp	.-144    	; 0x19e8 <copc_iou_get_temp+0x30>
		s_pIOU_Sfp_Payload->iouGetTempResponseFrame.device = device;
		s_pIOU_Sfp_Payload->iouGetTempResponseFrame.channel = channel;
		if (device == 0)
			temp = (uint16_t)temperature_get_NTC(channel);
		if (device == 1)
			temp = (uint16_t)temperature_get_onewire(channel);
    1a78:	0e 94 44 15 	call	0x2a88	; 0x2a88 <temperature_get_onewire>
    1a7c:	60 91 fa 08 	lds	r22, 0x08FA	; 0x8008fa <s_pIOU_Sfp_Payload>
    1a80:	70 91 fb 08 	lds	r23, 0x08FB	; 0x8008fb <s_pIOU_Sfp_Payload+0x1>
    1a84:	da cf       	rjmp	.-76     	; 0x1a3a <copc_iou_get_temp+0x82>

00001a86 <copc_iou_get_temp_setpoint>:
 		fsp_encode(&s_IOU_FspPacket, encode_frame, &frame_len);
		usart1_send_array((const char *)&encode_frame, frame_len);
	}
}
void copc_iou_get_temp_setpoint(void)
{
    1a86:	ef 92       	push	r14
    1a88:	ff 92       	push	r15
    1a8a:	0f 93       	push	r16
    1a8c:	1f 93       	push	r17
    1a8e:	cf 93       	push	r28
    1a90:	df 93       	push	r29
    1a92:	cd b7       	in	r28, 0x3d	; 61
    1a94:	de b7       	in	r29, 0x3e	; 62
    1a96:	c4 54       	subi	r28, 0x44	; 68
    1a98:	d1 09       	sbc	r29, r1
    1a9a:	0f b6       	in	r0, 0x3f	; 63
    1a9c:	f8 94       	cli
    1a9e:	de bf       	out	0x3e, r29	; 62
    1aa0:	0f be       	out	0x3f, r0	; 63
    1aa2:	cd bf       	out	0x3d, r28	; 61
	uint8_t channel = s_pCOPC_Sfp_Payload->getTempSetpointCommandFrame.channel;
    1aa4:	e0 91 fc 08 	lds	r30, 0x08FC	; 0x8008fc <s_pCOPC_Sfp_Payload>
    1aa8:	f0 91 fd 08 	lds	r31, 0x08FD	; 0x8008fd <s_pCOPC_Sfp_Payload+0x1>
    1aac:	11 81       	ldd	r17, Z+1	; 0x01
	if (channel > (MAX_CHANNEL-1))
    1aae:	14 30       	cpi	r17, 0x04	; 4
    1ab0:	70 f0       	brcs	.+28     	; 0x1ace <copc_iou_get_temp_setpoint+0x48>
	s_pIOU_Sfp_Payload->iouGetTempSetpointResponseFrame.temperature_low = (uint8_t)setpoint;
	
	fsp_gen_pkt((void*)0, (uint8_t *)&s_pIOU_Sfp_Payload->iouGetTempSetpointResponseFrame, 4, FSP_ADR_COPC, FSP_PKT_TYPE_CMD_W_DATA, &s_IOU_FspPacket);
	fsp_encode(&s_IOU_FspPacket, encode_frame, &frame_len);
	usart1_send_array((const char *)&encode_frame, frame_len);
}
    1ab2:	cc 5b       	subi	r28, 0xBC	; 188
    1ab4:	df 4f       	sbci	r29, 0xFF	; 255
    1ab6:	0f b6       	in	r0, 0x3f	; 63
    1ab8:	f8 94       	cli
    1aba:	de bf       	out	0x3e, r29	; 62
    1abc:	0f be       	out	0x3f, r0	; 63
    1abe:	cd bf       	out	0x3d, r28	; 61
    1ac0:	df 91       	pop	r29
    1ac2:	cf 91       	pop	r28
    1ac4:	1f 91       	pop	r17
    1ac6:	0f 91       	pop	r16
    1ac8:	ff 90       	pop	r15
    1aca:	ef 90       	pop	r14
    1acc:	08 95       	ret
	uint8_t channel = s_pCOPC_Sfp_Payload->getTempSetpointCommandFrame.channel;
	if (channel > (MAX_CHANNEL-1))
		return;
	uint8_t encode_frame[FSP_PKT_MAX_LENGTH];
	uint8_t frame_len;
	int16_t setpoint = (int16_t)temperature_get_setpoint(channel);
    1ace:	81 2f       	mov	r24, r17
    1ad0:	0e 94 f1 15 	call	0x2be2	; 0x2be2 <temperature_get_setpoint>
	
	s_pIOU_Sfp_Payload->iouGetTempSetpointResponseFrame.Cmd = s_pCOPC_Sfp_Payload->commonFrame.Cmd;
    1ad4:	e0 91 fa 08 	lds	r30, 0x08FA	; 0x8008fa <s_pIOU_Sfp_Payload>
    1ad8:	f0 91 fb 08 	lds	r31, 0x08FB	; 0x8008fb <s_pIOU_Sfp_Payload+0x1>
    1adc:	a0 91 fc 08 	lds	r26, 0x08FC	; 0x8008fc <s_pCOPC_Sfp_Payload>
    1ae0:	b0 91 fd 08 	lds	r27, 0x08FD	; 0x8008fd <s_pCOPC_Sfp_Payload+0x1>
    1ae4:	2c 91       	ld	r18, X
    1ae6:	20 83       	st	Z, r18
	s_pIOU_Sfp_Payload->iouGetTempSetpointResponseFrame.channel = channel;
    1ae8:	11 83       	std	Z+1, r17	; 0x01
	s_pIOU_Sfp_Payload->iouGetTempSetpointResponseFrame.temperature_high = (uint8_t)(setpoint >> 8);
    1aea:	92 83       	std	Z+2, r25	; 0x02
	s_pIOU_Sfp_Payload->iouGetTempSetpointResponseFrame.temperature_low = (uint8_t)setpoint;
    1aec:	83 83       	std	Z+3, r24	; 0x03
	
	fsp_gen_pkt((void*)0, (uint8_t *)&s_pIOU_Sfp_Payload->iouGetTempSetpointResponseFrame, 4, FSP_ADR_COPC, FSP_PKT_TYPE_CMD_W_DATA, &s_IOU_FspPacket);
    1aee:	8e ef       	ldi	r24, 0xFE	; 254
    1af0:	e8 2e       	mov	r14, r24
    1af2:	88 e0       	ldi	r24, 0x08	; 8
    1af4:	f8 2e       	mov	r15, r24
    1af6:	07 e0       	ldi	r16, 0x07	; 7
    1af8:	21 e0       	ldi	r18, 0x01	; 1
    1afa:	44 e0       	ldi	r20, 0x04	; 4
    1afc:	bf 01       	movw	r22, r30
    1afe:	80 e0       	ldi	r24, 0x00	; 0
    1b00:	90 e0       	ldi	r25, 0x00	; 0
    1b02:	0e 94 f0 2b 	call	0x57e0	; 0x57e0 <fsp_gen_pkt>
	fsp_encode(&s_IOU_FspPacket, encode_frame, &frame_len);
    1b06:	ae 01       	movw	r20, r28
    1b08:	4c 5b       	subi	r20, 0xBC	; 188
    1b0a:	5f 4f       	sbci	r21, 0xFF	; 255
    1b0c:	be 01       	movw	r22, r28
    1b0e:	6f 5f       	subi	r22, 0xFF	; 255
    1b10:	7f 4f       	sbci	r23, 0xFF	; 255
    1b12:	c7 01       	movw	r24, r14
    1b14:	0e 94 53 2c 	call	0x58a6	; 0x58a6 <fsp_encode>
	usart1_send_array((const char *)&encode_frame, frame_len);
    1b18:	25 96       	adiw	r28, 0x05	; 5
    1b1a:	6f ad       	ldd	r22, Y+63	; 0x3f
    1b1c:	25 97       	sbiw	r28, 0x05	; 5
    1b1e:	ce 01       	movw	r24, r28
    1b20:	01 96       	adiw	r24, 0x01	; 1
    1b22:	0e 94 b7 1b 	call	0x376e	; 0x376e <usart1_send_array>
    1b26:	c5 cf       	rjmp	.-118    	; 0x1ab2 <copc_iou_get_temp_setpoint+0x2c>

00001b28 <copc_iou_tec_status>:
}

void copc_iou_tec_status(void)
{
    1b28:	ef 92       	push	r14
    1b2a:	ff 92       	push	r15
    1b2c:	0f 93       	push	r16
    1b2e:	1f 93       	push	r17
    1b30:	cf 93       	push	r28
    1b32:	df 93       	push	r29
    1b34:	cd b7       	in	r28, 0x3d	; 61
    1b36:	de b7       	in	r29, 0x3e	; 62
    1b38:	c4 54       	subi	r28, 0x44	; 68
    1b3a:	d1 09       	sbc	r29, r1
    1b3c:	0f b6       	in	r0, 0x3f	; 63
    1b3e:	f8 94       	cli
    1b40:	de bf       	out	0x3e, r29	; 62
    1b42:	0f be       	out	0x3f, r0	; 63
    1b44:	cd bf       	out	0x3d, r28	; 61
	uint8_t encode_frame[FSP_PKT_MAX_LENGTH];
	uint8_t frame_len;
	uint16_t temp;
	s_pIOU_Sfp_Payload->iouGetTECResponseFrame.Cmd = s_pCOPC_Sfp_Payload->commonFrame.Cmd;
    1b46:	e0 91 fc 08 	lds	r30, 0x08FC	; 0x8008fc <s_pCOPC_Sfp_Payload>
    1b4a:	f0 91 fd 08 	lds	r31, 0x08FD	; 0x8008fd <s_pCOPC_Sfp_Payload+0x1>
    1b4e:	80 81       	ld	r24, Z
    1b50:	e0 91 fa 08 	lds	r30, 0x08FA	; 0x8008fa <s_pIOU_Sfp_Payload>
    1b54:	f0 91 fb 08 	lds	r31, 0x08FB	; 0x8008fb <s_pIOU_Sfp_Payload+0x1>
    1b58:	80 83       	st	Z, r24
	
	//temp
	temp = temperature_get_NTC(0);
    1b5a:	80 e0       	ldi	r24, 0x00	; 0
    1b5c:	0e 94 3b 15 	call	0x2a76	; 0x2a76 <temperature_get_NTC>
	s_pIOU_Sfp_Payload->iouGetTECResponseFrame.Temp_NTC_channel_0 = (temp << 8) | (temp >> 8);
    1b60:	e0 91 fa 08 	lds	r30, 0x08FA	; 0x8008fa <s_pIOU_Sfp_Payload>
    1b64:	f0 91 fb 08 	lds	r31, 0x08FB	; 0x8008fb <s_pIOU_Sfp_Payload+0x1>
    1b68:	98 27       	eor	r25, r24
    1b6a:	89 27       	eor	r24, r25
    1b6c:	98 27       	eor	r25, r24
    1b6e:	92 83       	std	Z+2, r25	; 0x02
    1b70:	81 83       	std	Z+1, r24	; 0x01
	temp = temperature_get_NTC(1);
    1b72:	81 e0       	ldi	r24, 0x01	; 1
    1b74:	0e 94 3b 15 	call	0x2a76	; 0x2a76 <temperature_get_NTC>
	s_pIOU_Sfp_Payload->iouGetTECResponseFrame.Temp_NTC_channel_1 = (temp << 8) | (temp >> 8);
    1b78:	e0 91 fa 08 	lds	r30, 0x08FA	; 0x8008fa <s_pIOU_Sfp_Payload>
    1b7c:	f0 91 fb 08 	lds	r31, 0x08FB	; 0x8008fb <s_pIOU_Sfp_Payload+0x1>
    1b80:	98 27       	eor	r25, r24
    1b82:	89 27       	eor	r24, r25
    1b84:	98 27       	eor	r25, r24
    1b86:	94 83       	std	Z+4, r25	; 0x04
    1b88:	83 83       	std	Z+3, r24	; 0x03
	temp = temperature_get_NTC(2);
    1b8a:	82 e0       	ldi	r24, 0x02	; 2
    1b8c:	0e 94 3b 15 	call	0x2a76	; 0x2a76 <temperature_get_NTC>
	s_pIOU_Sfp_Payload->iouGetTECResponseFrame.Temp_NTC_channel_2 = (temp << 8) | (temp >> 8);
    1b90:	e0 91 fa 08 	lds	r30, 0x08FA	; 0x8008fa <s_pIOU_Sfp_Payload>
    1b94:	f0 91 fb 08 	lds	r31, 0x08FB	; 0x8008fb <s_pIOU_Sfp_Payload+0x1>
    1b98:	98 27       	eor	r25, r24
    1b9a:	89 27       	eor	r24, r25
    1b9c:	98 27       	eor	r25, r24
    1b9e:	96 83       	std	Z+6, r25	; 0x06
    1ba0:	85 83       	std	Z+5, r24	; 0x05
	temp = temperature_get_NTC(3);
    1ba2:	83 e0       	ldi	r24, 0x03	; 3
    1ba4:	0e 94 3b 15 	call	0x2a76	; 0x2a76 <temperature_get_NTC>
	s_pIOU_Sfp_Payload->iouGetTECResponseFrame.Temp_NTC_channel_3 = (temp << 8) | (temp >> 8);
    1ba8:	e0 91 fa 08 	lds	r30, 0x08FA	; 0x8008fa <s_pIOU_Sfp_Payload>
    1bac:	f0 91 fb 08 	lds	r31, 0x08FB	; 0x8008fb <s_pIOU_Sfp_Payload+0x1>
    1bb0:	98 27       	eor	r25, r24
    1bb2:	89 27       	eor	r24, r25
    1bb4:	98 27       	eor	r25, r24
    1bb6:	90 87       	std	Z+8, r25	; 0x08
    1bb8:	87 83       	std	Z+7, r24	; 0x07
	temp = temperature_get_bmp390();
    1bba:	0e 94 4d 15 	call	0x2a9a	; 0x2a9a <temperature_get_bmp390>
	s_pIOU_Sfp_Payload->iouGetTECResponseFrame.Temp_i2c_sensor	= (temp << 8) | (temp >> 8);
    1bbe:	e0 91 fa 08 	lds	r30, 0x08FA	; 0x8008fa <s_pIOU_Sfp_Payload>
    1bc2:	f0 91 fb 08 	lds	r31, 0x08FB	; 0x8008fb <s_pIOU_Sfp_Payload+0x1>
    1bc6:	98 27       	eor	r25, r24
    1bc8:	89 27       	eor	r24, r25
    1bca:	98 27       	eor	r25, r24
    1bcc:	92 87       	std	Z+10, r25	; 0x0a
    1bce:	81 87       	std	Z+9, r24	; 0x09
	//setpoint
	temp = temperature_get_setpoint(0);
    1bd0:	80 e0       	ldi	r24, 0x00	; 0
    1bd2:	0e 94 f1 15 	call	0x2be2	; 0x2be2 <temperature_get_setpoint>
	s_pIOU_Sfp_Payload->iouGetTECResponseFrame.Temp_setpoint_channel_0 = (temp << 8) | (temp >> 8);
    1bd6:	e0 91 fa 08 	lds	r30, 0x08FA	; 0x8008fa <s_pIOU_Sfp_Payload>
    1bda:	f0 91 fb 08 	lds	r31, 0x08FB	; 0x8008fb <s_pIOU_Sfp_Payload+0x1>
    1bde:	98 27       	eor	r25, r24
    1be0:	89 27       	eor	r24, r25
    1be2:	98 27       	eor	r25, r24
    1be4:	94 87       	std	Z+12, r25	; 0x0c
    1be6:	83 87       	std	Z+11, r24	; 0x0b
	temp = temperature_get_setpoint(1);
    1be8:	81 e0       	ldi	r24, 0x01	; 1
    1bea:	0e 94 f1 15 	call	0x2be2	; 0x2be2 <temperature_get_setpoint>
	s_pIOU_Sfp_Payload->iouGetTECResponseFrame.Temp_setpoint_channel_1 = (temp << 8) | (temp >> 8);
    1bee:	e0 91 fa 08 	lds	r30, 0x08FA	; 0x8008fa <s_pIOU_Sfp_Payload>
    1bf2:	f0 91 fb 08 	lds	r31, 0x08FB	; 0x8008fb <s_pIOU_Sfp_Payload+0x1>
    1bf6:	98 27       	eor	r25, r24
    1bf8:	89 27       	eor	r24, r25
    1bfa:	98 27       	eor	r25, r24
    1bfc:	96 87       	std	Z+14, r25	; 0x0e
    1bfe:	85 87       	std	Z+13, r24	; 0x0d
	temp = temperature_get_setpoint(2);
    1c00:	82 e0       	ldi	r24, 0x02	; 2
    1c02:	0e 94 f1 15 	call	0x2be2	; 0x2be2 <temperature_get_setpoint>
	s_pIOU_Sfp_Payload->iouGetTECResponseFrame.Temp_setpoint_channel_2 = (temp << 8) | (temp >> 8);
    1c06:	e0 91 fa 08 	lds	r30, 0x08FA	; 0x8008fa <s_pIOU_Sfp_Payload>
    1c0a:	f0 91 fb 08 	lds	r31, 0x08FB	; 0x8008fb <s_pIOU_Sfp_Payload+0x1>
    1c0e:	98 27       	eor	r25, r24
    1c10:	89 27       	eor	r24, r25
    1c12:	98 27       	eor	r25, r24
    1c14:	90 8b       	std	Z+16, r25	; 0x10
    1c16:	87 87       	std	Z+15, r24	; 0x0f
	temp = temperature_get_setpoint(3);
    1c18:	83 e0       	ldi	r24, 0x03	; 3
    1c1a:	0e 94 f1 15 	call	0x2be2	; 0x2be2 <temperature_get_setpoint>
	s_pIOU_Sfp_Payload->iouGetTECResponseFrame.Temp_setpoint_channel_3 = (temp << 8) | (temp >> 8);
    1c1e:	e0 91 fa 08 	lds	r30, 0x08FA	; 0x8008fa <s_pIOU_Sfp_Payload>
    1c22:	f0 91 fb 08 	lds	r31, 0x08FB	; 0x8008fb <s_pIOU_Sfp_Payload+0x1>
    1c26:	98 27       	eor	r25, r24
    1c28:	89 27       	eor	r24, r25
    1c2a:	98 27       	eor	r25, r24
    1c2c:	92 8b       	std	Z+18, r25	; 0x12
    1c2e:	81 8b       	std	Z+17, r24	; 0x11
	//voltage
	temp = temperature_get_voltage_now(0);
    1c30:	80 e0       	ldi	r24, 0x00	; 0
    1c32:	0e 94 e8 15 	call	0x2bd0	; 0x2bd0 <temperature_get_voltage_now>
	s_pIOU_Sfp_Payload->iouGetTECResponseFrame.Voltage_out_now_tec_channel_0 = (temp << 8) | (temp >> 8);
    1c36:	e0 91 fa 08 	lds	r30, 0x08FA	; 0x8008fa <s_pIOU_Sfp_Payload>
    1c3a:	f0 91 fb 08 	lds	r31, 0x08FB	; 0x8008fb <s_pIOU_Sfp_Payload+0x1>
    1c3e:	98 27       	eor	r25, r24
    1c40:	89 27       	eor	r24, r25
    1c42:	98 27       	eor	r25, r24
    1c44:	94 8b       	std	Z+20, r25	; 0x14
    1c46:	83 8b       	std	Z+19, r24	; 0x13
	temp = temperature_get_voltage_now(1);
    1c48:	81 e0       	ldi	r24, 0x01	; 1
    1c4a:	0e 94 e8 15 	call	0x2bd0	; 0x2bd0 <temperature_get_voltage_now>
	s_pIOU_Sfp_Payload->iouGetTECResponseFrame.Voltage_out_now_tec_channel_1 = (temp << 8) | (temp >> 8);
    1c4e:	e0 91 fa 08 	lds	r30, 0x08FA	; 0x8008fa <s_pIOU_Sfp_Payload>
    1c52:	f0 91 fb 08 	lds	r31, 0x08FB	; 0x8008fb <s_pIOU_Sfp_Payload+0x1>
    1c56:	98 27       	eor	r25, r24
    1c58:	89 27       	eor	r24, r25
    1c5a:	98 27       	eor	r25, r24
    1c5c:	96 8b       	std	Z+22, r25	; 0x16
    1c5e:	85 8b       	std	Z+21, r24	; 0x15
	temp = temperature_get_voltage_now(2);
    1c60:	82 e0       	ldi	r24, 0x02	; 2
    1c62:	0e 94 e8 15 	call	0x2bd0	; 0x2bd0 <temperature_get_voltage_now>
	s_pIOU_Sfp_Payload->iouGetTECResponseFrame.Voltage_out_now_tec_channel_2 = (temp << 8) | (temp >> 8);
    1c66:	e0 91 fa 08 	lds	r30, 0x08FA	; 0x8008fa <s_pIOU_Sfp_Payload>
    1c6a:	f0 91 fb 08 	lds	r31, 0x08FB	; 0x8008fb <s_pIOU_Sfp_Payload+0x1>
    1c6e:	98 27       	eor	r25, r24
    1c70:	89 27       	eor	r24, r25
    1c72:	98 27       	eor	r25, r24
    1c74:	90 8f       	std	Z+24, r25	; 0x18
    1c76:	87 8b       	std	Z+23, r24	; 0x17
	temp = temperature_get_voltage_now(3);
    1c78:	83 e0       	ldi	r24, 0x03	; 3
    1c7a:	0e 94 e8 15 	call	0x2bd0	; 0x2bd0 <temperature_get_voltage_now>
	s_pIOU_Sfp_Payload->iouGetTECResponseFrame.Voltage_out_now_tec_channel_3 = (temp << 8) | (temp >> 8);
    1c7e:	e0 91 fa 08 	lds	r30, 0x08FA	; 0x8008fa <s_pIOU_Sfp_Payload>
    1c82:	f0 91 fb 08 	lds	r31, 0x08FB	; 0x8008fb <s_pIOU_Sfp_Payload+0x1>
    1c86:	98 27       	eor	r25, r24
    1c88:	89 27       	eor	r24, r25
    1c8a:	98 27       	eor	r25, r24
    1c8c:	92 8f       	std	Z+26, r25	; 0x1a
    1c8e:	81 8f       	std	Z+25, r24	; 0x19
	// TEC status
	temp = temperature_tec_get_status();
    1c90:	0e 94 00 16 	call	0x2c00	; 0x2c00 <temperature_tec_get_status>
	s_pIOU_Sfp_Payload->iouGetTECResponseFrame.TEC_auto_channel_0 = (temp & (1 << TEC0_AUTO)) >> TEC0_AUTO;
    1c94:	00 91 fa 08 	lds	r16, 0x08FA	; 0x8008fa <s_pIOU_Sfp_Payload>
    1c98:	10 91 fb 08 	lds	r17, 0x08FB	; 0x8008fb <s_pIOU_Sfp_Payload+0x1>
    1c9c:	81 fb       	bst	r24, 1
    1c9e:	99 27       	eor	r25, r25
    1ca0:	90 f9       	bld	r25, 0
    1ca2:	f8 01       	movw	r30, r16
    1ca4:	93 8f       	std	Z+27, r25	; 0x1b
	s_pIOU_Sfp_Payload->iouGetTECResponseFrame.TEC_auto_channel_1 = (temp & (1 << TEC1_AUTO)) >> TEC1_AUTO;
    1ca6:	83 fb       	bst	r24, 3
    1ca8:	99 27       	eor	r25, r25
    1caa:	90 f9       	bld	r25, 0
    1cac:	94 8f       	std	Z+28, r25	; 0x1c
	s_pIOU_Sfp_Payload->iouGetTECResponseFrame.TEC_auto_channel_2 = (temp & (1 << TEC2_AUTO)) >> TEC2_AUTO;
    1cae:	85 fb       	bst	r24, 5
    1cb0:	99 27       	eor	r25, r25
    1cb2:	90 f9       	bld	r25, 0
    1cb4:	95 8f       	std	Z+29, r25	; 0x1d
	s_pIOU_Sfp_Payload->iouGetTECResponseFrame.TEC_auto_channel_3 = (temp & (1 << TEC3_AUTO)) >> TEC3_AUTO;
    1cb6:	28 2f       	mov	r18, r24
    1cb8:	20 78       	andi	r18, 0x80	; 128
    1cba:	30 e0       	ldi	r19, 0x00	; 0
    1cbc:	22 0f       	add	r18, r18
    1cbe:	23 2f       	mov	r18, r19
    1cc0:	22 1f       	adc	r18, r18
    1cc2:	33 0b       	sbc	r19, r19
    1cc4:	31 95       	neg	r19
    1cc6:	26 8f       	std	Z+30, r18	; 0x1e
	
	s_pIOU_Sfp_Payload->iouGetTECResponseFrame.TEC_ena_channel_0 = (temp & (1 << TEC0_ENA)) >> TEC0_ENA;
    1cc8:	98 2f       	mov	r25, r24
    1cca:	91 70       	andi	r25, 0x01	; 1
    1ccc:	97 8f       	std	Z+31, r25	; 0x1f
	s_pIOU_Sfp_Payload->iouGetTECResponseFrame.TEC_ena_channel_1 = (temp & (1 << TEC1_ENA)) >> TEC1_ENA;
    1cce:	82 fb       	bst	r24, 2
    1cd0:	99 27       	eor	r25, r25
    1cd2:	90 f9       	bld	r25, 0
    1cd4:	90 a3       	std	Z+32, r25	; 0x20
	s_pIOU_Sfp_Payload->iouGetTECResponseFrame.TEC_ena_channel_2 = (temp & (1 << TEC2_ENA)) >> TEC2_ENA;
    1cd6:	84 fb       	bst	r24, 4
    1cd8:	99 27       	eor	r25, r25
    1cda:	90 f9       	bld	r25, 0
    1cdc:	91 a3       	std	Z+33, r25	; 0x21
	s_pIOU_Sfp_Payload->iouGetTECResponseFrame.TEC_ena_channel_3 = (temp & (1 << TEC3_ENA)) >> TEC3_ENA;
    1cde:	86 fb       	bst	r24, 6
    1ce0:	88 27       	eor	r24, r24
    1ce2:	80 f9       	bld	r24, 0
    1ce4:	82 a3       	std	Z+34, r24	; 0x22
	
	s_pIOU_Sfp_Payload->iouGetTECResponseFrame.TEC_mode_channel_0 = temperature_get_mode(0);
    1ce6:	80 e0       	ldi	r24, 0x00	; 0
    1ce8:	0e 94 fa 15 	call	0x2bf4	; 0x2bf4 <temperature_get_mode>
    1cec:	f8 01       	movw	r30, r16
    1cee:	83 a3       	std	Z+35, r24	; 0x23
	s_pIOU_Sfp_Payload->iouGetTECResponseFrame.TEC_mode_channel_1 = temperature_get_mode(1);
    1cf0:	00 91 fa 08 	lds	r16, 0x08FA	; 0x8008fa <s_pIOU_Sfp_Payload>
    1cf4:	10 91 fb 08 	lds	r17, 0x08FB	; 0x8008fb <s_pIOU_Sfp_Payload+0x1>
    1cf8:	81 e0       	ldi	r24, 0x01	; 1
    1cfa:	0e 94 fa 15 	call	0x2bf4	; 0x2bf4 <temperature_get_mode>
    1cfe:	f8 01       	movw	r30, r16
    1d00:	84 a3       	std	Z+36, r24	; 0x24
	s_pIOU_Sfp_Payload->iouGetTECResponseFrame.TEC_mode_channel_2 = temperature_get_mode(2);
    1d02:	00 91 fa 08 	lds	r16, 0x08FA	; 0x8008fa <s_pIOU_Sfp_Payload>
    1d06:	10 91 fb 08 	lds	r17, 0x08FB	; 0x8008fb <s_pIOU_Sfp_Payload+0x1>
    1d0a:	82 e0       	ldi	r24, 0x02	; 2
    1d0c:	0e 94 fa 15 	call	0x2bf4	; 0x2bf4 <temperature_get_mode>
    1d10:	f8 01       	movw	r30, r16
    1d12:	85 a3       	std	Z+37, r24	; 0x25
	s_pIOU_Sfp_Payload->iouGetTECResponseFrame.TEC_mode_channel_3 = temperature_get_mode(3);
    1d14:	00 91 fa 08 	lds	r16, 0x08FA	; 0x8008fa <s_pIOU_Sfp_Payload>
    1d18:	10 91 fb 08 	lds	r17, 0x08FB	; 0x8008fb <s_pIOU_Sfp_Payload+0x1>
    1d1c:	83 e0       	ldi	r24, 0x03	; 3
    1d1e:	0e 94 fa 15 	call	0x2bf4	; 0x2bf4 <temperature_get_mode>
    1d22:	f8 01       	movw	r30, r16
    1d24:	86 a3       	std	Z+38, r24	; 0x26
	fsp_gen_pkt((void*)0, (uint8_t *)&s_pIOU_Sfp_Payload->iouGetTECResponseFrame, 39, FSP_ADR_COPC, FSP_PKT_TYPE_CMD_W_DATA, &s_IOU_FspPacket);
    1d26:	60 91 fa 08 	lds	r22, 0x08FA	; 0x8008fa <s_pIOU_Sfp_Payload>
    1d2a:	70 91 fb 08 	lds	r23, 0x08FB	; 0x8008fb <s_pIOU_Sfp_Payload+0x1>
    1d2e:	2e ef       	ldi	r18, 0xFE	; 254
    1d30:	e2 2e       	mov	r14, r18
    1d32:	28 e0       	ldi	r18, 0x08	; 8
    1d34:	f2 2e       	mov	r15, r18
    1d36:	07 e0       	ldi	r16, 0x07	; 7
    1d38:	21 e0       	ldi	r18, 0x01	; 1
    1d3a:	47 e2       	ldi	r20, 0x27	; 39
    1d3c:	80 e0       	ldi	r24, 0x00	; 0
    1d3e:	90 e0       	ldi	r25, 0x00	; 0
    1d40:	0e 94 f0 2b 	call	0x57e0	; 0x57e0 <fsp_gen_pkt>
	fsp_encode(&s_IOU_FspPacket, encode_frame, &frame_len);
    1d44:	ae 01       	movw	r20, r28
    1d46:	4c 5b       	subi	r20, 0xBC	; 188
    1d48:	5f 4f       	sbci	r21, 0xFF	; 255
    1d4a:	be 01       	movw	r22, r28
    1d4c:	6f 5f       	subi	r22, 0xFF	; 255
    1d4e:	7f 4f       	sbci	r23, 0xFF	; 255
    1d50:	c7 01       	movw	r24, r14
    1d52:	0e 94 53 2c 	call	0x58a6	; 0x58a6 <fsp_encode>
	usart1_send_array((const char *)&encode_frame, frame_len);
    1d56:	25 96       	adiw	r28, 0x05	; 5
    1d58:	6f ad       	ldd	r22, Y+63	; 0x3f
    1d5a:	25 97       	sbiw	r28, 0x05	; 5
    1d5c:	ce 01       	movw	r24, r28
    1d5e:	01 96       	adiw	r24, 0x01	; 1
    1d60:	0e 94 b7 1b 	call	0x376e	; 0x376e <usart1_send_array>
	return;
}
    1d64:	cc 5b       	subi	r28, 0xBC	; 188
    1d66:	df 4f       	sbci	r29, 0xFF	; 255
    1d68:	0f b6       	in	r0, 0x3f	; 63
    1d6a:	f8 94       	cli
    1d6c:	de bf       	out	0x3e, r29	; 62
    1d6e:	0f be       	out	0x3f, r0	; 63
    1d70:	cd bf       	out	0x3d, r28	; 61
    1d72:	df 91       	pop	r29
    1d74:	cf 91       	pop	r28
    1d76:	1f 91       	pop	r17
    1d78:	0f 91       	pop	r16
    1d7a:	ff 90       	pop	r15
    1d7c:	ef 90       	pop	r14
    1d7e:	08 95       	ret

00001d80 <copc_iou_ringled_get_RGBW>:

void copc_iou_ringled_get_RGBW(void)
{
    1d80:	ef 92       	push	r14
    1d82:	ff 92       	push	r15
    1d84:	0f 93       	push	r16
    1d86:	cf 93       	push	r28
    1d88:	df 93       	push	r29
    1d8a:	cd b7       	in	r28, 0x3d	; 61
    1d8c:	de b7       	in	r29, 0x3e	; 62
    1d8e:	c4 54       	subi	r28, 0x44	; 68
    1d90:	d1 09       	sbc	r29, r1
    1d92:	0f b6       	in	r0, 0x3f	; 63
    1d94:	f8 94       	cli
    1d96:	de bf       	out	0x3e, r29	; 62
    1d98:	0f be       	out	0x3f, r0	; 63
    1d9a:	cd bf       	out	0x3d, r28	; 61
	uint8_t encode_frame[FSP_PKT_MAX_LENGTH];
	uint8_t frame_len;
	rgbw_color RGBW = ringled_get_RGBW();
    1d9c:	0e 94 ab 29 	call	0x5356	; 0x5356 <ringled_get_RGBW>
	s_pIOU_Sfp_Payload->iouRingledGetRGBResponseFrame.Cmd = s_pCOPC_Sfp_Payload->commonFrame.Cmd;
    1da0:	e0 91 fa 08 	lds	r30, 0x08FA	; 0x8008fa <s_pIOU_Sfp_Payload>
    1da4:	f0 91 fb 08 	lds	r31, 0x08FB	; 0x8008fb <s_pIOU_Sfp_Payload+0x1>
    1da8:	a0 91 fc 08 	lds	r26, 0x08FC	; 0x8008fc <s_pCOPC_Sfp_Payload>
    1dac:	b0 91 fd 08 	lds	r27, 0x08FD	; 0x8008fd <s_pCOPC_Sfp_Payload+0x1>
    1db0:	2c 91       	ld	r18, X
    1db2:	20 83       	st	Z, r18
	s_pIOU_Sfp_Payload->iouRingledGetRGBResponseFrame.red = RGBW.red;
    1db4:	61 83       	std	Z+1, r22	; 0x01
	s_pIOU_Sfp_Payload->iouRingledGetRGBResponseFrame.green = RGBW.green;
    1db6:	72 83       	std	Z+2, r23	; 0x02
	s_pIOU_Sfp_Payload->iouRingledGetRGBResponseFrame.blue = RGBW.blue;
    1db8:	83 83       	std	Z+3, r24	; 0x03
	s_pIOU_Sfp_Payload->iouRingledGetRGBResponseFrame.white = RGBW.white;
    1dba:	94 83       	std	Z+4, r25	; 0x04
	fsp_gen_pkt((void*)0, (uint8_t *)&s_pIOU_Sfp_Payload->iouRingledGetRGBResponseFrame, 5, FSP_ADR_COPC, FSP_PKT_TYPE_CMD_W_DATA, &s_IOU_FspPacket);
    1dbc:	8e ef       	ldi	r24, 0xFE	; 254
    1dbe:	e8 2e       	mov	r14, r24
    1dc0:	88 e0       	ldi	r24, 0x08	; 8
    1dc2:	f8 2e       	mov	r15, r24
    1dc4:	07 e0       	ldi	r16, 0x07	; 7
    1dc6:	21 e0       	ldi	r18, 0x01	; 1
    1dc8:	45 e0       	ldi	r20, 0x05	; 5
    1dca:	bf 01       	movw	r22, r30
    1dcc:	80 e0       	ldi	r24, 0x00	; 0
    1dce:	90 e0       	ldi	r25, 0x00	; 0
    1dd0:	0e 94 f0 2b 	call	0x57e0	; 0x57e0 <fsp_gen_pkt>
	fsp_encode(&s_IOU_FspPacket, encode_frame, &frame_len);
    1dd4:	ae 01       	movw	r20, r28
    1dd6:	4c 5b       	subi	r20, 0xBC	; 188
    1dd8:	5f 4f       	sbci	r21, 0xFF	; 255
    1dda:	be 01       	movw	r22, r28
    1ddc:	6f 5f       	subi	r22, 0xFF	; 255
    1dde:	7f 4f       	sbci	r23, 0xFF	; 255
    1de0:	c7 01       	movw	r24, r14
    1de2:	0e 94 53 2c 	call	0x58a6	; 0x58a6 <fsp_encode>
	usart1_send_array((const char *)&encode_frame, frame_len);
    1de6:	25 96       	adiw	r28, 0x05	; 5
    1de8:	6f ad       	ldd	r22, Y+63	; 0x3f
    1dea:	25 97       	sbiw	r28, 0x05	; 5
    1dec:	ce 01       	movw	r24, r28
    1dee:	01 96       	adiw	r24, 0x01	; 1
    1df0:	0e 94 b7 1b 	call	0x376e	; 0x376e <usart1_send_array>
}
    1df4:	cc 5b       	subi	r28, 0xBC	; 188
    1df6:	df 4f       	sbci	r29, 0xFF	; 255
    1df8:	0f b6       	in	r0, 0x3f	; 63
    1dfa:	f8 94       	cli
    1dfc:	de bf       	out	0x3e, r29	; 62
    1dfe:	0f be       	out	0x3f, r0	; 63
    1e00:	cd bf       	out	0x3d, r28	; 61
    1e02:	df 91       	pop	r29
    1e04:	cf 91       	pop	r28
    1e06:	0f 91       	pop	r16
    1e08:	ff 90       	pop	r15
    1e0a:	ef 90       	pop	r14
    1e0c:	08 95       	ret

00001e0e <copc_iou_irled_get_bright>:
void copc_iou_irled_get_bright(void)
{
    1e0e:	ef 92       	push	r14
    1e10:	ff 92       	push	r15
    1e12:	0f 93       	push	r16
    1e14:	cf 93       	push	r28
    1e16:	df 93       	push	r29
    1e18:	cd b7       	in	r28, 0x3d	; 61
    1e1a:	de b7       	in	r29, 0x3e	; 62
    1e1c:	c4 54       	subi	r28, 0x44	; 68
    1e1e:	d1 09       	sbc	r29, r1
    1e20:	0f b6       	in	r0, 0x3f	; 63
    1e22:	f8 94       	cli
    1e24:	de bf       	out	0x3e, r29	; 62
    1e26:	0f be       	out	0x3f, r0	; 63
    1e28:	cd bf       	out	0x3d, r28	; 61
	uint8_t encode_frame[FSP_PKT_MAX_LENGTH];
	uint8_t frame_len;
	uint8_t duty = IR_led_get_Current_DutyCyclesPercent();
    1e2a:	0e 94 0e 12 	call	0x241c	; 0x241c <IR_led_get_Current_DutyCyclesPercent>
	s_pIOU_Sfp_Payload->iouIRledGetBrightResponseFrame.Cmd = s_pCOPC_Sfp_Payload->commonFrame.Cmd;
    1e2e:	60 91 fa 08 	lds	r22, 0x08FA	; 0x8008fa <s_pIOU_Sfp_Payload>
    1e32:	70 91 fb 08 	lds	r23, 0x08FB	; 0x8008fb <s_pIOU_Sfp_Payload+0x1>
    1e36:	e0 91 fc 08 	lds	r30, 0x08FC	; 0x8008fc <s_pCOPC_Sfp_Payload>
    1e3a:	f0 91 fd 08 	lds	r31, 0x08FD	; 0x8008fd <s_pCOPC_Sfp_Payload+0x1>
    1e3e:	90 81       	ld	r25, Z
    1e40:	fb 01       	movw	r30, r22
    1e42:	90 83       	st	Z, r25
	s_pIOU_Sfp_Payload->iouIRledGetBrightResponseFrame.duty =duty;
    1e44:	81 83       	std	Z+1, r24	; 0x01
	fsp_gen_pkt((void*)0, (uint8_t *)&s_pIOU_Sfp_Payload->iouIRledGetBrightResponseFrame, 2, FSP_ADR_COPC, FSP_PKT_TYPE_CMD_W_DATA, &s_IOU_FspPacket);
    1e46:	8e ef       	ldi	r24, 0xFE	; 254
    1e48:	e8 2e       	mov	r14, r24
    1e4a:	88 e0       	ldi	r24, 0x08	; 8
    1e4c:	f8 2e       	mov	r15, r24
    1e4e:	07 e0       	ldi	r16, 0x07	; 7
    1e50:	21 e0       	ldi	r18, 0x01	; 1
    1e52:	42 e0       	ldi	r20, 0x02	; 2
    1e54:	80 e0       	ldi	r24, 0x00	; 0
    1e56:	90 e0       	ldi	r25, 0x00	; 0
    1e58:	0e 94 f0 2b 	call	0x57e0	; 0x57e0 <fsp_gen_pkt>
	fsp_encode(&s_IOU_FspPacket, encode_frame, &frame_len);
    1e5c:	ae 01       	movw	r20, r28
    1e5e:	4c 5b       	subi	r20, 0xBC	; 188
    1e60:	5f 4f       	sbci	r21, 0xFF	; 255
    1e62:	be 01       	movw	r22, r28
    1e64:	6f 5f       	subi	r22, 0xFF	; 255
    1e66:	7f 4f       	sbci	r23, 0xFF	; 255
    1e68:	c7 01       	movw	r24, r14
    1e6a:	0e 94 53 2c 	call	0x58a6	; 0x58a6 <fsp_encode>
	usart1_send_array((const char *)&encode_frame, frame_len);
    1e6e:	25 96       	adiw	r28, 0x05	; 5
    1e70:	6f ad       	ldd	r22, Y+63	; 0x3f
    1e72:	25 97       	sbiw	r28, 0x05	; 5
    1e74:	ce 01       	movw	r24, r28
    1e76:	01 96       	adiw	r24, 0x01	; 1
    1e78:	0e 94 b7 1b 	call	0x376e	; 0x376e <usart1_send_array>
}
    1e7c:	cc 5b       	subi	r28, 0xBC	; 188
    1e7e:	df 4f       	sbci	r29, 0xFF	; 255
    1e80:	0f b6       	in	r0, 0x3f	; 63
    1e82:	f8 94       	cli
    1e84:	de bf       	out	0x3e, r29	; 62
    1e86:	0f be       	out	0x3f, r0	; 63
    1e88:	cd bf       	out	0x3d, r28	; 61
    1e8a:	df 91       	pop	r29
    1e8c:	cf 91       	pop	r28
    1e8e:	0f 91       	pop	r16
    1e90:	ff 90       	pop	r15
    1e92:	ef 90       	pop	r14
    1e94:	08 95       	ret

00001e96 <copc_iou_get_accel_gyro>:
void copc_iou_get_accel_gyro(void)
{	
    1e96:	cf 92       	push	r12
    1e98:	df 92       	push	r13
    1e9a:	ef 92       	push	r14
    1e9c:	ff 92       	push	r15
    1e9e:	0f 93       	push	r16
    1ea0:	1f 93       	push	r17
    1ea2:	cf 93       	push	r28
    1ea4:	df 93       	push	r29
    1ea6:	cd b7       	in	r28, 0x3d	; 61
    1ea8:	de b7       	in	r29, 0x3e	; 62
    1eaa:	c0 55       	subi	r28, 0x50	; 80
    1eac:	d1 09       	sbc	r29, r1
    1eae:	0f b6       	in	r0, 0x3f	; 63
    1eb0:	f8 94       	cli
    1eb2:	de bf       	out	0x3e, r29	; 62
    1eb4:	0f be       	out	0x3f, r0	; 63
    1eb6:	cd bf       	out	0x3d, r28	; 61
	uint8_t encode_frame[FSP_PKT_MAX_LENGTH];
	uint8_t frame_len;
	Accel_Gyro_DataTypedef accel_data = get_acceleration();
    1eb8:	0e 94 31 06 	call	0xc62	; 0xc62 <get_acceleration>
    1ebc:	d2 2e       	mov	r13, r18
    1ebe:	c3 2e       	mov	r12, r19
    1ec0:	f4 2e       	mov	r15, r20
    1ec2:	e5 2e       	mov	r14, r21
    1ec4:	16 2f       	mov	r17, r22
    1ec6:	07 2f       	mov	r16, r23
    1ec8:	2b 96       	adiw	r28, 0x0b	; 11
    1eca:	2f af       	std	Y+63, r18	; 0x3f
    1ecc:	2b 97       	sbiw	r28, 0x0b	; 11
    1ece:	2c 96       	adiw	r28, 0x0c	; 12
    1ed0:	3f af       	std	Y+63, r19	; 0x3f
    1ed2:	2c 97       	sbiw	r28, 0x0c	; 12
    1ed4:	2d 96       	adiw	r28, 0x0d	; 13
    1ed6:	4f af       	std	Y+63, r20	; 0x3f
    1ed8:	2d 97       	sbiw	r28, 0x0d	; 13
    1eda:	2e 96       	adiw	r28, 0x0e	; 14
    1edc:	5f af       	std	Y+63, r21	; 0x3f
    1ede:	2e 97       	sbiw	r28, 0x0e	; 14
    1ee0:	2f 96       	adiw	r28, 0x0f	; 15
    1ee2:	6f af       	std	Y+63, r22	; 0x3f
    1ee4:	2f 97       	sbiw	r28, 0x0f	; 15
    1ee6:	60 96       	adiw	r28, 0x10	; 16
    1ee8:	7f af       	std	Y+63, r23	; 0x3f
    1eea:	60 97       	sbiw	r28, 0x10	; 16
	Accel_Gyro_DataTypedef gyro_data = get_gyroscope();
    1eec:	0e 94 52 06 	call	0xca4	; 0xca4 <get_gyroscope>
    1ef0:	25 96       	adiw	r28, 0x05	; 5
    1ef2:	2f af       	std	Y+63, r18	; 0x3f
    1ef4:	25 97       	sbiw	r28, 0x05	; 5
    1ef6:	26 96       	adiw	r28, 0x06	; 6
    1ef8:	3f af       	std	Y+63, r19	; 0x3f
    1efa:	26 97       	sbiw	r28, 0x06	; 6
    1efc:	27 96       	adiw	r28, 0x07	; 7
    1efe:	4f af       	std	Y+63, r20	; 0x3f
    1f00:	27 97       	sbiw	r28, 0x07	; 7
    1f02:	28 96       	adiw	r28, 0x08	; 8
    1f04:	5f af       	std	Y+63, r21	; 0x3f
    1f06:	28 97       	sbiw	r28, 0x08	; 8
    1f08:	29 96       	adiw	r28, 0x09	; 9
    1f0a:	6f af       	std	Y+63, r22	; 0x3f
    1f0c:	29 97       	sbiw	r28, 0x09	; 9
    1f0e:	2a 96       	adiw	r28, 0x0a	; 10
    1f10:	7f af       	std	Y+63, r23	; 0x3f
    1f12:	2a 97       	sbiw	r28, 0x0a	; 10
	s_pIOU_Sfp_Payload->iouIRledGetBrightResponseFrame.Cmd = s_pCOPC_Sfp_Payload->commonFrame.Cmd;
    1f14:	e0 91 fa 08 	lds	r30, 0x08FA	; 0x8008fa <s_pIOU_Sfp_Payload>
    1f18:	f0 91 fb 08 	lds	r31, 0x08FB	; 0x8008fb <s_pIOU_Sfp_Payload+0x1>
    1f1c:	a0 91 fc 08 	lds	r26, 0x08FC	; 0x8008fc <s_pCOPC_Sfp_Payload>
    1f20:	b0 91 fd 08 	lds	r27, 0x08FD	; 0x8008fd <s_pCOPC_Sfp_Payload+0x1>
    1f24:	8c 91       	ld	r24, X
    1f26:	80 83       	st	Z, r24
	s_pIOU_Sfp_Payload->iouGetAccelGyroResponseFrame.accel_x_high = (uint8_t)(accel_data.x >> 8);
    1f28:	c1 82       	std	Z+1, r12	; 0x01
	s_pIOU_Sfp_Payload->iouGetAccelGyroResponseFrame.accel_x_low = (uint8_t)accel_data.x;
    1f2a:	d2 82       	std	Z+2, r13	; 0x02
	s_pIOU_Sfp_Payload->iouGetAccelGyroResponseFrame.accel_y_high = (uint8_t)(accel_data.y >> 8);
    1f2c:	e3 82       	std	Z+3, r14	; 0x03
	s_pIOU_Sfp_Payload->iouGetAccelGyroResponseFrame.accel_y_low = (uint8_t)accel_data.y;
    1f2e:	f4 82       	std	Z+4, r15	; 0x04
	s_pIOU_Sfp_Payload->iouGetAccelGyroResponseFrame.accel_z_high = (uint8_t)(accel_data.z >> 8);
    1f30:	05 83       	std	Z+5, r16	; 0x05
	s_pIOU_Sfp_Payload->iouGetAccelGyroResponseFrame.accel_z_low = (uint8_t)accel_data.z;
    1f32:	16 83       	std	Z+6, r17	; 0x06
	s_pIOU_Sfp_Payload->iouGetAccelGyroResponseFrame.gyro_x_high = (uint8_t)(gyro_data.x >> 8);
    1f34:	37 83       	std	Z+7, r19	; 0x07
	s_pIOU_Sfp_Payload->iouGetAccelGyroResponseFrame.gyro_x_low = (uint8_t)gyro_data.x;
    1f36:	20 87       	std	Z+8, r18	; 0x08
	s_pIOU_Sfp_Payload->iouGetAccelGyroResponseFrame.gyro_y_high = (uint8_t)(gyro_data.y >> 8);
    1f38:	51 87       	std	Z+9, r21	; 0x09
	s_pIOU_Sfp_Payload->iouGetAccelGyroResponseFrame.gyro_y_low = (uint8_t)gyro_data.y;
    1f3a:	42 87       	std	Z+10, r20	; 0x0a
	s_pIOU_Sfp_Payload->iouGetAccelGyroResponseFrame.gyro_z_high = (uint8_t)(gyro_data.z >> 8);
    1f3c:	73 87       	std	Z+11, r23	; 0x0b
	s_pIOU_Sfp_Payload->iouGetAccelGyroResponseFrame.gyro_z_low = (uint8_t)gyro_data.z;
    1f3e:	64 87       	std	Z+12, r22	; 0x0c
	fsp_gen_pkt((void*)0, (uint8_t *)&s_pIOU_Sfp_Payload->iouGetAccelGyroResponseFrame, 13, FSP_ADR_COPC, FSP_PKT_TYPE_CMD_W_DATA, &s_IOU_FspPacket);
    1f40:	8e ef       	ldi	r24, 0xFE	; 254
    1f42:	e8 2e       	mov	r14, r24
    1f44:	88 e0       	ldi	r24, 0x08	; 8
    1f46:	f8 2e       	mov	r15, r24
    1f48:	07 e0       	ldi	r16, 0x07	; 7
    1f4a:	21 e0       	ldi	r18, 0x01	; 1
    1f4c:	4d e0       	ldi	r20, 0x0D	; 13
    1f4e:	bf 01       	movw	r22, r30
    1f50:	80 e0       	ldi	r24, 0x00	; 0
    1f52:	90 e0       	ldi	r25, 0x00	; 0
    1f54:	0e 94 f0 2b 	call	0x57e0	; 0x57e0 <fsp_gen_pkt>
	fsp_encode(&s_IOU_FspPacket, encode_frame, &frame_len);
    1f58:	ae 01       	movw	r20, r28
    1f5a:	40 5b       	subi	r20, 0xB0	; 176
    1f5c:	5f 4f       	sbci	r21, 0xFF	; 255
    1f5e:	be 01       	movw	r22, r28
    1f60:	6f 5f       	subi	r22, 0xFF	; 255
    1f62:	7f 4f       	sbci	r23, 0xFF	; 255
    1f64:	c7 01       	movw	r24, r14
    1f66:	0e 94 53 2c 	call	0x58a6	; 0x58a6 <fsp_encode>
	usart1_send_array((const char *)&encode_frame, frame_len);
    1f6a:	61 96       	adiw	r28, 0x11	; 17
    1f6c:	6f ad       	ldd	r22, Y+63	; 0x3f
    1f6e:	61 97       	sbiw	r28, 0x11	; 17
    1f70:	ce 01       	movw	r24, r28
    1f72:	01 96       	adiw	r24, 0x01	; 1
    1f74:	0e 94 b7 1b 	call	0x376e	; 0x376e <usart1_send_array>
}
    1f78:	c0 5b       	subi	r28, 0xB0	; 176
    1f7a:	df 4f       	sbci	r29, 0xFF	; 255
    1f7c:	0f b6       	in	r0, 0x3f	; 63
    1f7e:	f8 94       	cli
    1f80:	de bf       	out	0x3e, r29	; 62
    1f82:	0f be       	out	0x3f, r0	; 63
    1f84:	cd bf       	out	0x3d, r28	; 61
    1f86:	df 91       	pop	r29
    1f88:	cf 91       	pop	r28
    1f8a:	1f 91       	pop	r17
    1f8c:	0f 91       	pop	r16
    1f8e:	ff 90       	pop	r15
    1f90:	ef 90       	pop	r14
    1f92:	df 90       	pop	r13
    1f94:	cf 90       	pop	r12
    1f96:	08 95       	ret

00001f98 <copc_iou_get_press>:
void copc_iou_get_press(void)
{
    1f98:	ef 92       	push	r14
    1f9a:	ff 92       	push	r15
    1f9c:	0f 93       	push	r16
    1f9e:	cf 93       	push	r28
    1fa0:	df 93       	push	r29
    1fa2:	cd b7       	in	r28, 0x3d	; 61
    1fa4:	de b7       	in	r29, 0x3e	; 62
    1fa6:	c4 54       	subi	r28, 0x44	; 68
    1fa8:	d1 09       	sbc	r29, r1
    1faa:	0f b6       	in	r0, 0x3f	; 63
    1fac:	f8 94       	cli
    1fae:	de bf       	out	0x3e, r29	; 62
    1fb0:	0f be       	out	0x3f, r0	; 63
    1fb2:	cd bf       	out	0x3d, r28	; 61
	uint8_t encode_frame[FSP_PKT_MAX_LENGTH];
	uint8_t frame_len;
	int16_t pressure = get_pressure();
    1fb4:	0e 94 b3 12 	call	0x2566	; 0x2566 <get_pressure>
	s_pIOU_Sfp_Payload->iouGetPressResponseFrame.Cmd = s_pCOPC_Sfp_Payload->commonFrame.Cmd;
    1fb8:	e0 91 fa 08 	lds	r30, 0x08FA	; 0x8008fa <s_pIOU_Sfp_Payload>
    1fbc:	f0 91 fb 08 	lds	r31, 0x08FB	; 0x8008fb <s_pIOU_Sfp_Payload+0x1>
    1fc0:	a0 91 fc 08 	lds	r26, 0x08FC	; 0x8008fc <s_pCOPC_Sfp_Payload>
    1fc4:	b0 91 fd 08 	lds	r27, 0x08FD	; 0x8008fd <s_pCOPC_Sfp_Payload+0x1>
    1fc8:	2c 91       	ld	r18, X
    1fca:	20 83       	st	Z, r18
	s_pIOU_Sfp_Payload->iouGetPressResponseFrame.pressure_high = pressure >> 8;
    1fcc:	91 83       	std	Z+1, r25	; 0x01
	s_pIOU_Sfp_Payload->iouGetPressResponseFrame.pressure_low = pressure;
    1fce:	82 83       	std	Z+2, r24	; 0x02
	fsp_gen_pkt((void*)0, (uint8_t *)&s_pIOU_Sfp_Payload->iouGetPressResponseFrame, 3, FSP_ADR_COPC, FSP_PKT_TYPE_CMD_W_DATA, &s_IOU_FspPacket);
    1fd0:	8e ef       	ldi	r24, 0xFE	; 254
    1fd2:	e8 2e       	mov	r14, r24
    1fd4:	88 e0       	ldi	r24, 0x08	; 8
    1fd6:	f8 2e       	mov	r15, r24
    1fd8:	07 e0       	ldi	r16, 0x07	; 7
    1fda:	21 e0       	ldi	r18, 0x01	; 1
    1fdc:	43 e0       	ldi	r20, 0x03	; 3
    1fde:	bf 01       	movw	r22, r30
    1fe0:	80 e0       	ldi	r24, 0x00	; 0
    1fe2:	90 e0       	ldi	r25, 0x00	; 0
    1fe4:	0e 94 f0 2b 	call	0x57e0	; 0x57e0 <fsp_gen_pkt>
	fsp_encode(&s_IOU_FspPacket, encode_frame, &frame_len);
    1fe8:	ae 01       	movw	r20, r28
    1fea:	4c 5b       	subi	r20, 0xBC	; 188
    1fec:	5f 4f       	sbci	r21, 0xFF	; 255
    1fee:	be 01       	movw	r22, r28
    1ff0:	6f 5f       	subi	r22, 0xFF	; 255
    1ff2:	7f 4f       	sbci	r23, 0xFF	; 255
    1ff4:	c7 01       	movw	r24, r14
    1ff6:	0e 94 53 2c 	call	0x58a6	; 0x58a6 <fsp_encode>
	usart1_send_array((const char *)&encode_frame, frame_len);
    1ffa:	25 96       	adiw	r28, 0x05	; 5
    1ffc:	6f ad       	ldd	r22, Y+63	; 0x3f
    1ffe:	25 97       	sbiw	r28, 0x05	; 5
    2000:	ce 01       	movw	r24, r28
    2002:	01 96       	adiw	r24, 0x01	; 1
    2004:	0e 94 b7 1b 	call	0x376e	; 0x376e <usart1_send_array>
}
    2008:	cc 5b       	subi	r28, 0xBC	; 188
    200a:	df 4f       	sbci	r29, 0xFF	; 255
    200c:	0f b6       	in	r0, 0x3f	; 63
    200e:	f8 94       	cli
    2010:	de bf       	out	0x3e, r29	; 62
    2012:	0f be       	out	0x3f, r0	; 63
    2014:	cd bf       	out	0x3d, r28	; 61
    2016:	df 91       	pop	r29
    2018:	cf 91       	pop	r28
    201a:	0f 91       	pop	r16
    201c:	ff 90       	pop	r15
    201e:	ef 90       	pop	r14
    2020:	08 95       	ret

00002022 <copc_iou_get_param>:

void copc_iou_get_param(void)
{
    2022:	ef 92       	push	r14
    2024:	ff 92       	push	r15
    2026:	0f 93       	push	r16
    2028:	1f 93       	push	r17
    202a:	cf 93       	push	r28
    202c:	df 93       	push	r29
    202e:	cd b7       	in	r28, 0x3d	; 61
    2030:	de b7       	in	r29, 0x3e	; 62
    2032:	ca 54       	subi	r28, 0x4A	; 74
    2034:	d1 09       	sbc	r29, r1
    2036:	0f b6       	in	r0, 0x3f	; 63
    2038:	f8 94       	cli
    203a:	de bf       	out	0x3e, r29	; 62
    203c:	0f be       	out	0x3f, r0	; 63
    203e:	cd bf       	out	0x3d, r28	; 61
	uint8_t encode_frame[FSP_PKT_MAX_LENGTH];
	uint8_t frame_len;
	s_pIOU_Sfp_Payload->iouGetParamResponseFrame.Cmd = s_pCOPC_Sfp_Payload->commonFrame.Cmd;
    2040:	e0 91 fc 08 	lds	r30, 0x08FC	; 0x8008fc <s_pCOPC_Sfp_Payload>
    2044:	f0 91 fd 08 	lds	r31, 0x08FD	; 0x8008fd <s_pCOPC_Sfp_Payload+0x1>
    2048:	80 81       	ld	r24, Z
    204a:	e0 91 fa 08 	lds	r30, 0x08FA	; 0x8008fa <s_pIOU_Sfp_Payload>
    204e:	f0 91 fb 08 	lds	r31, 0x08FB	; 0x8008fb <s_pIOU_Sfp_Payload+0x1>
    2052:	80 83       	st	Z, r24
	// GET TEMP NTC
	uint16_t temp = temperature_get_NTC(0);
    2054:	80 e0       	ldi	r24, 0x00	; 0
    2056:	0e 94 3b 15 	call	0x2a76	; 0x2a76 <temperature_get_NTC>
	s_pIOU_Sfp_Payload->iouGetParamResponseFrame.Temp_NTC_channel_0_high = (uint8_t)(temp >> 8);
    205a:	e0 91 fa 08 	lds	r30, 0x08FA	; 0x8008fa <s_pIOU_Sfp_Payload>
    205e:	f0 91 fb 08 	lds	r31, 0x08FB	; 0x8008fb <s_pIOU_Sfp_Payload+0x1>
    2062:	91 83       	std	Z+1, r25	; 0x01
	s_pIOU_Sfp_Payload->iouGetParamResponseFrame.Temp_NTC_channel_0_low = (uint8_t)temp;
    2064:	82 83       	std	Z+2, r24	; 0x02
	temp = temperature_get_NTC(1);
    2066:	81 e0       	ldi	r24, 0x01	; 1
    2068:	0e 94 3b 15 	call	0x2a76	; 0x2a76 <temperature_get_NTC>
	s_pIOU_Sfp_Payload->iouGetParamResponseFrame.Temp_NTC_channel_1_high = (uint8_t)(temp >> 8);
    206c:	e0 91 fa 08 	lds	r30, 0x08FA	; 0x8008fa <s_pIOU_Sfp_Payload>
    2070:	f0 91 fb 08 	lds	r31, 0x08FB	; 0x8008fb <s_pIOU_Sfp_Payload+0x1>
    2074:	93 83       	std	Z+3, r25	; 0x03
	s_pIOU_Sfp_Payload->iouGetParamResponseFrame.Temp_NTC_channel_1_low = (uint8_t)temp;
    2076:	84 83       	std	Z+4, r24	; 0x04
	temp = temperature_get_NTC(2);
    2078:	82 e0       	ldi	r24, 0x02	; 2
    207a:	0e 94 3b 15 	call	0x2a76	; 0x2a76 <temperature_get_NTC>
	s_pIOU_Sfp_Payload->iouGetParamResponseFrame.Temp_NTC_channel_2_high = (uint8_t)(temp >> 8);
    207e:	e0 91 fa 08 	lds	r30, 0x08FA	; 0x8008fa <s_pIOU_Sfp_Payload>
    2082:	f0 91 fb 08 	lds	r31, 0x08FB	; 0x8008fb <s_pIOU_Sfp_Payload+0x1>
    2086:	95 83       	std	Z+5, r25	; 0x05
	s_pIOU_Sfp_Payload->iouGetParamResponseFrame.Temp_NTC_channel_2_low = (uint8_t)temp;
    2088:	86 83       	std	Z+6, r24	; 0x06
	temp = temperature_get_NTC(3);
    208a:	83 e0       	ldi	r24, 0x03	; 3
    208c:	0e 94 3b 15 	call	0x2a76	; 0x2a76 <temperature_get_NTC>
	s_pIOU_Sfp_Payload->iouGetParamResponseFrame.Temp_NTC_channel_3_high = (uint8_t)(temp >> 8);
    2090:	e0 91 fa 08 	lds	r30, 0x08FA	; 0x8008fa <s_pIOU_Sfp_Payload>
    2094:	f0 91 fb 08 	lds	r31, 0x08FB	; 0x8008fb <s_pIOU_Sfp_Payload+0x1>
    2098:	97 83       	std	Z+7, r25	; 0x07
	s_pIOU_Sfp_Payload->iouGetParamResponseFrame.Temp_NTC_channel_3_low = (uint8_t)temp;
    209a:	80 87       	std	Z+8, r24	; 0x08
	// GET TEMP ONEWIRE
	temp = temperature_get_onewire(0);
    209c:	80 e0       	ldi	r24, 0x00	; 0
    209e:	0e 94 44 15 	call	0x2a88	; 0x2a88 <temperature_get_onewire>
	s_pIOU_Sfp_Payload->iouGetParamResponseFrame.Temp_onewire_channel_0_high = (uint8_t)(temp >> 8);
    20a2:	e0 91 fa 08 	lds	r30, 0x08FA	; 0x8008fa <s_pIOU_Sfp_Payload>
    20a6:	f0 91 fb 08 	lds	r31, 0x08FB	; 0x8008fb <s_pIOU_Sfp_Payload+0x1>
    20aa:	91 87       	std	Z+9, r25	; 0x09
	s_pIOU_Sfp_Payload->iouGetParamResponseFrame.Temp_onewire_channel_0_low = (uint8_t)temp;
    20ac:	82 87       	std	Z+10, r24	; 0x0a
	temp = temperature_get_onewire(1);
    20ae:	81 e0       	ldi	r24, 0x01	; 1
    20b0:	0e 94 44 15 	call	0x2a88	; 0x2a88 <temperature_get_onewire>
	s_pIOU_Sfp_Payload->iouGetParamResponseFrame.Temp_onewire_channel_1_high = (uint8_t)(temp >> 8);
    20b4:	e0 91 fa 08 	lds	r30, 0x08FA	; 0x8008fa <s_pIOU_Sfp_Payload>
    20b8:	f0 91 fb 08 	lds	r31, 0x08FB	; 0x8008fb <s_pIOU_Sfp_Payload+0x1>
    20bc:	93 87       	std	Z+11, r25	; 0x0b
	s_pIOU_Sfp_Payload->iouGetParamResponseFrame.Temp_onewire_channel_1_low = (uint8_t)temp;
    20be:	84 87       	std	Z+12, r24	; 0x0c
	// GET TEMP BMP390
	temp = temperature_get_bmp390();
    20c0:	0e 94 4d 15 	call	0x2a9a	; 0x2a9a <temperature_get_bmp390>
	s_pIOU_Sfp_Payload->iouGetParamResponseFrame.Temp_i2c_sensor_high = (uint8_t)(temp >> 8);
    20c4:	e0 91 fa 08 	lds	r30, 0x08FA	; 0x8008fa <s_pIOU_Sfp_Payload>
    20c8:	f0 91 fb 08 	lds	r31, 0x08FB	; 0x8008fb <s_pIOU_Sfp_Payload+0x1>
    20cc:	95 87       	std	Z+13, r25	; 0x0d
	s_pIOU_Sfp_Payload->iouGetParamResponseFrame.Temp_i2c_sensor_low = (uint8_t)temp;
    20ce:	86 87       	std	Z+14, r24	; 0x0e
	// GET TEMP SETPOINT
	temp = temperature_get_setpoint(0);
    20d0:	80 e0       	ldi	r24, 0x00	; 0
    20d2:	0e 94 f1 15 	call	0x2be2	; 0x2be2 <temperature_get_setpoint>
	s_pIOU_Sfp_Payload->iouGetParamResponseFrame.Temp_setpoint_channel_0_high = (uint8_t)(temp >> 8);
    20d6:	e0 91 fa 08 	lds	r30, 0x08FA	; 0x8008fa <s_pIOU_Sfp_Payload>
    20da:	f0 91 fb 08 	lds	r31, 0x08FB	; 0x8008fb <s_pIOU_Sfp_Payload+0x1>
    20de:	97 87       	std	Z+15, r25	; 0x0f
	s_pIOU_Sfp_Payload->iouGetParamResponseFrame.Temp_setpoint_channel_0_low = (uint8_t)temp;
    20e0:	80 8b       	std	Z+16, r24	; 0x10
	temp = temperature_get_setpoint(1);
    20e2:	81 e0       	ldi	r24, 0x01	; 1
    20e4:	0e 94 f1 15 	call	0x2be2	; 0x2be2 <temperature_get_setpoint>
	s_pIOU_Sfp_Payload->iouGetParamResponseFrame.Temp_setpoint_channel_1_high = (uint8_t)(temp >> 8);
    20e8:	e0 91 fa 08 	lds	r30, 0x08FA	; 0x8008fa <s_pIOU_Sfp_Payload>
    20ec:	f0 91 fb 08 	lds	r31, 0x08FB	; 0x8008fb <s_pIOU_Sfp_Payload+0x1>
    20f0:	91 8b       	std	Z+17, r25	; 0x11
	s_pIOU_Sfp_Payload->iouGetParamResponseFrame.Temp_setpoint_channel_1_low = (uint8_t)temp;
    20f2:	82 8b       	std	Z+18, r24	; 0x12
	temp = temperature_get_setpoint(2);
    20f4:	82 e0       	ldi	r24, 0x02	; 2
    20f6:	0e 94 f1 15 	call	0x2be2	; 0x2be2 <temperature_get_setpoint>
	s_pIOU_Sfp_Payload->iouGetParamResponseFrame.Temp_setpoint_channel_2_high = (uint8_t)(temp >> 8);
    20fa:	e0 91 fa 08 	lds	r30, 0x08FA	; 0x8008fa <s_pIOU_Sfp_Payload>
    20fe:	f0 91 fb 08 	lds	r31, 0x08FB	; 0x8008fb <s_pIOU_Sfp_Payload+0x1>
    2102:	93 8b       	std	Z+19, r25	; 0x13
	s_pIOU_Sfp_Payload->iouGetParamResponseFrame.Temp_setpoint_channel_2_low = (uint8_t)temp;
    2104:	84 8b       	std	Z+20, r24	; 0x14
	temp = temperature_get_setpoint(3);
    2106:	83 e0       	ldi	r24, 0x03	; 3
    2108:	0e 94 f1 15 	call	0x2be2	; 0x2be2 <temperature_get_setpoint>
	s_pIOU_Sfp_Payload->iouGetParamResponseFrame.Temp_setpoint_channel_3_high = (uint8_t)(temp >> 8);
    210c:	e0 91 fa 08 	lds	r30, 0x08FA	; 0x8008fa <s_pIOU_Sfp_Payload>
    2110:	f0 91 fb 08 	lds	r31, 0x08FB	; 0x8008fb <s_pIOU_Sfp_Payload+0x1>
    2114:	95 8b       	std	Z+21, r25	; 0x15
	s_pIOU_Sfp_Payload->iouGetParamResponseFrame.Temp_setpoint_channel_3_low = (uint8_t)temp;
    2116:	86 8b       	std	Z+22, r24	; 0x16
	// GET VOLTAGE OUTPUT TEC
	uint16_t voltage = temperature_get_voltage(0);
    2118:	80 e0       	ldi	r24, 0x00	; 0
    211a:	0e 94 df 15 	call	0x2bbe	; 0x2bbe <temperature_get_voltage>
	s_pIOU_Sfp_Payload->iouGetParamResponseFrame.Voltage_out_tec_channel_0_high = (uint8_t)(voltage >> 8);
    211e:	e0 91 fa 08 	lds	r30, 0x08FA	; 0x8008fa <s_pIOU_Sfp_Payload>
    2122:	f0 91 fb 08 	lds	r31, 0x08FB	; 0x8008fb <s_pIOU_Sfp_Payload+0x1>
    2126:	97 8b       	std	Z+23, r25	; 0x17
	s_pIOU_Sfp_Payload->iouGetParamResponseFrame.Voltage_out_tec_channel_0_low = (uint8_t)voltage;
    2128:	80 8f       	std	Z+24, r24	; 0x18
	voltage = temperature_get_voltage(1);
    212a:	81 e0       	ldi	r24, 0x01	; 1
    212c:	0e 94 df 15 	call	0x2bbe	; 0x2bbe <temperature_get_voltage>
	s_pIOU_Sfp_Payload->iouGetParamResponseFrame.Voltage_out_tec_channel_1_high = (uint8_t)(voltage >> 8);
    2130:	e0 91 fa 08 	lds	r30, 0x08FA	; 0x8008fa <s_pIOU_Sfp_Payload>
    2134:	f0 91 fb 08 	lds	r31, 0x08FB	; 0x8008fb <s_pIOU_Sfp_Payload+0x1>
    2138:	91 8f       	std	Z+25, r25	; 0x19
	s_pIOU_Sfp_Payload->iouGetParamResponseFrame.Voltage_out_tec_channel_1_low = (uint8_t)voltage;
    213a:	82 8f       	std	Z+26, r24	; 0x1a
	voltage = temperature_get_voltage(2);
    213c:	82 e0       	ldi	r24, 0x02	; 2
    213e:	0e 94 df 15 	call	0x2bbe	; 0x2bbe <temperature_get_voltage>
	s_pIOU_Sfp_Payload->iouGetParamResponseFrame.Voltage_out_tec_channel_2_high = (uint8_t)(voltage >> 8);
    2142:	e0 91 fa 08 	lds	r30, 0x08FA	; 0x8008fa <s_pIOU_Sfp_Payload>
    2146:	f0 91 fb 08 	lds	r31, 0x08FB	; 0x8008fb <s_pIOU_Sfp_Payload+0x1>
    214a:	93 8f       	std	Z+27, r25	; 0x1b
	s_pIOU_Sfp_Payload->iouGetParamResponseFrame.Voltage_out_tec_channel_2_low = (uint8_t)voltage;
    214c:	84 8f       	std	Z+28, r24	; 0x1c
	voltage = temperature_get_voltage(3);
    214e:	83 e0       	ldi	r24, 0x03	; 3
    2150:	0e 94 df 15 	call	0x2bbe	; 0x2bbe <temperature_get_voltage>
	s_pIOU_Sfp_Payload->iouGetParamResponseFrame.Voltage_out_tec_channel_3_high = (uint8_t)(voltage >> 8);
    2154:	e0 91 fa 08 	lds	r30, 0x08FA	; 0x8008fa <s_pIOU_Sfp_Payload>
    2158:	f0 91 fb 08 	lds	r31, 0x08FB	; 0x8008fb <s_pIOU_Sfp_Payload+0x1>
    215c:	95 8f       	std	Z+29, r25	; 0x1d
	s_pIOU_Sfp_Payload->iouGetParamResponseFrame.Voltage_out_tec_channel_3_low = (uint8_t)voltage;
    215e:	86 8f       	std	Z+30, r24	; 0x1e
	// GET NEO LED DATA
	rgbw_color RGBW = ringled_get_RGBW();
    2160:	0e 94 ab 29 	call	0x5356	; 0x5356 <ringled_get_RGBW>
	s_pIOU_Sfp_Payload->iouGetParamResponseFrame.Neo_led_R = RGBW.red;
    2164:	00 91 fa 08 	lds	r16, 0x08FA	; 0x8008fa <s_pIOU_Sfp_Payload>
    2168:	10 91 fb 08 	lds	r17, 0x08FB	; 0x8008fb <s_pIOU_Sfp_Payload+0x1>
    216c:	f8 01       	movw	r30, r16
    216e:	67 8f       	std	Z+31, r22	; 0x1f
	s_pIOU_Sfp_Payload->iouGetParamResponseFrame.Neo_led_G = RGBW.green;
    2170:	70 a3       	std	Z+32, r23	; 0x20
	s_pIOU_Sfp_Payload->iouGetParamResponseFrame.Neo_led_B = RGBW.blue;
    2172:	81 a3       	std	Z+33, r24	; 0x21
	s_pIOU_Sfp_Payload->iouGetParamResponseFrame.Neo_led_W = RGBW.white;
    2174:	92 a3       	std	Z+34, r25	; 0x22
	// GET IR LED BRIGHT
	s_pIOU_Sfp_Payload->iouGetParamResponseFrame.IRled_duty = (uint8_t)IR_led_get_Current_DutyCyclesPercent();
    2176:	0e 94 0e 12 	call	0x241c	; 0x241c <IR_led_get_Current_DutyCyclesPercent>
    217a:	f8 01       	movw	r30, r16
    217c:	83 a3       	std	Z+35, r24	; 0x23
	// GET ACCEL
	Accel_Gyro_DataTypedef a_g_data = get_acceleration();
    217e:	0e 94 31 06 	call	0xc62	; 0xc62 <get_acceleration>
	s_pIOU_Sfp_Payload->iouGetParamResponseFrame.accel_x = (a_g_data.x << 8) | (a_g_data.x >> 8);
    2182:	e0 91 fa 08 	lds	r30, 0x08FA	; 0x8008fa <s_pIOU_Sfp_Payload>
    2186:	f0 91 fb 08 	lds	r31, 0x08FB	; 0x8008fb <s_pIOU_Sfp_Payload+0x1>
    218a:	a0 e0       	ldi	r26, 0x00	; 0
    218c:	b0 e0       	ldi	r27, 0x00	; 0
    218e:	b2 2f       	mov	r27, r18
    2190:	83 2f       	mov	r24, r19
    2192:	93 2f       	mov	r25, r19
    2194:	99 0f       	add	r25, r25
    2196:	99 0b       	sbc	r25, r25
    2198:	8a 2b       	or	r24, r26
    219a:	9b 2b       	or	r25, r27
    219c:	95 a3       	std	Z+37, r25	; 0x25
    219e:	84 a3       	std	Z+36, r24	; 0x24
	s_pIOU_Sfp_Payload->iouGetParamResponseFrame.accel_y = (a_g_data.y << 8) | (a_g_data.y >> 8);
    21a0:	20 e0       	ldi	r18, 0x00	; 0
    21a2:	30 e0       	ldi	r19, 0x00	; 0
    21a4:	34 2f       	mov	r19, r20
    21a6:	85 2f       	mov	r24, r21
    21a8:	95 2f       	mov	r25, r21
    21aa:	99 0f       	add	r25, r25
    21ac:	99 0b       	sbc	r25, r25
    21ae:	82 2b       	or	r24, r18
    21b0:	93 2b       	or	r25, r19
    21b2:	97 a3       	std	Z+39, r25	; 0x27
    21b4:	86 a3       	std	Z+38, r24	; 0x26
	s_pIOU_Sfp_Payload->iouGetParamResponseFrame.accel_z = (a_g_data.z << 8) | (a_g_data.z >> 8);
    21b6:	20 e0       	ldi	r18, 0x00	; 0
    21b8:	30 e0       	ldi	r19, 0x00	; 0
    21ba:	36 2f       	mov	r19, r22
    21bc:	87 2f       	mov	r24, r23
    21be:	97 2f       	mov	r25, r23
    21c0:	99 0f       	add	r25, r25
    21c2:	99 0b       	sbc	r25, r25
    21c4:	82 2b       	or	r24, r18
    21c6:	93 2b       	or	r25, r19
    21c8:	91 a7       	std	Z+41, r25	; 0x29
    21ca:	80 a7       	std	Z+40, r24	; 0x28
	// GET GYRO
	a_g_data = get_gyroscope();
    21cc:	0e 94 52 06 	call	0xca4	; 0xca4 <get_gyroscope>
	s_pIOU_Sfp_Payload->iouGetParamResponseFrame.gyro_x = (a_g_data.x << 8) | (a_g_data.x >> 8);
    21d0:	e0 91 fa 08 	lds	r30, 0x08FA	; 0x8008fa <s_pIOU_Sfp_Payload>
    21d4:	f0 91 fb 08 	lds	r31, 0x08FB	; 0x8008fb <s_pIOU_Sfp_Payload+0x1>
    21d8:	a0 e0       	ldi	r26, 0x00	; 0
    21da:	b0 e0       	ldi	r27, 0x00	; 0
    21dc:	b2 2f       	mov	r27, r18
    21de:	83 2f       	mov	r24, r19
    21e0:	93 2f       	mov	r25, r19
    21e2:	99 0f       	add	r25, r25
    21e4:	99 0b       	sbc	r25, r25
    21e6:	8a 2b       	or	r24, r26
    21e8:	9b 2b       	or	r25, r27
    21ea:	93 a7       	std	Z+43, r25	; 0x2b
    21ec:	82 a7       	std	Z+42, r24	; 0x2a
	s_pIOU_Sfp_Payload->iouGetParamResponseFrame.gyro_y = (a_g_data.y << 8) | (a_g_data.y >> 8);
    21ee:	20 e0       	ldi	r18, 0x00	; 0
    21f0:	30 e0       	ldi	r19, 0x00	; 0
    21f2:	34 2f       	mov	r19, r20
    21f4:	85 2f       	mov	r24, r21
    21f6:	95 2f       	mov	r25, r21
    21f8:	99 0f       	add	r25, r25
    21fa:	99 0b       	sbc	r25, r25
    21fc:	82 2b       	or	r24, r18
    21fe:	93 2b       	or	r25, r19
    2200:	95 a7       	std	Z+45, r25	; 0x2d
    2202:	84 a7       	std	Z+44, r24	; 0x2c
	s_pIOU_Sfp_Payload->iouGetParamResponseFrame.gyro_z = (a_g_data.z << 8) | (a_g_data.z >> 8);
    2204:	20 e0       	ldi	r18, 0x00	; 0
    2206:	30 e0       	ldi	r19, 0x00	; 0
    2208:	36 2f       	mov	r19, r22
    220a:	87 2f       	mov	r24, r23
    220c:	97 2f       	mov	r25, r23
    220e:	99 0f       	add	r25, r25
    2210:	99 0b       	sbc	r25, r25
    2212:	82 2b       	or	r24, r18
    2214:	93 2b       	or	r25, r19
    2216:	97 a7       	std	Z+47, r25	; 0x2f
    2218:	86 a7       	std	Z+46, r24	; 0x2e
	// GET PRESS
	temp = get_pressure();
    221a:	0e 94 b3 12 	call	0x2566	; 0x2566 <get_pressure>
	s_pIOU_Sfp_Payload->iouGetParamResponseFrame.press = (temp << 8) | (temp >> 8);
    221e:	60 91 fa 08 	lds	r22, 0x08FA	; 0x8008fa <s_pIOU_Sfp_Payload>
    2222:	70 91 fb 08 	lds	r23, 0x08FB	; 0x8008fb <s_pIOU_Sfp_Payload+0x1>
    2226:	98 27       	eor	r25, r24
    2228:	89 27       	eor	r24, r25
    222a:	98 27       	eor	r25, r24
    222c:	fb 01       	movw	r30, r22
    222e:	91 ab       	std	Z+49, r25	; 0x31
    2230:	80 ab       	std	Z+48, r24	; 0x30
	// DECODE FRAME
	fsp_gen_pkt((void*)0, (uint8_t *)&s_pIOU_Sfp_Payload->iouGetParamResponseFrame, 50, FSP_ADR_COPC, FSP_PKT_TYPE_CMD_W_DATA, &s_IOU_FspPacket);
    2232:	8e ef       	ldi	r24, 0xFE	; 254
    2234:	e8 2e       	mov	r14, r24
    2236:	88 e0       	ldi	r24, 0x08	; 8
    2238:	f8 2e       	mov	r15, r24
    223a:	07 e0       	ldi	r16, 0x07	; 7
    223c:	21 e0       	ldi	r18, 0x01	; 1
    223e:	42 e3       	ldi	r20, 0x32	; 50
    2240:	80 e0       	ldi	r24, 0x00	; 0
    2242:	90 e0       	ldi	r25, 0x00	; 0
    2244:	0e 94 f0 2b 	call	0x57e0	; 0x57e0 <fsp_gen_pkt>
	fsp_encode(&s_IOU_FspPacket, encode_frame, &frame_len);
    2248:	ae 01       	movw	r20, r28
    224a:	46 5b       	subi	r20, 0xB6	; 182
    224c:	5f 4f       	sbci	r21, 0xFF	; 255
    224e:	be 01       	movw	r22, r28
    2250:	6f 5f       	subi	r22, 0xFF	; 255
    2252:	7f 4f       	sbci	r23, 0xFF	; 255
    2254:	c7 01       	movw	r24, r14
    2256:	0e 94 53 2c 	call	0x58a6	; 0x58a6 <fsp_encode>
	usart1_send_array((const char *)&encode_frame, frame_len);
    225a:	2b 96       	adiw	r28, 0x0b	; 11
    225c:	6f ad       	ldd	r22, Y+63	; 0x3f
    225e:	2b 97       	sbiw	r28, 0x0b	; 11
    2260:	ce 01       	movw	r24, r28
    2262:	01 96       	adiw	r24, 0x01	; 1
    2264:	0e 94 b7 1b 	call	0x376e	; 0x376e <usart1_send_array>
}
    2268:	c6 5b       	subi	r28, 0xB6	; 182
    226a:	df 4f       	sbci	r29, 0xFF	; 255
    226c:	0f b6       	in	r0, 0x3f	; 63
    226e:	f8 94       	cli
    2270:	de bf       	out	0x3e, r29	; 62
    2272:	0f be       	out	0x3f, r0	; 63
    2274:	cd bf       	out	0x3d, r28	; 61
    2276:	df 91       	pop	r29
    2278:	cf 91       	pop	r28
    227a:	1f 91       	pop	r17
    227c:	0f 91       	pop	r16
    227e:	ff 90       	pop	r15
    2280:	ef 90       	pop	r14
    2282:	08 95       	ret

00002284 <COPC_process_command>:
	}
}

void COPC_process_command(fsp_packet_t	*s_COPC_FspPacket)
{
	s_pIOU_Sfp_Payload->commonFrame.Cmd = s_pCOPC_Sfp_Payload->commonFrame.Cmd;
    2284:	e0 91 fc 08 	lds	r30, 0x08FC	; 0x8008fc <s_pCOPC_Sfp_Payload>
    2288:	f0 91 fd 08 	lds	r31, 0x08FD	; 0x8008fd <s_pCOPC_Sfp_Payload+0x1>
    228c:	80 81       	ld	r24, Z
    228e:	a0 91 fa 08 	lds	r26, 0x08FA	; 0x8008fa <s_pIOU_Sfp_Payload>
    2292:	b0 91 fb 08 	lds	r27, 0x08FB	; 0x8008fb <s_pIOU_Sfp_Payload+0x1>
    2296:	8c 93       	st	X, r24
	switch (s_pCOPC_Sfp_Payload->commonFrame.Cmd)
    2298:	e0 81       	ld	r30, Z
    229a:	8e 2f       	mov	r24, r30
    229c:	90 e0       	ldi	r25, 0x00	; 0
    229e:	fc 01       	movw	r30, r24
    22a0:	31 97       	sbiw	r30, 0x01	; 1
    22a2:	e3 31       	cpi	r30, 0x13	; 19
    22a4:	f1 05       	cpc	r31, r1
    22a6:	08 f0       	brcs	.+2      	; 0x22aa <COPC_process_command+0x26>
    22a8:	08 95       	ret
    22aa:	ea 5b       	subi	r30, 0xBA	; 186
    22ac:	ff 4f       	sbci	r31, 0xFF	; 255
    22ae:	0c 94 61 33 	jmp	0x66c2	; 0x66c2 <__tablejump2__>
	{
		case FSP_CMD_CODE_IOU_SET_TEMP:
			copc_iou_set_temp();
    22b2:	0c 94 60 0c 	jmp	0x18c0	; 0x18c0 <copc_iou_set_temp>
			break;
		case FSP_CMD_CODE_IOU_GET_TEMP:
			copc_iou_get_temp();
    22b6:	0c 94 dc 0c 	jmp	0x19b8	; 0x19b8 <copc_iou_get_temp>
			break;
		case FSP_CMD_CODE_IOU_GET_TEMP_SETPOINT:
			copc_iou_get_temp_setpoint();
    22ba:	0c 94 43 0d 	jmp	0x1a86	; 0x1a86 <copc_iou_get_temp_setpoint>
			break;
		case FSP_CMD_CODE_IOU_TEC_ENA:
			copc_iou_tec_ena();
    22be:	0c 94 71 0c 	jmp	0x18e2	; 0x18e2 <copc_iou_tec_ena>
			break;
		case FSP_CMD_CODE_IOU_TEC_DIS:
			copc_iou_tec_dis();
    22c2:	0c 94 7d 0c 	jmp	0x18fa	; 0x18fa <copc_iou_tec_dis>
			break;
		case FSP_CMD_CODE_IOU_TEC_ENA_AUTO:
			copc_iou_tec_ena_auto();
    22c6:	0c 94 89 0c 	jmp	0x1912	; 0x1912 <copc_iou_tec_ena_auto>
			break;
		case FSP_CMD_CODE_IOU_TEC_DIS_AUTO:
			copc_iou_tec_dis_auto();
    22ca:	0c 94 95 0c 	jmp	0x192a	; 0x192a <copc_iou_tec_dis_auto>
			break;
		case FSP_CMD_CODE_IOU_TEC_SET_OUTPUT:
			copc_iou_tec_set_output();
    22ce:	0c 94 a1 0c 	jmp	0x1942	; 0x1942 <copc_iou_tec_set_output>
			break;
		case FSP_CMD_CODE_IOU_TEC_AUTO_VOL:
			copc_iou_tec_set_auto_vol();
    22d2:	0c 94 b3 0c 	jmp	0x1966	; 0x1966 <copc_iou_tec_set_auto_vol>
			break;
		case FSP_CMD_CODE_IOU_TEC_STATUS:
			copc_iou_tec_status();
    22d6:	0c 94 94 0d 	jmp	0x1b28	; 0x1b28 <copc_iou_tec_status>
			break;
		case FSP_CMD_CODE_IOU_GET_PRESS:
			copc_iou_get_press();
			break;
		case FSP_CMD_CODE_IOU_GET_PARAMETERS:
			copc_iou_get_param();
    22da:	0c 94 11 10 	jmp	0x2022	; 0x2022 <copc_iou_get_param>
		case FSP_CMD_CODE_IOU_TEC_LOG_ENA:
			break;
		case FSP_CMD_CODE_IOU_TEC_LOG_DIS:
			break;
		case FSP_CMD_CODE_IOU_RINGLED_SET_RGBW:
			copc_iou_ringled_set_RGBW();
    22de:	0c 94 c4 0c 	jmp	0x1988	; 0x1988 <copc_iou_ringled_set_RGBW>
			break;
		case FSP_CMD_CODE_IOU_RINGLED_GET_RGBW:
			copc_iou_ringled_get_RGBW();
    22e2:	0c 94 c0 0e 	jmp	0x1d80	; 0x1d80 <copc_iou_ringled_get_RGBW>
			break;
		case FSP_CMD_CODE_IOU_IRLED_SET_BRIGHT:
			copc_iou_irled_set_bright();
    22e6:	0c 94 d0 0c 	jmp	0x19a0	; 0x19a0 <copc_iou_irled_set_bright>
			break;
		case FSP_CMD_CODE_IOU_IRLED_GET_BRIGHT:
			copc_iou_irled_get_bright();
    22ea:	0c 94 07 0f 	jmp	0x1e0e	; 0x1e0e <copc_iou_irled_get_bright>
			break;
		case FSP_CMD_CODE_IOU_GET_ACCEL_GYRO:
			copc_iou_get_accel_gyro();
    22ee:	0c 94 4b 0f 	jmp	0x1e96	; 0x1e96 <copc_iou_get_accel_gyro>
			break;
		case FSP_CMD_CODE_IOU_GET_PRESS:
			copc_iou_get_press();
    22f2:	0c 94 cc 0f 	jmp	0x1f98	; 0x1f98 <copc_iou_get_press>

000022f6 <COPC_task_update>:
	COPC_init();
	SCH_TASK_CreateTask(&s_COPC_task_context.taskHandle, &s_COPC_task_context.taskProperty);
}

static void COPC_task_update(void)
{
    22f6:	cf 93       	push	r28
		rxData = rbuffer_remove(p_COPCBuffer);
		if (!receiving)
		{
			if(rxData  == (char)(FSP_PKT_SOD))
			{
				receiving  =  1;
    22f8:	c1 e0       	ldi	r28, 0x01	; 1
}

static void COPC_task_update(void)
{
	char rxData;
	while (!rbuffer_empty(p_COPCBuffer))
    22fa:	80 91 86 09 	lds	r24, 0x0986	; 0x800986 <p_COPCBuffer>
    22fe:	90 91 87 09 	lds	r25, 0x0987	; 0x800987 <p_COPCBuffer+0x1>
    2302:	0e 94 a5 1a 	call	0x354a	; 0x354a <rbuffer_empty>
    2306:	81 11       	cpse	r24, r1
    2308:	18 c0       	rjmp	.+48     	; 0x233a <COPC_task_update+0x44>
	{
		rxData = rbuffer_remove(p_COPCBuffer);
    230a:	80 91 86 09 	lds	r24, 0x0986	; 0x800986 <p_COPCBuffer>
    230e:	90 91 87 09 	lds	r25, 0x0987	; 0x800987 <p_COPCBuffer+0x1>
    2312:	0e 94 b3 1a 	call	0x3566	; 0x3566 <rbuffer_remove>
		if (!receiving)
    2316:	90 91 f8 08 	lds	r25, 0x08F8	; 0x8008f8 <receiving>
    231a:	91 11       	cpse	r25, r1
    231c:	10 c0       	rjmp	.+32     	; 0x233e <COPC_task_update+0x48>
		{
			if(rxData  == (char)(FSP_PKT_SOD))
    231e:	8a 3c       	cpi	r24, 0xCA	; 202
    2320:	61 f7       	brne	.-40     	; 0x22fa <COPC_task_update+0x4>
			{
				receiving  =  1;
    2322:	c0 93 f8 08 	sts	0x08F8, r28	; 0x8008f8 <receiving>
				COPC_RX_Index =  0;
    2326:	10 92 f7 08 	sts	0x08F7, r1	; 0x8008f7 <COPC_RX_Index>
}

static void COPC_task_update(void)
{
	char rxData;
	while (!rbuffer_empty(p_COPCBuffer))
    232a:	80 91 86 09 	lds	r24, 0x0986	; 0x800986 <p_COPCBuffer>
    232e:	90 91 87 09 	lds	r25, 0x0987	; 0x800987 <p_COPCBuffer+0x1>
    2332:	0e 94 a5 1a 	call	0x354a	; 0x354a <rbuffer_empty>
    2336:	88 23       	and	r24, r24
    2338:	41 f3       	breq	.-48     	; 0x230a <COPC_task_update+0x14>
			if  (COPC_RX_Index >= FSP_PKT_MAX_LENGTH)  {
				receiving  =  0;
			}
		}
	}
}
    233a:	cf 91       	pop	r28
    233c:	08 95       	ret
				receiving  =  1;
				COPC_RX_Index =  0;
			}
		} else
		{
			if(rxData  == (char)(FSP_PKT_EOF))
    233e:	8f 3e       	cpi	r24, 0xEF	; 239
    2340:	09 f1       	breq	.+66     	; 0x2384 <COPC_task_update+0x8e>
					default:
					
					break;
				}
				} else {
				if(rxData == (char)(FSP_PKT_ESC)){
    2342:	8d 3b       	cpi	r24, 0xBD	; 189
    2344:	f1 f1       	breq	.+124    	; 0x23c2 <COPC_task_update+0xcc>
					swap_byte = 1;
					break;
				}
				if(swap_byte) {
    2346:	90 91 f9 08 	lds	r25, 0x08F9	; 0x8008f9 <swap_byte>
    234a:	99 23       	and	r25, r25
    234c:	49 f0       	breq	.+18     	; 0x2360 <COPC_task_update+0x6a>
					swap_byte = 0;
    234e:	10 92 f9 08 	sts	0x08F9, r1	; 0x8008f9 <swap_byte>
					if(rxData == (char)(FSP_PKT_TSOD))	rxData = FSP_PKT_SOD;
    2352:	8c 3d       	cpi	r24, 0xDC	; 220
    2354:	a1 f1       	breq	.+104    	; 0x23be <COPC_task_update+0xc8>
					if(rxData == (char)(FSP_PKT_TESC))	rxData = FSP_PKT_ESC;
    2356:	8b 3d       	cpi	r24, 0xDB	; 219
    2358:	81 f1       	breq	.+96     	; 0x23ba <COPC_task_update+0xc4>
					if(rxData == (char)(FSP_PKT_TEOF))	rxData = FSP_PKT_EOF;
    235a:	8e 3d       	cpi	r24, 0xDE	; 222
    235c:	09 f4       	brne	.+2      	; 0x2360 <COPC_task_update+0x6a>
    235e:	8f ee       	ldi	r24, 0xEF	; 239
				}
				COPC_RX_Buff[COPC_RX_Index++]  =  rxData;
    2360:	e0 91 f7 08 	lds	r30, 0x08F7	; 0x8008f7 <COPC_RX_Index>
    2364:	91 e0       	ldi	r25, 0x01	; 1
    2366:	9e 0f       	add	r25, r30
    2368:	90 93 f7 08 	sts	0x08F7, r25	; 0x8008f7 <COPC_RX_Index>
    236c:	f0 e0       	ldi	r31, 0x00	; 0
    236e:	ed 5a       	subi	r30, 0xAD	; 173
    2370:	f5 4f       	sbci	r31, 0xF5	; 245
    2372:	80 83       	st	Z, r24
			}
			if  (COPC_RX_Index >= FSP_PKT_MAX_LENGTH)  {
    2374:	80 91 f7 08 	lds	r24, 0x08F7	; 0x8008f7 <COPC_RX_Index>
    2378:	83 34       	cpi	r24, 0x43	; 67
    237a:	08 f4       	brcc	.+2      	; 0x237e <COPC_task_update+0x88>
    237c:	be cf       	rjmp	.-132    	; 0x22fa <COPC_task_update+0x4>
				receiving  =  0;
    237e:	10 92 f8 08 	sts	0x08F8, r1	; 0x8008f8 <receiving>
    2382:	bb cf       	rjmp	.-138    	; 0x22fa <COPC_task_update+0x4>
			}
		} else
		{
			if(rxData  == (char)(FSP_PKT_EOF))
			{
				receiving  =  0;
    2384:	10 92 f8 08 	sts	0x08F8, r1	; 0x8008f8 <receiving>
				switch (frame_decode((uint8_t  *)COPC_RX_Buff, COPC_RX_Index,  &s_COPC_FspPacket))
    2388:	60 91 f7 08 	lds	r22, 0x08F7	; 0x8008f7 <COPC_RX_Index>
    238c:	42 e4       	ldi	r20, 0x42	; 66
    238e:	59 e0       	ldi	r21, 0x09	; 9
    2390:	83 e5       	ldi	r24, 0x53	; 83
    2392:	9a e0       	ldi	r25, 0x0A	; 10
    2394:	0e 94 37 2d 	call	0x5a6e	; 0x5a6e <frame_decode>
    2398:	83 30       	cpi	r24, 0x03	; 3
    239a:	91 05       	cpc	r25, r1
    239c:	11 f1       	breq	.+68     	; 0x23e2 <COPC_task_update+0xec>
    239e:	84 30       	cpi	r24, 0x04	; 4
    23a0:	91 05       	cpc	r25, r1
    23a2:	a1 f0       	breq	.+40     	; 0x23cc <COPC_task_update+0xd6>
    23a4:	01 97       	sbiw	r24, 0x01	; 1
    23a6:	31 f7       	brne	.-52     	; 0x2374 <COPC_task_update+0x7e>
				{
					//process command
					case FSP_PKT_NOT_READY:
					break;
					case FSP_PKT_READY:
						usart0_send_string("Received COPC cmd\r\n");
    23a8:	8b e8       	ldi	r24, 0x8B	; 139
    23aa:	97 e0       	ldi	r25, 0x07	; 7
    23ac:	0e 94 26 1b 	call	0x364c	; 0x364c <usart0_send_string>
						COPC_process_command(&s_COPC_FspPacket);
    23b0:	82 e4       	ldi	r24, 0x42	; 66
    23b2:	99 e0       	ldi	r25, 0x09	; 9
    23b4:	0e 94 42 11 	call	0x2284	; 0x2284 <COPC_process_command>
					break;
    23b8:	dd cf       	rjmp	.-70     	; 0x2374 <COPC_task_update+0x7e>
    23ba:	8d eb       	ldi	r24, 0xBD	; 189
    23bc:	d1 cf       	rjmp	.-94     	; 0x2360 <COPC_task_update+0x6a>
    23be:	8a ec       	ldi	r24, 0xCA	; 202
    23c0:	cf cf       	rjmp	.-98     	; 0x2360 <COPC_task_update+0x6a>
					
					break;
				}
				} else {
				if(rxData == (char)(FSP_PKT_ESC)){
					swap_byte = 1;
    23c2:	81 e0       	ldi	r24, 0x01	; 1
    23c4:	80 93 f9 08 	sts	0x08F9, r24	; 0x8008f9 <swap_byte>
			if  (COPC_RX_Index >= FSP_PKT_MAX_LENGTH)  {
				receiving  =  0;
			}
		}
	}
}
    23c8:	cf 91       	pop	r28
    23ca:	08 95       	ret
					case FSP_PKT_WRONG_ADR:
						usart0_send_string("Wrong module adr \r\n");
						usart0_send_array((const char *)COPC_RX_Buff,COPC_RX_Index);
					break;
					case FSP_PKT_ERROR:
						usart0_send_string("Packet error \r\n");
    23cc:	83 eb       	ldi	r24, 0xB3	; 179
    23ce:	97 e0       	ldi	r25, 0x07	; 7
    23d0:	0e 94 26 1b 	call	0x364c	; 0x364c <usart0_send_string>
						usart0_send_array((const char *)COPC_RX_Buff,COPC_RX_Index);
    23d4:	60 91 f7 08 	lds	r22, 0x08F7	; 0x8008f7 <COPC_RX_Index>
    23d8:	83 e5       	ldi	r24, 0x53	; 83
    23da:	9a e0       	ldi	r25, 0x0A	; 10
    23dc:	0e 94 35 1b 	call	0x366a	; 0x366a <usart0_send_array>
					break;
    23e0:	c9 cf       	rjmp	.-110    	; 0x2374 <COPC_task_update+0x7e>
					break;
					case FSP_PKT_INVALID:
					
					break;
					case FSP_PKT_WRONG_ADR:
						usart0_send_string("Wrong module adr \r\n");
    23e2:	8f e9       	ldi	r24, 0x9F	; 159
    23e4:	97 e0       	ldi	r25, 0x07	; 7
    23e6:	0e 94 26 1b 	call	0x364c	; 0x364c <usart0_send_string>
						usart0_send_array((const char *)COPC_RX_Buff,COPC_RX_Index);
    23ea:	60 91 f7 08 	lds	r22, 0x08F7	; 0x8008f7 <COPC_RX_Index>
    23ee:	83 e5       	ldi	r24, 0x53	; 83
    23f0:	9a e0       	ldi	r25, 0x0A	; 10
    23f2:	0e 94 35 1b 	call	0x366a	; 0x366a <usart0_send_array>
					break;
    23f6:	be cf       	rjmp	.-132    	; 0x2374 <COPC_task_update+0x7e>

000023f8 <IR_led_init>:
	#ifdef	IOU_HW_V1_0_0
		pwm1_init(IR_LED_PIN, 1000, 0);
	#endif
	
	#ifdef	IOU_HW_V1_2_0
		pwm2_init(IR_LED_PIN, 1000, 0);
    23f8:	40 e0       	ldi	r20, 0x00	; 0
    23fa:	68 ee       	ldi	r22, 0xE8	; 232
    23fc:	73 e0       	ldi	r23, 0x03	; 3
    23fe:	87 e0       	ldi	r24, 0x07	; 7
    2400:	0c 94 0e 18 	jmp	0x301c	; 0x301c <pwm2_init>

00002404 <IR_led_set_DutyCyclesPercent>:
	#endif
}

void IR_led_set_DutyCyclesPercent(uint8_t _DutyCyclesPercent)
{
    2404:	cf 93       	push	r28
    2406:	c8 2f       	mov	r28, r24
    2408:	85 36       	cpi	r24, 0x65	; 101
    240a:	08 f0       	brcs	.+2      	; 0x240e <IR_led_set_DutyCyclesPercent+0xa>
    240c:	c4 e6       	ldi	r28, 0x64	; 100
	#ifdef	IOU_HW_V1_0_0
		pwm1_set_DutyCyclePercent(_DutyCyclesPercent);
	#endif
		
	#ifdef	IOU_HW_V1_2_0
		pwm2_set_DutyCyclePercent(_DutyCyclesPercent);
    240e:	8c 2f       	mov	r24, r28
    2410:	0e 94 70 18 	call	0x30e0	; 0x30e0 <pwm2_set_DutyCyclePercent>
	#endif
	
	IR_led_DutyCycle_status = _DutyCyclesPercent;
    2414:	c0 93 88 09 	sts	0x0988, r28	; 0x800988 <IR_led_DutyCycle_status>
}
    2418:	cf 91       	pop	r28
    241a:	08 95       	ret

0000241c <IR_led_get_Current_DutyCyclesPercent>:

uint8_t IR_led_get_Current_DutyCyclesPercent(void)
{
	return (uint8_t)IR_led_DutyCycle_status;
    241c:	80 91 88 09 	lds	r24, 0x0988	; 0x800988 <IR_led_DutyCycle_status>
    2420:	08 95       	ret

00002422 <status_led_update>:
{
	LED2_DATA_PORT &= ~((1 << LED2_PIN));
}
void	status_led_update(void)
{
	switch (*s_led_display_status.s_pIOU_Status) {
    2422:	e0 91 8a 09 	lds	r30, 0x098A	; 0x80098a <s_led_display_status+0x1>
    2426:	f0 91 8b 09 	lds	r31, 0x098B	; 0x80098b <s_led_display_status+0x2>
    242a:	80 81       	ld	r24, Z
    242c:	88 23       	and	r24, r24
    242e:	41 f0       	breq	.+16     	; 0x2440 <status_led_update+0x1e>
    2430:	81 30       	cpi	r24, 0x01	; 1
    2432:	29 f4       	brne	.+10     	; 0x243e <status_led_update+0x1c>
		}
}

static	void	status_led_normal(void)
{
	if (s_led_display_status.led1 == 1)
    2434:	80 91 89 09 	lds	r24, 0x0989	; 0x800989 <s_led_display_status>
    2438:	80 fd       	sbrc	r24, 0
    243a:	19 c0       	rjmp	.+50     	; 0x246e <status_led_update+0x4c>
    243c:	08 95       	ret
    243e:	08 95       	ret
	}
}
static	void	status_led_powerup(void)
{
		{
			if ((s_led_display_status.led1 == 1) && (s_led_display_status.led1 == 1))	//both ON
    2440:	80 91 89 09 	lds	r24, 0x0989	; 0x800989 <s_led_display_status>
    2444:	80 fd       	sbrc	r24, 0
    2446:	25 c0       	rjmp	.+74     	; 0x2492 <status_led_update+0x70>
					SCH_TIM_Start(SCH_TIM_LED,POWERUP_PERIOD);	//restart
				}
			}
			else if ((s_led_display_status.led1 == 0) && (s_led_display_status.led1 == 0))	//both OFF
			{
				if (SCH_TIM_HasCompleted(SCH_TIM_LED))
    2448:	80 e0       	ldi	r24, 0x00	; 0
    244a:	0e 94 5c 2a 	call	0x54b8	; 0x54b8 <SCH_TIM_HasCompleted>
    244e:	88 23       	and	r24, r24
    2450:	a9 f3       	breq	.-22     	; 0x243c <status_led_update+0x1a>
				{
					s_led_display_status.led1 = 1;
    2452:	80 91 89 09 	lds	r24, 0x0989	; 0x800989 <s_led_display_status>
    2456:	81 60       	ori	r24, 0x01	; 1
    2458:	80 93 89 09 	sts	0x0989, r24	; 0x800989 <s_led_display_status>
	LED1_DATA_PORT |= ((1 << LED1_PIN));	
}

static void status_led_led1_on(void)
{
	LED1_DATA_PORT &= ~((1 << LED1_PIN));
    245c:	ab 98       	cbi	0x15, 3	; 21
	LED2_DATA_PORT |= ((1 << LED2_PIN));
}

static void status_led_led2_on(void)
{
	LED2_DATA_PORT &= ~((1 << LED2_PIN));
    245e:	aa 98       	cbi	0x15, 2	; 21
				{
					s_led_display_status.led1 = 1;
					s_led_display_status.led1 = 1;
					status_led_led1_on();
					status_led_led2_on();
					SCH_TIM_Start(SCH_TIM_LED,POWERUP_PERIOD);	//restart					
    2460:	44 ef       	ldi	r20, 0xF4	; 244
    2462:	51 e0       	ldi	r21, 0x01	; 1
    2464:	60 e0       	ldi	r22, 0x00	; 0
    2466:	70 e0       	ldi	r23, 0x00	; 0
    2468:	80 e0       	ldi	r24, 0x00	; 0
    246a:	0c 94 50 2a 	jmp	0x54a0	; 0x54a0 <SCH_TIM_Start>

static	void	status_led_normal(void)
{
	if (s_led_display_status.led1 == 1)
	{
		if (SCH_TIM_HasCompleted(SCH_TIM_LED))
    246e:	80 e0       	ldi	r24, 0x00	; 0
    2470:	0e 94 5c 2a 	call	0x54b8	; 0x54b8 <SCH_TIM_HasCompleted>
    2474:	88 23       	and	r24, r24
    2476:	11 f3       	breq	.-60     	; 0x243c <status_led_update+0x1a>
			{
				s_led_display_status.led1 = 0;
    2478:	80 91 89 09 	lds	r24, 0x0989	; 0x800989 <s_led_display_status>
    247c:	8e 7f       	andi	r24, 0xFE	; 254
    247e:	80 93 89 09 	sts	0x0989, r24	; 0x800989 <s_led_display_status>
	
}

static void status_led_led1_off(void)
{
	LED1_DATA_PORT |= ((1 << LED1_PIN));	
    2482:	ab 9a       	sbi	0x15, 3	; 21
	{
		if (SCH_TIM_HasCompleted(SCH_TIM_LED))
			{
				s_led_display_status.led1 = 0;
				status_led_led1_off();
				SCH_TIM_Start(SCH_TIM_LED,POWER_NORMAL_OFF_PERIOD);	//restart
    2484:	48 eb       	ldi	r20, 0xB8	; 184
    2486:	5b e0       	ldi	r21, 0x0B	; 11
    2488:	60 e0       	ldi	r22, 0x00	; 0
    248a:	70 e0       	ldi	r23, 0x00	; 0
    248c:	80 e0       	ldi	r24, 0x00	; 0
    248e:	0c 94 50 2a 	jmp	0x54a0	; 0x54a0 <SCH_TIM_Start>
static	void	status_led_powerup(void)
{
		{
			if ((s_led_display_status.led1 == 1) && (s_led_display_status.led1 == 1))	//both ON
			{
				if (SCH_TIM_HasCompleted(SCH_TIM_LED))
    2492:	80 e0       	ldi	r24, 0x00	; 0
    2494:	0e 94 5c 2a 	call	0x54b8	; 0x54b8 <SCH_TIM_HasCompleted>
    2498:	88 23       	and	r24, r24
    249a:	81 f2       	breq	.-96     	; 0x243c <status_led_update+0x1a>
				{
					s_led_display_status.led1 = 0;
    249c:	80 91 89 09 	lds	r24, 0x0989	; 0x800989 <s_led_display_status>
    24a0:	8e 7f       	andi	r24, 0xFE	; 254
    24a2:	80 93 89 09 	sts	0x0989, r24	; 0x800989 <s_led_display_status>
	
}

static void status_led_led1_off(void)
{
	LED1_DATA_PORT |= ((1 << LED1_PIN));	
    24a6:	ab 9a       	sbi	0x15, 3	; 21
	LED1_DATA_PORT &= ~((1 << LED1_PIN));
}

static void status_led_led2_off(void)
{
	LED2_DATA_PORT |= ((1 << LED2_PIN));
    24a8:	aa 9a       	sbi	0x15, 2	; 21
				{
					s_led_display_status.led1 = 0;
					s_led_display_status.led1 = 0;
					status_led_led1_off();
					status_led_led2_off();
					SCH_TIM_Start(SCH_TIM_LED,POWERUP_PERIOD);	//restart
    24aa:	44 ef       	ldi	r20, 0xF4	; 244
    24ac:	51 e0       	ldi	r21, 0x01	; 1
    24ae:	60 e0       	ldi	r22, 0x00	; 0
    24b0:	70 e0       	ldi	r23, 0x00	; 0
    24b2:	80 e0       	ldi	r24, 0x00	; 0
    24b4:	0c 94 50 2a 	jmp	0x54a0	; 0x54a0 <SCH_TIM_Start>

000024b8 <status_led_init>:
static	void	status_led_powerup(void);


void status_led_init(void)
{
	LED1_DIR_PORT |= (1 << LED1_PIN);
    24b8:	a3 9a       	sbi	0x14, 3	; 20
	LED1_DATA_PORT &= ~((1 << LED1_PIN));
    24ba:	ab 98       	cbi	0x15, 3	; 21
	LED2_DIR_PORT |= (1 << LED2_PIN);
    24bc:	a2 9a       	sbi	0x14, 2	; 20
	LED2_DATA_PORT &= ~((1 << LED2_PIN));
    24be:	aa 98       	cbi	0x15, 2	; 21
	s_led_display_status.led1 = 0;
    24c0:	e9 e8       	ldi	r30, 0x89	; 137
    24c2:	f9 e0       	ldi	r31, 0x09	; 9
    24c4:	80 81       	ld	r24, Z
	s_led_display_status.led2 = 0;
    24c6:	8e 7f       	andi	r24, 0xFE	; 254
    24c8:	8d 7f       	andi	r24, 0xFD	; 253
    24ca:	80 83       	st	Z, r24
	s_led_display_status.s_pIOU_Status = &IOU_data.IOU_State_Data;
    24cc:	8f e9       	ldi	r24, 0x9F	; 159
    24ce:	9c e0       	ldi	r25, 0x0C	; 12
    24d0:	92 83       	std	Z+2, r25	; 0x02
    24d2:	81 83       	std	Z+1, r24	; 0x01
	
}

static void status_led_led1_off(void)
{
	LED1_DATA_PORT |= ((1 << LED1_PIN));	
    24d4:	ab 9a       	sbi	0x15, 3	; 21
	LED1_DATA_PORT &= ~((1 << LED1_PIN));
}

static void status_led_led2_off(void)
{
	LED2_DATA_PORT |= ((1 << LED2_PIN));
    24d6:	aa 9a       	sbi	0x15, 2	; 21
    24d8:	08 95       	ret

000024da <status_led_create_task>:
	}
}

void	status_led_create_task(void)
{
	SCH_TASK_CreateTask(&s_task_context.taskHandle, &s_task_context.taskProperty);
    24da:	6e e9       	ldi	r22, 0x9E	; 158
    24dc:	71 e0       	ldi	r23, 0x01	; 1
    24de:	8d e9       	ldi	r24, 0x9D	; 157
    24e0:	91 e0       	ldi	r25, 0x01	; 1
    24e2:	0c 94 69 2a 	jmp	0x54d2	; 0x54d2 <SCH_TASK_CreateTask>

000024e6 <main>:
#include "ir_led.h"
#include "CAN_Protocol.h"

int main(void)
{
	SCH_Initialize();
    24e6:	0e 94 31 2a 	call	0x5462	; 0x5462 <SCH_Initialize>
	command_init();
    24ea:	0e 94 e0 0b 	call	0x17c0	; 0x17c0 <command_init>
	watchdog_init();
    24ee:	0e 94 98 17 	call	0x2f30	; 0x2f30 <watchdog_init>
	watchdog_create_timer();
    24f2:	0e 94 9a 17 	call	0x2f34	; 0x2f34 <watchdog_create_timer>
	status_led_init();
    24f6:	0e 94 5c 12 	call	0x24b8	; 0x24b8 <status_led_init>
	temperature_init();
    24fa:	0e 94 b5 12 	call	0x256a	; 0x256a <temperature_init>
	ringled_init();
    24fe:	0e 94 a5 29 	call	0x534a	; 0x534a <ringled_init>
	IR_led_init();
    2502:	0e 94 fc 11 	call	0x23f8	; 0x23f8 <IR_led_init>
	COPC_init();
    2506:	0e 94 ff 0b 	call	0x17fe	; 0x17fe <COPC_init>
	
	status_led_create_task();
    250a:	0e 94 6d 12 	call	0x24da	; 0x24da <status_led_create_task>
	command_create_task();
    250e:	0e 94 f9 0b 	call	0x17f2	; 0x17f2 <command_create_task>
	temperature_create_task();
    2512:	0e 94 2c 15 	call	0x2a58	; 0x2a58 <temperature_create_task>
	COPC_create_task();
    2516:	0e 94 17 0c 	call	0x182e	; 0x182e <COPC_create_task>
	SCH_StartSchedular();
    251a:	0e 94 4b 2b 	call	0x5696	; 0x5696 <SCH_StartSchedular>
	Accel_and_Gyro_init();
    251e:	0e 94 1e 06 	call	0xc3c	; 0xc3c <Accel_and_Gyro_init>
	Accel_and_Gyro_create_task();
    2522:	0e 94 2b 06 	call	0xc56	; 0xc56 <Accel_and_Gyro_create_task>
	Pressure_init();
    2526:	0e 94 a0 12 	call	0x2540	; 0x2540 <Pressure_init>
	Pressure_create_task();
    252a:	0e 94 ad 12 	call	0x255a	; 0x255a <Pressure_create_task>
	CAN_Protocol_Init();
    252e:	0e 94 c1 17 	call	0x2f82	; 0x2f82 <CAN_Protocol_Init>
	CAN_create_task();
    2532:	0e 94 c3 17 	call	0x2f86	; 0x2f86 <CAN_create_task>
		
	while (1)
	{
	SCH_HandleScheduledTask();
    2536:	0e 94 4d 2b 	call	0x569a	; 0x569a <SCH_HandleScheduledTask>
    253a:	fd cf       	rjmp	.-6      	; 0x2536 <main+0x50>

0000253c <pressure_update>:
	}
};

void pressure_update(void)
{
	BMP390_temp_press_update();
    253c:	0c 94 18 24 	jmp	0x4830	; 0x4830 <BMP390_temp_press_update>

00002540 <Pressure_init>:
}

bool Pressure_init(void)
{
    2540:	cf 93       	push	r28
	if (!BMP390_init())
    2542:	0e 94 2a 22 	call	0x4454	; 0x4454 <BMP390_init>
    2546:	c8 2f       	mov	r28, r24
    2548:	81 11       	cpse	r24, r1
    254a:	04 c0       	rjmp	.+8      	; 0x2554 <Pressure_init+0x14>
	{
		usart0_send_string("BMP390 is fail\r\n> ");
    254c:	83 ec       	ldi	r24, 0xC3	; 195
    254e:	97 e0       	ldi	r25, 0x07	; 7
    2550:	0e 94 26 1b 	call	0x364c	; 0x364c <usart0_send_string>
		return false;
	}
	return true;
}
    2554:	8c 2f       	mov	r24, r28
    2556:	cf 91       	pop	r28
    2558:	08 95       	ret

0000255a <Pressure_create_task>:

void Pressure_create_task(void)
{
	SCH_TASK_CreateTask(&s_pressure_task_context.taskHandle, &s_pressure_task_context.taskProperty);
    255a:	65 ea       	ldi	r22, 0xA5	; 165
    255c:	71 e0       	ldi	r23, 0x01	; 1
    255e:	84 ea       	ldi	r24, 0xA4	; 164
    2560:	91 e0       	ldi	r25, 0x01	; 1
    2562:	0c 94 69 2a 	jmp	0x54d2	; 0x54d2 <SCH_TASK_CreateTask>

00002566 <get_pressure>:
}

int16_t get_pressure(void)
{
	return get_BMP390_pressure();
    2566:	0c 94 81 24 	jmp	0x4902	; 0x4902 <get_BMP390_pressure>

0000256a <temperature_init>:

static	uint16_t	sTemperatureTimeCount[4] = {0,0,0,0};
static uint16_t		sTemperatureTimeChange[4] = {0,0,0,0};
static	uint8_t		sPrintLog = 0;
void	temperature_init(void)
{
    256a:	0f 93       	push	r16
    256c:	cf 93       	push	r28
	uint8_t	idx;
	init_adc();
    256e:	0e 94 a4 17 	call	0x2f48	; 0x2f48 <init_adc>
	TEC_init();
    2572:	0e 94 b4 29 	call	0x5368	; 0x5368 <TEC_init>
	MCP4921_init();
    2576:	0e 94 ae 28 	call	0x515c	; 0x515c <MCP4921_init>
	SPI_Init();
    257a:	0e 94 a4 18 	call	0x3148	; 0x3148 <SPI_Init>

	for(idx =0; idx < 4; idx ++)
    257e:	c0 e0       	ldi	r28, 0x00	; 0
	{
		TEC_shutdown(idx);
    2580:	8c 2f       	mov	r24, r28
    2582:	0e 94 fa 29 	call	0x53f4	; 0x53f4 <TEC_shutdown>
	else
	{
		_adcVal = DAC_at_2_5 + _delta;
	}

	MCP4291_set_output((uint16_t)_adcVal, 0, 0, 1, channel);
    2586:	0c 2f       	mov	r16, r28
    2588:	21 e0       	ldi	r18, 0x01	; 1
    258a:	40 e0       	ldi	r20, 0x00	; 0
    258c:	60 e0       	ldi	r22, 0x00	; 0
    258e:	8e e4       	ldi	r24, 0x4E	; 78
    2590:	97 e0       	ldi	r25, 0x07	; 7
    2592:	0e 94 d5 28 	call	0x51aa	; 0x51aa <MCP4291_set_output>
	init_adc();
	TEC_init();
	MCP4921_init();
	SPI_Init();

	for(idx =0; idx < 4; idx ++)
    2596:	cf 5f       	subi	r28, 0xFF	; 255
    2598:	c4 30       	cpi	r28, 0x04	; 4
    259a:	91 f7       	brne	.-28     	; 0x2580 <temperature_init+0x16>
	{
		TEC_shutdown(idx);
		temperature_set_TEC_output(idx, HEATING, 50);
	}
}
    259c:	cf 91       	pop	r28
    259e:	0f 91       	pop	r16
    25a0:	08 95       	ret

000025a2 <temperature_TEC_hysteris_control_heating>:
	}
}

//if double output is enabled, turn on both output 0 and 1 if temperature is measuring based on NTC channel 0
void	temperature_TEC_hysteris_control_heating(uint16_t	NTC_temperature, uint8_t TEC_channel)
{
    25a2:	af 92       	push	r10
    25a4:	bf 92       	push	r11
    25a6:	cf 92       	push	r12
    25a8:	df 92       	push	r13
    25aa:	ef 92       	push	r14
    25ac:	ff 92       	push	r15
    25ae:	0f 93       	push	r16
    25b0:	1f 93       	push	r17
    25b2:	cf 93       	push	r28
    25b4:	df 93       	push	r29
    25b6:	6c 01       	movw	r12, r24
    25b8:	16 2f       	mov	r17, r22
	// if NTC channel and automatic control
	// UARTprintf("TEC  %d is controlling heating\r\n", NTC_channel);
	// UARTprintf("NTCchannel is %d\r\n",NTC_channel);
	if(s_Temperature_CurrentState.TEC_status & (1<<(TEC_channel * 2))) {
    25ba:	c6 2f       	mov	r28, r22
    25bc:	d0 e0       	ldi	r29, 0x00	; 0
    25be:	7e 01       	movw	r14, r28
    25c0:	ee 0c       	add	r14, r14
    25c2:	ff 1c       	adc	r15, r15
    25c4:	80 91 d1 01 	lds	r24, 0x01D1	; 0x8001d1 <s_Temperature_CurrentState+0x26>
    25c8:	90 e0       	ldi	r25, 0x00	; 0
    25ca:	0e 2c       	mov	r0, r14
    25cc:	02 c0       	rjmp	.+4      	; 0x25d2 <temperature_TEC_hysteris_control_heating+0x30>
    25ce:	95 95       	asr	r25
    25d0:	87 95       	ror	r24
    25d2:	0a 94       	dec	r0
    25d4:	e2 f7       	brpl	.-8      	; 0x25ce <temperature_TEC_hysteris_control_heating+0x2c>
    25d6:	80 fd       	sbrc	r24, 0
    25d8:	56 c0       	rjmp	.+172    	; 0x2686 <temperature_TEC_hysteris_control_heating+0xe4>
		
	
	if (!(s_Temperature_CurrentState.TEC_status & (1<<(TEC_channel * 2))))		//TEC is disabling
	{
		// UARTprintf("TEC %d is disabling\r\n", NTC_channel);
		if (NTC_temperature < s_Temperature_CurrentState.channel_temperature_setpoint[TEC_channel] - TEMPERATURE_HYSTERIS)
    25da:	fe 01       	movw	r30, r28
    25dc:	ee 0f       	add	r30, r30
    25de:	ff 1f       	adc	r31, r31
    25e0:	e7 54       	subi	r30, 0x47	; 71
    25e2:	fe 4f       	sbci	r31, 0xFE	; 254
    25e4:	20 81       	ld	r18, Z
    25e6:	31 81       	ldd	r19, Z+1	; 0x01
    25e8:	c9 01       	movw	r24, r18
    25ea:	01 97       	sbiw	r24, 0x01	; 1
    25ec:	c8 16       	cp	r12, r24
    25ee:	d9 06       	cpc	r13, r25
    25f0:	08 f4       	brcc	.+2      	; 0x25f4 <temperature_TEC_hysteris_control_heating+0x52>
    25f2:	e6 c0       	rjmp	.+460    	; 0x27c0 <temperature_TEC_hysteris_control_heating+0x21e>
			s_Temperature_CurrentState.TEC_output_voltage_now[TEC_channel] = 50;
			temperature_set_TEC_output(TEC_channel, COOLING,s_Temperature_CurrentState.TEC_output_voltage_now[TEC_channel]);
			s_Temperature_CurrentState.TEC_status |= (1<<(TEC_channel * 2));
		}
		else  // Temperature is higher than setpoint  but TEC is disabled
		if (NTC_temperature >  (s_Temperature_CurrentState.channel_temperature_setpoint[TEC_channel] - TEMPERATURE_HYSTERIS))
    25f4:	8c 15       	cp	r24, r12
    25f6:	9d 05       	cpc	r25, r13
    25f8:	d8 f5       	brcc	.+118    	; 0x2670 <temperature_TEC_hysteris_control_heating+0xce>
		{
			// check if temperature is still increasing, add to the time count
			if ((NTC_temperature >  s_Temperature_CurrentState.NTC_channel_temperature[TEC_channel])  ||(NTC_temperature >  (s_Temperature_CurrentState.channel_temperature_setpoint[TEC_channel] + TEMPERATURE_MAX_ERROR)))
    25fa:	f7 01       	movw	r30, r14
    25fc:	e5 55       	subi	r30, 0x55	; 85
    25fe:	fe 4f       	sbci	r31, 0xFE	; 254
    2600:	80 81       	ld	r24, Z
    2602:	91 81       	ldd	r25, Z+1	; 0x01
    2604:	8c 15       	cp	r24, r12
    2606:	9d 05       	cpc	r25, r13
    2608:	08 f0       	brcs	.+2      	; 0x260c <temperature_TEC_hysteris_control_heating+0x6a>
    260a:	d3 c0       	rjmp	.+422    	; 0x27b2 <temperature_TEC_hysteris_control_heating+0x210>
			{
				sTemperatureTimeCount[TEC_channel]++;
    260c:	f7 01       	movw	r30, r14
    260e:	eb 56       	subi	r30, 0x6B	; 107
    2610:	f6 4f       	sbci	r31, 0xF6	; 246
    2612:	80 81       	ld	r24, Z
    2614:	91 81       	ldd	r25, Z+1	; 0x01
    2616:	01 96       	adiw	r24, 0x01	; 1
    2618:	91 83       	std	Z+1, r25	; 0x01
    261a:	80 83       	st	Z, r24
				// if the temperature keep increasing without the TEC turned on, switch to COOL mode
				if (sTemperatureTimeCount[TEC_channel] > INCREASE_DECREASE_TIMES)
    261c:	85 3f       	cpi	r24, 0xF5	; 245
    261e:	91 40       	sbci	r25, 0x01	; 1
    2620:	38 f1       	brcs	.+78     	; 0x2670 <temperature_TEC_hysteris_control_heating+0xce>
				{
					s_Temperature_CurrentState.mode[TEC_channel] = COOLING;
    2622:	de 01       	movw	r26, r28
    2624:	a5 55       	subi	r26, 0x55	; 85
    2626:	be 4f       	sbci	r27, 0xFE	; 254
    2628:	d0 96       	adiw	r26, 0x30	; 48
    262a:	1c 92       	st	X, r1
					sTemperatureTimeCount[TEC_channel] = 0;
    262c:	11 82       	std	Z+1, r1	; 0x01
    262e:	10 82       	st	Z, r1
					if ((sPrintLog)) UARTprintf("LOG: NTC channel %d Switch to COOLING mode \r\n", TEC_channel);
    2630:	80 91 8c 09 	lds	r24, 0x098C	; 0x80098c <sPrintLog>
    2634:	88 23       	and	r24, r24
    2636:	61 f0       	breq	.+24     	; 0x2650 <temperature_TEC_hysteris_control_heating+0xae>
    2638:	1f 92       	push	r1
    263a:	1f 93       	push	r17
    263c:	86 ed       	ldi	r24, 0xD6	; 214
    263e:	97 e0       	ldi	r25, 0x07	; 7
    2640:	9f 93       	push	r25
    2642:	8f 93       	push	r24
    2644:	0e 94 4b 20 	call	0x4096	; 0x4096 <UARTprintf>
    2648:	0f 90       	pop	r0
    264a:	0f 90       	pop	r0
    264c:	0f 90       	pop	r0
    264e:	0f 90       	pop	r0
					s_Temperature_CurrentState.TEC_output_voltage_now[TEC_channel] = 50;
    2650:	cc 0f       	add	r28, r28
    2652:	dd 1f       	adc	r29, r29
    2654:	c7 53       	subi	r28, 0x37	; 55
    2656:	de 4f       	sbci	r29, 0xFE	; 254
    2658:	82 e3       	ldi	r24, 0x32	; 50
    265a:	90 e0       	ldi	r25, 0x00	; 0
    265c:	99 83       	std	Y+1, r25	; 0x01
    265e:	88 83       	st	Y, r24
	else
	{
		_adcVal = DAC_at_2_5 + _delta;
	}

	MCP4291_set_output((uint16_t)_adcVal, 0, 0, 1, channel);
    2660:	01 2f       	mov	r16, r17
    2662:	21 e0       	ldi	r18, 0x01	; 1
    2664:	40 e0       	ldi	r20, 0x00	; 0
    2666:	60 e0       	ldi	r22, 0x00	; 0
    2668:	82 eb       	ldi	r24, 0xB2	; 178
    266a:	98 e0       	ldi	r25, 0x08	; 8
    266c:	0e 94 d5 28 	call	0x51aa	; 0x51aa <MCP4291_set_output>
			TEC_shutdown(TEC_channel);
			s_Temperature_CurrentState.TEC_output_voltage_now[TEC_channel] = 50;
			s_Temperature_CurrentState.TEC_status &= ~(1<<(TEC_channel * 2));
		}
	}
}
    2670:	df 91       	pop	r29
    2672:	cf 91       	pop	r28
    2674:	1f 91       	pop	r17
    2676:	0f 91       	pop	r16
    2678:	ff 90       	pop	r15
    267a:	ef 90       	pop	r14
    267c:	df 90       	pop	r13
    267e:	cf 90       	pop	r12
    2680:	bf 90       	pop	r11
    2682:	af 90       	pop	r10
    2684:	08 95       	ret
{
	// if NTC channel and automatic control
	// UARTprintf("TEC  %d is controlling heating\r\n", NTC_channel);
	// UARTprintf("NTCchannel is %d\r\n",NTC_channel);
	if(s_Temperature_CurrentState.TEC_status & (1<<(TEC_channel * 2))) {
		if(s_Temperature_CurrentState.TEC_output_voltage_now[TEC_channel] < s_Temperature_CurrentState.TEC_output_voltage[TEC_channel]) {
    2686:	5e 01       	movw	r10, r28
    2688:	2f e0       	ldi	r18, 0x0F	; 15
    268a:	a2 0e       	add	r10, r18
    268c:	b1 1c       	adc	r11, r1
    268e:	f5 01       	movw	r30, r10
    2690:	ee 0f       	add	r30, r30
    2692:	ff 1f       	adc	r31, r31
    2694:	e5 55       	subi	r30, 0x55	; 85
    2696:	fe 4f       	sbci	r31, 0xFE	; 254
    2698:	80 81       	ld	r24, Z
    269a:	91 81       	ldd	r25, Z+1	; 0x01
    269c:	de 01       	movw	r26, r28
    269e:	aa 0f       	add	r26, r26
    26a0:	bb 1f       	adc	r27, r27
    26a2:	af 53       	subi	r26, 0x3F	; 63
    26a4:	be 4f       	sbci	r27, 0xFE	; 254
    26a6:	6d 91       	ld	r22, X+
    26a8:	7c 91       	ld	r23, X
    26aa:	86 17       	cp	r24, r22
    26ac:	97 07       	cpc	r25, r23
    26ae:	08 f0       	brcs	.+2      	; 0x26b2 <temperature_TEC_hysteris_control_heating+0x110>
    26b0:	64 c0       	rjmp	.+200    	; 0x277a <temperature_TEC_hysteris_control_heating+0x1d8>
			sTemperatureTimeChange[TEC_channel]++;
    26b2:	d7 01       	movw	r26, r14
    26b4:	a3 57       	subi	r26, 0x73	; 115
    26b6:	b6 4f       	sbci	r27, 0xF6	; 246
    26b8:	2d 91       	ld	r18, X+
    26ba:	3c 91       	ld	r19, X
    26bc:	11 97       	sbiw	r26, 0x01	; 1
    26be:	2f 5f       	subi	r18, 0xFF	; 255
    26c0:	3f 4f       	sbci	r19, 0xFF	; 255
			if(sTemperatureTimeChange[TEC_channel] >= TEC_CHANGE_TIME) {
    26c2:	24 31       	cpi	r18, 0x14	; 20
    26c4:	31 05       	cpc	r19, r1
    26c6:	08 f4       	brcc	.+2      	; 0x26ca <temperature_TEC_hysteris_control_heating+0x128>
    26c8:	71 c0       	rjmp	.+226    	; 0x27ac <temperature_TEC_hysteris_control_heating+0x20a>
				sTemperatureTimeChange[TEC_channel] = 0;
    26ca:	1d 92       	st	X+, r1
    26cc:	1c 92       	st	X, r1
				s_Temperature_CurrentState.TEC_output_voltage_now[TEC_channel] += 20;
    26ce:	44 96       	adiw	r24, 0x14	; 20
				
				if(s_Temperature_CurrentState.TEC_output_voltage_now[TEC_channel] > s_Temperature_CurrentState.TEC_output_voltage[TEC_channel])
    26d0:	68 17       	cp	r22, r24
    26d2:	79 07       	cpc	r23, r25
    26d4:	08 f0       	brcs	.+2      	; 0x26d8 <temperature_TEC_hysteris_control_heating+0x136>
    26d6:	66 c0       	rjmp	.+204    	; 0x27a4 <temperature_TEC_hysteris_control_heating+0x202>
			sTemperatureTimeChange[TEC_channel]++;
			if(sTemperatureTimeChange[TEC_channel] >= TEC_CHANGE_TIME) {
				sTemperatureTimeChange[TEC_channel] = 0;
				s_Temperature_CurrentState.TEC_output_voltage_now[TEC_channel] -= 20;
				if(s_Temperature_CurrentState.TEC_output_voltage_now[TEC_channel] < s_Temperature_CurrentState.TEC_output_voltage[TEC_channel])
					s_Temperature_CurrentState.TEC_output_voltage_now[TEC_channel] = s_Temperature_CurrentState.TEC_output_voltage[TEC_channel];
    26d8:	71 83       	std	Z+1, r23	; 0x01
    26da:	60 83       	st	Z, r22
	else
	{
		_adcVal = DAC_at_2_5 + _delta;
	}

	MCP4291_set_output((uint16_t)_adcVal, 0, 0, 1, channel);
    26dc:	cb 01       	movw	r24, r22
    26de:	a0 e0       	ldi	r26, 0x00	; 0
    26e0:	b0 e0       	ldi	r27, 0x00	; 0
    26e2:	bc 01       	movw	r22, r24
    26e4:	cd 01       	movw	r24, r26
    26e6:	4c e0       	ldi	r20, 0x0C	; 12
    26e8:	66 0f       	add	r22, r22
    26ea:	77 1f       	adc	r23, r23
    26ec:	88 1f       	adc	r24, r24
    26ee:	99 1f       	adc	r25, r25
    26f0:	4a 95       	dec	r20
    26f2:	d1 f7       	brne	.-12     	; 0x26e8 <temperature_TEC_hysteris_control_heating+0x146>
    26f4:	2e e7       	ldi	r18, 0x7E	; 126
    26f6:	34 e0       	ldi	r19, 0x04	; 4
    26f8:	40 e0       	ldi	r20, 0x00	; 0
    26fa:	50 e0       	ldi	r21, 0x00	; 0
    26fc:	0e 94 3f 33 	call	0x667e	; 0x667e <__udivmodsi4>
    2700:	80 e0       	ldi	r24, 0x00	; 0
    2702:	98 e0       	ldi	r25, 0x08	; 8
    2704:	a0 e0       	ldi	r26, 0x00	; 0
    2706:	b0 e0       	ldi	r27, 0x00	; 0
    2708:	82 1b       	sub	r24, r18
    270a:	93 0b       	sbc	r25, r19
    270c:	a4 0b       	sbc	r26, r20
    270e:	b5 0b       	sbc	r27, r21
    2710:	01 2f       	mov	r16, r17
    2712:	21 e0       	ldi	r18, 0x01	; 1
    2714:	40 e0       	ldi	r20, 0x00	; 0
    2716:	60 e0       	ldi	r22, 0x00	; 0
    2718:	0e 94 d5 28 	call	0x51aa	; 0x51aa <MCP4291_set_output>
		}		
	}

		
	
	if (!(s_Temperature_CurrentState.TEC_status & (1<<(TEC_channel * 2))))		//TEC is disabling
    271c:	80 91 d1 01 	lds	r24, 0x01D1	; 0x8001d1 <s_Temperature_CurrentState+0x26>
    2720:	90 e0       	ldi	r25, 0x00	; 0
    2722:	0e 2c       	mov	r0, r14
    2724:	02 c0       	rjmp	.+4      	; 0x272a <temperature_TEC_hysteris_control_heating+0x188>
    2726:	95 95       	asr	r25
    2728:	87 95       	ror	r24
    272a:	0a 94       	dec	r0
    272c:	e2 f7       	brpl	.-8      	; 0x2726 <temperature_TEC_hysteris_control_heating+0x184>
    272e:	80 ff       	sbrs	r24, 0
    2730:	54 cf       	rjmp	.-344    	; 0x25da <temperature_TEC_hysteris_control_heating+0x38>
	}
	
	else  //TEC is enabling
	{
		// UARTprintf("TEC %d is enabling\r\n", NTC_channel);
		if (NTC_temperature > s_Temperature_CurrentState.channel_temperature_setpoint[TEC_channel] + TEMPERATURE_HYSTERIS)
    2732:	cc 0f       	add	r28, r28
    2734:	dd 1f       	adc	r29, r29
    2736:	c7 54       	subi	r28, 0x47	; 71
    2738:	de 4f       	sbci	r29, 0xFE	; 254
    273a:	88 81       	ld	r24, Y
    273c:	99 81       	ldd	r25, Y+1	; 0x01
    273e:	01 96       	adiw	r24, 0x01	; 1
    2740:	8c 15       	cp	r24, r12
    2742:	9d 05       	cpc	r25, r13
    2744:	08 f0       	brcs	.+2      	; 0x2748 <temperature_TEC_hysteris_control_heating+0x1a6>
    2746:	94 cf       	rjmp	.-216    	; 0x2670 <temperature_TEC_hysteris_control_heating+0xce>
		{
			// UARTprintf("TEC %d shutdown\r\n", NTC_channel);
			TEC_shutdown(TEC_channel);
    2748:	81 2f       	mov	r24, r17
    274a:	0e 94 fa 29 	call	0x53f4	; 0x53f4 <TEC_shutdown>
			s_Temperature_CurrentState.TEC_output_voltage_now[TEC_channel] = 50;
    274e:	f5 01       	movw	r30, r10
    2750:	ee 0f       	add	r30, r30
    2752:	ff 1f       	adc	r31, r31
    2754:	e5 55       	subi	r30, 0x55	; 85
    2756:	fe 4f       	sbci	r31, 0xFE	; 254
    2758:	82 e3       	ldi	r24, 0x32	; 50
    275a:	90 e0       	ldi	r25, 0x00	; 0
    275c:	91 83       	std	Z+1, r25	; 0x01
    275e:	80 83       	st	Z, r24
			s_Temperature_CurrentState.TEC_status &= ~(1<<(TEC_channel * 2));
    2760:	81 e0       	ldi	r24, 0x01	; 1
    2762:	90 e0       	ldi	r25, 0x00	; 0
    2764:	01 c0       	rjmp	.+2      	; 0x2768 <temperature_TEC_hysteris_control_heating+0x1c6>
    2766:	88 0f       	add	r24, r24
    2768:	ea 94       	dec	r14
    276a:	ea f7       	brpl	.-6      	; 0x2766 <temperature_TEC_hysteris_control_heating+0x1c4>
    276c:	80 95       	com	r24
    276e:	90 91 d1 01 	lds	r25, 0x01D1	; 0x8001d1 <s_Temperature_CurrentState+0x26>
    2772:	89 23       	and	r24, r25
    2774:	80 93 d1 01 	sts	0x01D1, r24	; 0x8001d1 <s_Temperature_CurrentState+0x26>
		}
	}
}
    2778:	7b cf       	rjmp	.-266    	; 0x2670 <temperature_TEC_hysteris_control_heating+0xce>
				
				if(s_Temperature_CurrentState.TEC_output_voltage_now[TEC_channel] > s_Temperature_CurrentState.TEC_output_voltage[TEC_channel])
					s_Temperature_CurrentState.TEC_output_voltage_now[TEC_channel] = s_Temperature_CurrentState.TEC_output_voltage[TEC_channel];
				temperature_set_TEC_output(TEC_channel, HEATING, s_Temperature_CurrentState.TEC_output_voltage_now[TEC_channel]);
			}
		} else if(s_Temperature_CurrentState.TEC_output_voltage_now[TEC_channel] > s_Temperature_CurrentState.TEC_output_voltage[TEC_channel]) {
    277a:	68 17       	cp	r22, r24
    277c:	79 07       	cpc	r23, r25
    277e:	c8 f6       	brcc	.-78     	; 0x2732 <temperature_TEC_hysteris_control_heating+0x190>
			sTemperatureTimeChange[TEC_channel]++;
    2780:	d7 01       	movw	r26, r14
    2782:	a3 57       	subi	r26, 0x73	; 115
    2784:	b6 4f       	sbci	r27, 0xF6	; 246
    2786:	2d 91       	ld	r18, X+
    2788:	3c 91       	ld	r19, X
    278a:	11 97       	sbiw	r26, 0x01	; 1
    278c:	2f 5f       	subi	r18, 0xFF	; 255
    278e:	3f 4f       	sbci	r19, 0xFF	; 255
			if(sTemperatureTimeChange[TEC_channel] >= TEC_CHANGE_TIME) {
    2790:	24 31       	cpi	r18, 0x14	; 20
    2792:	31 05       	cpc	r19, r1
    2794:	58 f0       	brcs	.+22     	; 0x27ac <temperature_TEC_hysteris_control_heating+0x20a>
				sTemperatureTimeChange[TEC_channel] = 0;
    2796:	1d 92       	st	X+, r1
    2798:	1c 92       	st	X, r1
				s_Temperature_CurrentState.TEC_output_voltage_now[TEC_channel] -= 20;
    279a:	44 97       	sbiw	r24, 0x14	; 20
				if(s_Temperature_CurrentState.TEC_output_voltage_now[TEC_channel] < s_Temperature_CurrentState.TEC_output_voltage[TEC_channel])
    279c:	86 17       	cp	r24, r22
    279e:	97 07       	cpc	r25, r23
    27a0:	08 f4       	brcc	.+2      	; 0x27a4 <temperature_TEC_hysteris_control_heating+0x202>
    27a2:	9a cf       	rjmp	.-204    	; 0x26d8 <temperature_TEC_hysteris_control_heating+0x136>
			}
		} else if(s_Temperature_CurrentState.TEC_output_voltage_now[TEC_channel] > s_Temperature_CurrentState.TEC_output_voltage[TEC_channel]) {
			sTemperatureTimeChange[TEC_channel]++;
			if(sTemperatureTimeChange[TEC_channel] >= TEC_CHANGE_TIME) {
				sTemperatureTimeChange[TEC_channel] = 0;
				s_Temperature_CurrentState.TEC_output_voltage_now[TEC_channel] -= 20;
    27a4:	91 83       	std	Z+1, r25	; 0x01
    27a6:	80 83       	st	Z, r24
    27a8:	bc 01       	movw	r22, r24
    27aa:	98 cf       	rjmp	.-208    	; 0x26dc <temperature_TEC_hysteris_control_heating+0x13a>
	// if NTC channel and automatic control
	// UARTprintf("TEC  %d is controlling heating\r\n", NTC_channel);
	// UARTprintf("NTCchannel is %d\r\n",NTC_channel);
	if(s_Temperature_CurrentState.TEC_status & (1<<(TEC_channel * 2))) {
		if(s_Temperature_CurrentState.TEC_output_voltage_now[TEC_channel] < s_Temperature_CurrentState.TEC_output_voltage[TEC_channel]) {
			sTemperatureTimeChange[TEC_channel]++;
    27ac:	2d 93       	st	X+, r18
    27ae:	3c 93       	st	X, r19
    27b0:	c0 cf       	rjmp	.-128    	; 0x2732 <temperature_TEC_hysteris_control_heating+0x190>
		}
		else  // Temperature is higher than setpoint  but TEC is disabled
		if (NTC_temperature >  (s_Temperature_CurrentState.channel_temperature_setpoint[TEC_channel] - TEMPERATURE_HYSTERIS))
		{
			// check if temperature is still increasing, add to the time count
			if ((NTC_temperature >  s_Temperature_CurrentState.NTC_channel_temperature[TEC_channel])  ||(NTC_temperature >  (s_Temperature_CurrentState.channel_temperature_setpoint[TEC_channel] + TEMPERATURE_MAX_ERROR)))
    27b2:	22 5e       	subi	r18, 0xE2	; 226
    27b4:	3f 4f       	sbci	r19, 0xFF	; 255
    27b6:	2c 15       	cp	r18, r12
    27b8:	3d 05       	cpc	r19, r13
    27ba:	08 f4       	brcc	.+2      	; 0x27be <temperature_TEC_hysteris_control_heating+0x21c>
    27bc:	27 cf       	rjmp	.-434    	; 0x260c <temperature_TEC_hysteris_control_heating+0x6a>
    27be:	58 cf       	rjmp	.-336    	; 0x2670 <temperature_TEC_hysteris_control_heating+0xce>
	if (!(s_Temperature_CurrentState.TEC_status & (1<<(TEC_channel * 2))))		//TEC is disabling
	{
		// UARTprintf("TEC %d is disabling\r\n", NTC_channel);
		if (NTC_temperature < s_Temperature_CurrentState.channel_temperature_setpoint[TEC_channel] - TEMPERATURE_HYSTERIS)
		{
			TEC_enable(TEC_channel);
    27c0:	81 2f       	mov	r24, r17
    27c2:	0e 94 dd 29 	call	0x53ba	; 0x53ba <TEC_enable>
			s_Temperature_CurrentState.TEC_output_voltage_now[TEC_channel] = 50;
    27c6:	cc 0f       	add	r28, r28
    27c8:	dd 1f       	adc	r29, r29
    27ca:	c7 53       	subi	r28, 0x37	; 55
    27cc:	de 4f       	sbci	r29, 0xFE	; 254
    27ce:	82 e3       	ldi	r24, 0x32	; 50
    27d0:	90 e0       	ldi	r25, 0x00	; 0
    27d2:	99 83       	std	Y+1, r25	; 0x01
    27d4:	88 83       	st	Y, r24
	else
	{
		_adcVal = DAC_at_2_5 + _delta;
	}

	MCP4291_set_output((uint16_t)_adcVal, 0, 0, 1, channel);
    27d6:	01 2f       	mov	r16, r17
    27d8:	21 e0       	ldi	r18, 0x01	; 1
    27da:	40 e0       	ldi	r20, 0x00	; 0
    27dc:	60 e0       	ldi	r22, 0x00	; 0
    27de:	82 eb       	ldi	r24, 0xB2	; 178
    27e0:	98 e0       	ldi	r25, 0x08	; 8
    27e2:	0e 94 d5 28 	call	0x51aa	; 0x51aa <MCP4291_set_output>
		if (NTC_temperature < s_Temperature_CurrentState.channel_temperature_setpoint[TEC_channel] - TEMPERATURE_HYSTERIS)
		{
			TEC_enable(TEC_channel);
			s_Temperature_CurrentState.TEC_output_voltage_now[TEC_channel] = 50;
			temperature_set_TEC_output(TEC_channel, COOLING,s_Temperature_CurrentState.TEC_output_voltage_now[TEC_channel]);
			s_Temperature_CurrentState.TEC_status |= (1<<(TEC_channel * 2));
    27e6:	81 e0       	ldi	r24, 0x01	; 1
    27e8:	90 e0       	ldi	r25, 0x00	; 0
    27ea:	01 c0       	rjmp	.+2      	; 0x27ee <temperature_TEC_hysteris_control_heating+0x24c>
    27ec:	88 0f       	add	r24, r24
    27ee:	ea 94       	dec	r14
    27f0:	ea f7       	brpl	.-6      	; 0x27ec <temperature_TEC_hysteris_control_heating+0x24a>
    27f2:	90 91 d1 01 	lds	r25, 0x01D1	; 0x8001d1 <s_Temperature_CurrentState+0x26>
    27f6:	89 2b       	or	r24, r25
    27f8:	80 93 d1 01 	sts	0x01D1, r24	; 0x8001d1 <s_Temperature_CurrentState+0x26>
    27fc:	39 cf       	rjmp	.-398    	; 0x2670 <temperature_TEC_hysteris_control_heating+0xce>

000027fe <temperature_TEC_hysteris_control_cooling>:
	}
}

//if double output is enabled, turn on both output 0 and 1 if temperature is measuring based on NTC channel 0
void	temperature_TEC_hysteris_control_cooling(uint16_t	NTC_temperature, uint8_t TEC_channel)
{
    27fe:	af 92       	push	r10
    2800:	bf 92       	push	r11
    2802:	cf 92       	push	r12
    2804:	df 92       	push	r13
    2806:	ef 92       	push	r14
    2808:	ff 92       	push	r15
    280a:	0f 93       	push	r16
    280c:	1f 93       	push	r17
    280e:	cf 93       	push	r28
    2810:	df 93       	push	r29
    2812:	6c 01       	movw	r12, r24
    2814:	16 2f       	mov	r17, r22
	//		if NTC channel and automatic control
	//	UARTprintf("TEC %d is controlling cooling\r\n", NTC_channel);
	if(s_Temperature_CurrentState.TEC_status & (1<<(TEC_channel * 2))) {
    2816:	c6 2f       	mov	r28, r22
    2818:	d0 e0       	ldi	r29, 0x00	; 0
    281a:	7e 01       	movw	r14, r28
    281c:	ee 0c       	add	r14, r14
    281e:	ff 1c       	adc	r15, r15
    2820:	80 91 d1 01 	lds	r24, 0x01D1	; 0x8001d1 <s_Temperature_CurrentState+0x26>
    2824:	90 e0       	ldi	r25, 0x00	; 0
    2826:	0e 2c       	mov	r0, r14
    2828:	02 c0       	rjmp	.+4      	; 0x282e <temperature_TEC_hysteris_control_cooling+0x30>
    282a:	95 95       	asr	r25
    282c:	87 95       	ror	r24
    282e:	0a 94       	dec	r0
    2830:	e2 f7       	brpl	.-8      	; 0x282a <temperature_TEC_hysteris_control_cooling+0x2c>
    2832:	80 fd       	sbrc	r24, 0
    2834:	5b c0       	rjmp	.+182    	; 0x28ec <temperature_TEC_hysteris_control_cooling+0xee>
	}
	
	if (!(s_Temperature_CurrentState.TEC_status & (1<<(TEC_channel * 2))))		//TEC is disabling
	{
		//		UARTprintf("TEC is disabling\r\n");
		if (NTC_temperature > s_Temperature_CurrentState.channel_temperature_setpoint[TEC_channel] + TEMPERATURE_HYSTERIS)
    2836:	fe 01       	movw	r30, r28
    2838:	ee 0f       	add	r30, r30
    283a:	ff 1f       	adc	r31, r31
    283c:	e7 54       	subi	r30, 0x47	; 71
    283e:	fe 4f       	sbci	r31, 0xFE	; 254
    2840:	80 81       	ld	r24, Z
    2842:	91 81       	ldd	r25, Z+1	; 0x01
    2844:	9c 01       	movw	r18, r24
    2846:	2f 5f       	subi	r18, 0xFF	; 255
    2848:	3f 4f       	sbci	r19, 0xFF	; 255
    284a:	2c 15       	cp	r18, r12
    284c:	3d 05       	cpc	r19, r13
    284e:	08 f4       	brcc	.+2      	; 0x2852 <temperature_TEC_hysteris_control_cooling+0x54>
    2850:	da c0       	rjmp	.+436    	; 0x2a06 <temperature_TEC_hysteris_control_cooling+0x208>
			s_Temperature_CurrentState.TEC_output_voltage_now[TEC_channel] = 50;
			temperature_set_TEC_output(TEC_channel, COOLING,s_Temperature_CurrentState.TEC_output_voltage_now[TEC_channel]);
			s_Temperature_CurrentState.TEC_status |= (1<<(TEC_channel * 2));
		}
		//  If temperature is lower than setpoint  but TEC is disabled
		else if (NTC_temperature <  (s_Temperature_CurrentState.channel_temperature_setpoint[TEC_channel] - TEMPERATURE_HYSTERIS))
    2852:	9c 01       	movw	r18, r24
    2854:	21 50       	subi	r18, 0x01	; 1
    2856:	31 09       	sbc	r19, r1
    2858:	c2 16       	cp	r12, r18
    285a:	d3 06       	cpc	r13, r19
    285c:	e0 f5       	brcc	.+120    	; 0x28d6 <temperature_TEC_hysteris_control_cooling+0xd8>
		{
			// check if temperature is still increasing, add to the time count
			if ((NTC_temperature <  s_Temperature_CurrentState.NTC_channel_temperature[TEC_channel])  || (NTC_temperature <  (s_Temperature_CurrentState.channel_temperature_setpoint[TEC_channel] - TEMPERATURE_MAX_ERROR)))
    285e:	f7 01       	movw	r30, r14
    2860:	e5 55       	subi	r30, 0x55	; 85
    2862:	fe 4f       	sbci	r31, 0xFE	; 254
    2864:	20 81       	ld	r18, Z
    2866:	31 81       	ldd	r19, Z+1	; 0x01
    2868:	c2 16       	cp	r12, r18
    286a:	d3 06       	cpc	r13, r19
    286c:	08 f0       	brcs	.+2      	; 0x2870 <temperature_TEC_hysteris_control_cooling+0x72>
    286e:	c5 c0       	rjmp	.+394    	; 0x29fa <temperature_TEC_hysteris_control_cooling+0x1fc>
			{
				sTemperatureTimeCount[TEC_channel]++;
    2870:	f7 01       	movw	r30, r14
    2872:	eb 56       	subi	r30, 0x6B	; 107
    2874:	f6 4f       	sbci	r31, 0xF6	; 246
    2876:	80 81       	ld	r24, Z
    2878:	91 81       	ldd	r25, Z+1	; 0x01
    287a:	01 96       	adiw	r24, 0x01	; 1
    287c:	91 83       	std	Z+1, r25	; 0x01
    287e:	80 83       	st	Z, r24
				// if the temperature keep increasing without the TEC turned on, switch to COOL mode
				if (sTemperatureTimeCount[TEC_channel] > INCREASE_DECREASE_TIMES)
    2880:	85 3f       	cpi	r24, 0xF5	; 245
    2882:	91 40       	sbci	r25, 0x01	; 1
    2884:	40 f1       	brcs	.+80     	; 0x28d6 <temperature_TEC_hysteris_control_cooling+0xd8>
				{
					s_Temperature_CurrentState.mode[TEC_channel] = HEATING;
    2886:	81 e0       	ldi	r24, 0x01	; 1
    2888:	de 01       	movw	r26, r28
    288a:	a5 55       	subi	r26, 0x55	; 85
    288c:	be 4f       	sbci	r27, 0xFE	; 254
    288e:	d0 96       	adiw	r26, 0x30	; 48
    2890:	8c 93       	st	X, r24
					sTemperatureTimeCount[TEC_channel] = 0;
    2892:	11 82       	std	Z+1, r1	; 0x01
    2894:	10 82       	st	Z, r1
					if ((sPrintLog)) UARTprintf("LOG: NTC channel %d Switch to HEATING mode\r\n",TEC_channel);
    2896:	80 91 8c 09 	lds	r24, 0x098C	; 0x80098c <sPrintLog>
    289a:	88 23       	and	r24, r24
    289c:	61 f0       	breq	.+24     	; 0x28b6 <temperature_TEC_hysteris_control_cooling+0xb8>
    289e:	1f 92       	push	r1
    28a0:	1f 93       	push	r17
    28a2:	84 e0       	ldi	r24, 0x04	; 4
    28a4:	98 e0       	ldi	r25, 0x08	; 8
    28a6:	9f 93       	push	r25
    28a8:	8f 93       	push	r24
    28aa:	0e 94 4b 20 	call	0x4096	; 0x4096 <UARTprintf>
    28ae:	0f 90       	pop	r0
    28b0:	0f 90       	pop	r0
    28b2:	0f 90       	pop	r0
    28b4:	0f 90       	pop	r0
					s_Temperature_CurrentState.TEC_output_voltage_now[TEC_channel] = 50;
    28b6:	cc 0f       	add	r28, r28
    28b8:	dd 1f       	adc	r29, r29
    28ba:	c7 53       	subi	r28, 0x37	; 55
    28bc:	de 4f       	sbci	r29, 0xFE	; 254
    28be:	82 e3       	ldi	r24, 0x32	; 50
    28c0:	90 e0       	ldi	r25, 0x00	; 0
    28c2:	99 83       	std	Y+1, r25	; 0x01
    28c4:	88 83       	st	Y, r24
	else
	{
		_adcVal = DAC_at_2_5 + _delta;
	}

	MCP4291_set_output((uint16_t)_adcVal, 0, 0, 1, channel);
    28c6:	01 2f       	mov	r16, r17
    28c8:	21 e0       	ldi	r18, 0x01	; 1
    28ca:	40 e0       	ldi	r20, 0x00	; 0
    28cc:	60 e0       	ldi	r22, 0x00	; 0
    28ce:	8e e4       	ldi	r24, 0x4E	; 78
    28d0:	97 e0       	ldi	r25, 0x07	; 7
    28d2:	0e 94 d5 28 	call	0x51aa	; 0x51aa <MCP4291_set_output>
			s_Temperature_CurrentState.TEC_output_voltage_now[TEC_channel] = 50;
			s_Temperature_CurrentState.TEC_status &= ~(1<<(TEC_channel * 2));
			
		}
	}
}
    28d6:	df 91       	pop	r29
    28d8:	cf 91       	pop	r28
    28da:	1f 91       	pop	r17
    28dc:	0f 91       	pop	r16
    28de:	ff 90       	pop	r15
    28e0:	ef 90       	pop	r14
    28e2:	df 90       	pop	r13
    28e4:	cf 90       	pop	r12
    28e6:	bf 90       	pop	r11
    28e8:	af 90       	pop	r10
    28ea:	08 95       	ret
void	temperature_TEC_hysteris_control_cooling(uint16_t	NTC_temperature, uint8_t TEC_channel)
{
	//		if NTC channel and automatic control
	//	UARTprintf("TEC %d is controlling cooling\r\n", NTC_channel);
	if(s_Temperature_CurrentState.TEC_status & (1<<(TEC_channel * 2))) {
		if(s_Temperature_CurrentState.TEC_output_voltage_now[TEC_channel] < s_Temperature_CurrentState.TEC_output_voltage[TEC_channel]) {
    28ec:	5e 01       	movw	r10, r28
    28ee:	2f e0       	ldi	r18, 0x0F	; 15
    28f0:	a2 0e       	add	r10, r18
    28f2:	b1 1c       	adc	r11, r1
    28f4:	f5 01       	movw	r30, r10
    28f6:	ee 0f       	add	r30, r30
    28f8:	ff 1f       	adc	r31, r31
    28fa:	e5 55       	subi	r30, 0x55	; 85
    28fc:	fe 4f       	sbci	r31, 0xFE	; 254
    28fe:	80 81       	ld	r24, Z
    2900:	91 81       	ldd	r25, Z+1	; 0x01
    2902:	de 01       	movw	r26, r28
    2904:	aa 0f       	add	r26, r26
    2906:	bb 1f       	adc	r27, r27
    2908:	af 53       	subi	r26, 0x3F	; 63
    290a:	be 4f       	sbci	r27, 0xFE	; 254
    290c:	6d 91       	ld	r22, X+
    290e:	7c 91       	ld	r23, X
    2910:	86 17       	cp	r24, r22
    2912:	97 07       	cpc	r25, r23
    2914:	88 f5       	brcc	.+98     	; 0x2978 <temperature_TEC_hysteris_control_cooling+0x17a>
			sTemperatureTimeChange[TEC_channel]++;
    2916:	d7 01       	movw	r26, r14
    2918:	a3 57       	subi	r26, 0x73	; 115
    291a:	b6 4f       	sbci	r27, 0xF6	; 246
    291c:	2d 91       	ld	r18, X+
    291e:	3c 91       	ld	r19, X
    2920:	11 97       	sbiw	r26, 0x01	; 1
    2922:	2f 5f       	subi	r18, 0xFF	; 255
    2924:	3f 4f       	sbci	r19, 0xFF	; 255
			if(sTemperatureTimeChange[TEC_channel] == TEC_CHANGE_TIME) {
    2926:	24 31       	cpi	r18, 0x14	; 20
    2928:	31 05       	cpc	r19, r1
    292a:	09 f4       	brne	.+2      	; 0x292e <temperature_TEC_hysteris_control_cooling+0x130>
    292c:	8b c0       	rjmp	.+278    	; 0x2a44 <temperature_TEC_hysteris_control_cooling+0x246>
{
	//		if NTC channel and automatic control
	//	UARTprintf("TEC %d is controlling cooling\r\n", NTC_channel);
	if(s_Temperature_CurrentState.TEC_status & (1<<(TEC_channel * 2))) {
		if(s_Temperature_CurrentState.TEC_output_voltage_now[TEC_channel] < s_Temperature_CurrentState.TEC_output_voltage[TEC_channel]) {
			sTemperatureTimeChange[TEC_channel]++;
    292e:	2d 93       	st	X+, r18
    2930:	3c 93       	st	X, r19
	}
	
	else  //TEC is enabling
	{
		//		UARTprintf("TEC %d is enabling\r\n",NTC_channel);
		if (NTC_temperature < s_Temperature_CurrentState.channel_temperature_setpoint[TEC_channel] - TEMPERATURE_HYSTERIS)
    2932:	cc 0f       	add	r28, r28
    2934:	dd 1f       	adc	r29, r29
    2936:	c7 54       	subi	r28, 0x47	; 71
    2938:	de 4f       	sbci	r29, 0xFE	; 254
    293a:	88 81       	ld	r24, Y
    293c:	99 81       	ldd	r25, Y+1	; 0x01
    293e:	01 97       	sbiw	r24, 0x01	; 1
    2940:	c8 16       	cp	r12, r24
    2942:	d9 06       	cpc	r13, r25
    2944:	40 f6       	brcc	.-112    	; 0x28d6 <temperature_TEC_hysteris_control_cooling+0xd8>
		{
			TEC_shutdown(TEC_channel);
    2946:	81 2f       	mov	r24, r17
    2948:	0e 94 fa 29 	call	0x53f4	; 0x53f4 <TEC_shutdown>
			s_Temperature_CurrentState.TEC_output_voltage_now[TEC_channel] = 50;
    294c:	f5 01       	movw	r30, r10
    294e:	ee 0f       	add	r30, r30
    2950:	ff 1f       	adc	r31, r31
    2952:	e5 55       	subi	r30, 0x55	; 85
    2954:	fe 4f       	sbci	r31, 0xFE	; 254
    2956:	82 e3       	ldi	r24, 0x32	; 50
    2958:	90 e0       	ldi	r25, 0x00	; 0
    295a:	91 83       	std	Z+1, r25	; 0x01
    295c:	80 83       	st	Z, r24
			s_Temperature_CurrentState.TEC_status &= ~(1<<(TEC_channel * 2));
    295e:	81 e0       	ldi	r24, 0x01	; 1
    2960:	90 e0       	ldi	r25, 0x00	; 0
    2962:	01 c0       	rjmp	.+2      	; 0x2966 <temperature_TEC_hysteris_control_cooling+0x168>
    2964:	88 0f       	add	r24, r24
    2966:	ea 94       	dec	r14
    2968:	ea f7       	brpl	.-6      	; 0x2964 <temperature_TEC_hysteris_control_cooling+0x166>
    296a:	80 95       	com	r24
    296c:	90 91 d1 01 	lds	r25, 0x01D1	; 0x8001d1 <s_Temperature_CurrentState+0x26>
    2970:	89 23       	and	r24, r25
    2972:	80 93 d1 01 	sts	0x01D1, r24	; 0x8001d1 <s_Temperature_CurrentState+0x26>
			
		}
	}
}
    2976:	af cf       	rjmp	.-162    	; 0x28d6 <temperature_TEC_hysteris_control_cooling+0xd8>
				s_Temperature_CurrentState.TEC_output_voltage_now[TEC_channel] += 20;
				if(s_Temperature_CurrentState.TEC_output_voltage_now[TEC_channel] > s_Temperature_CurrentState.TEC_output_voltage[TEC_channel])
				s_Temperature_CurrentState.TEC_output_voltage_now[TEC_channel] = s_Temperature_CurrentState.TEC_output_voltage[TEC_channel];
				temperature_set_TEC_output(TEC_channel, COOLING, s_Temperature_CurrentState.TEC_output_voltage_now[TEC_channel]);
			}
			} else if(s_Temperature_CurrentState.TEC_output_voltage_now[TEC_channel] > s_Temperature_CurrentState.TEC_output_voltage[TEC_channel]) {
    2978:	68 17       	cp	r22, r24
    297a:	79 07       	cpc	r23, r25
    297c:	d0 f6       	brcc	.-76     	; 0x2932 <temperature_TEC_hysteris_control_cooling+0x134>
			sTemperatureTimeChange[TEC_channel]++;
    297e:	d7 01       	movw	r26, r14
    2980:	a3 57       	subi	r26, 0x73	; 115
    2982:	b6 4f       	sbci	r27, 0xF6	; 246
    2984:	2d 91       	ld	r18, X+
    2986:	3c 91       	ld	r19, X
    2988:	11 97       	sbiw	r26, 0x01	; 1
    298a:	2f 5f       	subi	r18, 0xFF	; 255
    298c:	3f 4f       	sbci	r19, 0xFF	; 255
			if(sTemperatureTimeChange[TEC_channel] == TEC_CHANGE_TIME) {
    298e:	24 31       	cpi	r18, 0x14	; 20
    2990:	31 05       	cpc	r19, r1
    2992:	69 f6       	brne	.-102    	; 0x292e <temperature_TEC_hysteris_control_cooling+0x130>
				sTemperatureTimeChange[TEC_channel] = 0;
    2994:	1d 92       	st	X+, r1
    2996:	1c 92       	st	X, r1
				s_Temperature_CurrentState.TEC_output_voltage_now[TEC_channel] -= 20;
    2998:	44 97       	sbiw	r24, 0x14	; 20
				if(s_Temperature_CurrentState.TEC_output_voltage_now[TEC_channel] < s_Temperature_CurrentState.TEC_output_voltage[TEC_channel])
    299a:	86 17       	cp	r24, r22
    299c:	97 07       	cpc	r25, r23
    299e:	08 f4       	brcc	.+2      	; 0x29a2 <temperature_TEC_hysteris_control_cooling+0x1a4>
    29a0:	58 c0       	rjmp	.+176    	; 0x2a52 <temperature_TEC_hysteris_control_cooling+0x254>
			}
			} else if(s_Temperature_CurrentState.TEC_output_voltage_now[TEC_channel] > s_Temperature_CurrentState.TEC_output_voltage[TEC_channel]) {
			sTemperatureTimeChange[TEC_channel]++;
			if(sTemperatureTimeChange[TEC_channel] == TEC_CHANGE_TIME) {
				sTemperatureTimeChange[TEC_channel] = 0;
				s_Temperature_CurrentState.TEC_output_voltage_now[TEC_channel] -= 20;
    29a2:	91 83       	std	Z+1, r25	; 0x01
    29a4:	80 83       	st	Z, r24
    29a6:	bc 01       	movw	r22, r24
	else
	{
		_adcVal = DAC_at_2_5 + _delta;
	}

	MCP4291_set_output((uint16_t)_adcVal, 0, 0, 1, channel);
    29a8:	cb 01       	movw	r24, r22
    29aa:	a0 e0       	ldi	r26, 0x00	; 0
    29ac:	b0 e0       	ldi	r27, 0x00	; 0
    29ae:	bc 01       	movw	r22, r24
    29b0:	cd 01       	movw	r24, r26
    29b2:	4c e0       	ldi	r20, 0x0C	; 12
    29b4:	66 0f       	add	r22, r22
    29b6:	77 1f       	adc	r23, r23
    29b8:	88 1f       	adc	r24, r24
    29ba:	99 1f       	adc	r25, r25
    29bc:	4a 95       	dec	r20
    29be:	d1 f7       	brne	.-12     	; 0x29b4 <temperature_TEC_hysteris_control_cooling+0x1b6>
    29c0:	2e e7       	ldi	r18, 0x7E	; 126
    29c2:	34 e0       	ldi	r19, 0x04	; 4
    29c4:	40 e0       	ldi	r20, 0x00	; 0
    29c6:	50 e0       	ldi	r21, 0x00	; 0
    29c8:	0e 94 3f 33 	call	0x667e	; 0x667e <__udivmodsi4>
    29cc:	da 01       	movw	r26, r20
    29ce:	c9 01       	movw	r24, r18
    29d0:	98 5f       	subi	r25, 0xF8	; 248
    29d2:	af 4f       	sbci	r26, 0xFF	; 255
    29d4:	bf 4f       	sbci	r27, 0xFF	; 255
    29d6:	01 2f       	mov	r16, r17
    29d8:	21 e0       	ldi	r18, 0x01	; 1
    29da:	40 e0       	ldi	r20, 0x00	; 0
    29dc:	60 e0       	ldi	r22, 0x00	; 0
    29de:	0e 94 d5 28 	call	0x51aa	; 0x51aa <MCP4291_set_output>
				temperature_set_TEC_output(TEC_channel, COOLING, s_Temperature_CurrentState.TEC_output_voltage_now[TEC_channel]);
			}
		}
	}
	
	if (!(s_Temperature_CurrentState.TEC_status & (1<<(TEC_channel * 2))))		//TEC is disabling
    29e2:	80 91 d1 01 	lds	r24, 0x01D1	; 0x8001d1 <s_Temperature_CurrentState+0x26>
    29e6:	90 e0       	ldi	r25, 0x00	; 0
    29e8:	0e 2c       	mov	r0, r14
    29ea:	02 c0       	rjmp	.+4      	; 0x29f0 <temperature_TEC_hysteris_control_cooling+0x1f2>
    29ec:	95 95       	asr	r25
    29ee:	87 95       	ror	r24
    29f0:	0a 94       	dec	r0
    29f2:	e2 f7       	brpl	.-8      	; 0x29ec <temperature_TEC_hysteris_control_cooling+0x1ee>
    29f4:	80 fd       	sbrc	r24, 0
    29f6:	9d cf       	rjmp	.-198    	; 0x2932 <temperature_TEC_hysteris_control_cooling+0x134>
    29f8:	1e cf       	rjmp	.-452    	; 0x2836 <temperature_TEC_hysteris_control_cooling+0x38>
		}
		//  If temperature is lower than setpoint  but TEC is disabled
		else if (NTC_temperature <  (s_Temperature_CurrentState.channel_temperature_setpoint[TEC_channel] - TEMPERATURE_HYSTERIS))
		{
			// check if temperature is still increasing, add to the time count
			if ((NTC_temperature <  s_Temperature_CurrentState.NTC_channel_temperature[TEC_channel])  || (NTC_temperature <  (s_Temperature_CurrentState.channel_temperature_setpoint[TEC_channel] - TEMPERATURE_MAX_ERROR)))
    29fa:	4e 97       	sbiw	r24, 0x1e	; 30
    29fc:	c8 16       	cp	r12, r24
    29fe:	d9 06       	cpc	r13, r25
    2a00:	08 f4       	brcc	.+2      	; 0x2a04 <temperature_TEC_hysteris_control_cooling+0x206>
    2a02:	36 cf       	rjmp	.-404    	; 0x2870 <temperature_TEC_hysteris_control_cooling+0x72>
    2a04:	68 cf       	rjmp	.-304    	; 0x28d6 <temperature_TEC_hysteris_control_cooling+0xd8>
	if (!(s_Temperature_CurrentState.TEC_status & (1<<(TEC_channel * 2))))		//TEC is disabling
	{
		//		UARTprintf("TEC is disabling\r\n");
		if (NTC_temperature > s_Temperature_CurrentState.channel_temperature_setpoint[TEC_channel] + TEMPERATURE_HYSTERIS)
		{
			TEC_enable(TEC_channel);
    2a06:	81 2f       	mov	r24, r17
    2a08:	0e 94 dd 29 	call	0x53ba	; 0x53ba <TEC_enable>
			s_Temperature_CurrentState.TEC_output_voltage_now[TEC_channel] = 50;
    2a0c:	cc 0f       	add	r28, r28
    2a0e:	dd 1f       	adc	r29, r29
    2a10:	c7 53       	subi	r28, 0x37	; 55
    2a12:	de 4f       	sbci	r29, 0xFE	; 254
    2a14:	82 e3       	ldi	r24, 0x32	; 50
    2a16:	90 e0       	ldi	r25, 0x00	; 0
    2a18:	99 83       	std	Y+1, r25	; 0x01
    2a1a:	88 83       	st	Y, r24
	else
	{
		_adcVal = DAC_at_2_5 + _delta;
	}

	MCP4291_set_output((uint16_t)_adcVal, 0, 0, 1, channel);
    2a1c:	01 2f       	mov	r16, r17
    2a1e:	21 e0       	ldi	r18, 0x01	; 1
    2a20:	40 e0       	ldi	r20, 0x00	; 0
    2a22:	60 e0       	ldi	r22, 0x00	; 0
    2a24:	82 eb       	ldi	r24, 0xB2	; 178
    2a26:	98 e0       	ldi	r25, 0x08	; 8
    2a28:	0e 94 d5 28 	call	0x51aa	; 0x51aa <MCP4291_set_output>
		if (NTC_temperature > s_Temperature_CurrentState.channel_temperature_setpoint[TEC_channel] + TEMPERATURE_HYSTERIS)
		{
			TEC_enable(TEC_channel);
			s_Temperature_CurrentState.TEC_output_voltage_now[TEC_channel] = 50;
			temperature_set_TEC_output(TEC_channel, COOLING,s_Temperature_CurrentState.TEC_output_voltage_now[TEC_channel]);
			s_Temperature_CurrentState.TEC_status |= (1<<(TEC_channel * 2));
    2a2c:	81 e0       	ldi	r24, 0x01	; 1
    2a2e:	90 e0       	ldi	r25, 0x00	; 0
    2a30:	01 c0       	rjmp	.+2      	; 0x2a34 <temperature_TEC_hysteris_control_cooling+0x236>
    2a32:	88 0f       	add	r24, r24
    2a34:	ea 94       	dec	r14
    2a36:	ea f7       	brpl	.-6      	; 0x2a32 <temperature_TEC_hysteris_control_cooling+0x234>
    2a38:	90 91 d1 01 	lds	r25, 0x01D1	; 0x8001d1 <s_Temperature_CurrentState+0x26>
    2a3c:	89 2b       	or	r24, r25
    2a3e:	80 93 d1 01 	sts	0x01D1, r24	; 0x8001d1 <s_Temperature_CurrentState+0x26>
    2a42:	49 cf       	rjmp	.-366    	; 0x28d6 <temperature_TEC_hysteris_control_cooling+0xd8>
	//	UARTprintf("TEC %d is controlling cooling\r\n", NTC_channel);
	if(s_Temperature_CurrentState.TEC_status & (1<<(TEC_channel * 2))) {
		if(s_Temperature_CurrentState.TEC_output_voltage_now[TEC_channel] < s_Temperature_CurrentState.TEC_output_voltage[TEC_channel]) {
			sTemperatureTimeChange[TEC_channel]++;
			if(sTemperatureTimeChange[TEC_channel] == TEC_CHANGE_TIME) {
				sTemperatureTimeChange[TEC_channel] = 0;
    2a44:	1d 92       	st	X+, r1
    2a46:	1c 92       	st	X, r1
				s_Temperature_CurrentState.TEC_output_voltage_now[TEC_channel] += 20;
    2a48:	44 96       	adiw	r24, 0x14	; 20
				if(s_Temperature_CurrentState.TEC_output_voltage_now[TEC_channel] > s_Temperature_CurrentState.TEC_output_voltage[TEC_channel])
    2a4a:	68 17       	cp	r22, r24
    2a4c:	79 07       	cpc	r23, r25
    2a4e:	08 f0       	brcs	.+2      	; 0x2a52 <temperature_TEC_hysteris_control_cooling+0x254>
    2a50:	a8 cf       	rjmp	.-176    	; 0x29a2 <temperature_TEC_hysteris_control_cooling+0x1a4>
			sTemperatureTimeChange[TEC_channel]++;
			if(sTemperatureTimeChange[TEC_channel] == TEC_CHANGE_TIME) {
				sTemperatureTimeChange[TEC_channel] = 0;
				s_Temperature_CurrentState.TEC_output_voltage_now[TEC_channel] -= 20;
				if(s_Temperature_CurrentState.TEC_output_voltage_now[TEC_channel] < s_Temperature_CurrentState.TEC_output_voltage[TEC_channel])
				s_Temperature_CurrentState.TEC_output_voltage_now[TEC_channel] = s_Temperature_CurrentState.TEC_output_voltage[TEC_channel];
    2a52:	71 83       	std	Z+1, r23	; 0x01
    2a54:	60 83       	st	Z, r22
    2a56:	a8 cf       	rjmp	.-176    	; 0x29a8 <temperature_TEC_hysteris_control_cooling+0x1aa>

00002a58 <temperature_create_task>:
	}
}

void	temperature_create_task(void)
{
	SCH_TASK_CreateTask(&s_temperature_task_context .taskHandle, &s_temperature_task_context .taskProperty);
    2a58:	60 ee       	ldi	r22, 0xE0	; 224
    2a5a:	71 e0       	ldi	r23, 0x01	; 1
    2a5c:	8f ed       	ldi	r24, 0xDF	; 223
    2a5e:	91 e0       	ldi	r25, 0x01	; 1
    2a60:	0c 94 69 2a 	jmp	0x54d2	; 0x54d2 <SCH_TASK_CreateTask>

00002a64 <temperature_set_point>:
}

void	temperature_set_point(int16_t	setpoint, uint8_t channel)
{
	s_Temperature_CurrentState.channel_temperature_setpoint[channel] = setpoint;
    2a64:	e6 2f       	mov	r30, r22
    2a66:	f0 e0       	ldi	r31, 0x00	; 0
    2a68:	ee 0f       	add	r30, r30
    2a6a:	ff 1f       	adc	r31, r31
    2a6c:	e7 54       	subi	r30, 0x47	; 71
    2a6e:	fe 4f       	sbci	r31, 0xFE	; 254
    2a70:	91 83       	std	Z+1, r25	; 0x01
    2a72:	80 83       	st	Z, r24
    2a74:	08 95       	ret

00002a76 <temperature_get_NTC>:
}

int16_t	temperature_get_NTC(uint8_t	channel)
{
	return s_Temperature_CurrentState.NTC_channel_temperature[channel];
    2a76:	e8 2f       	mov	r30, r24
    2a78:	f0 e0       	ldi	r31, 0x00	; 0
    2a7a:	ee 0f       	add	r30, r30
    2a7c:	ff 1f       	adc	r31, r31
    2a7e:	e5 55       	subi	r30, 0x55	; 85
    2a80:	fe 4f       	sbci	r31, 0xFE	; 254
}
    2a82:	80 81       	ld	r24, Z
    2a84:	91 81       	ldd	r25, Z+1	; 0x01
    2a86:	08 95       	ret

00002a88 <temperature_get_onewire>:

int16_t	temperature_get_onewire(uint8_t	channel)
{
	return s_Temperature_CurrentState.onewire_channel_temperature[channel];
    2a88:	e8 2f       	mov	r30, r24
    2a8a:	f0 e0       	ldi	r31, 0x00	; 0
    2a8c:	ee 0f       	add	r30, r30
    2a8e:	ff 1f       	adc	r31, r31
    2a90:	ed 54       	subi	r30, 0x4D	; 77
    2a92:	fe 4f       	sbci	r31, 0xFE	; 254
}
    2a94:	80 81       	ld	r24, Z
    2a96:	91 81       	ldd	r25, Z+1	; 0x01
    2a98:	08 95       	ret

00002a9a <temperature_get_bmp390>:

int16_t	temperature_get_bmp390(void)
{
	return s_Temperature_CurrentState.i2c_sensor_temperature;
}
    2a9a:	80 91 b7 01 	lds	r24, 0x01B7	; 0x8001b7 <s_Temperature_CurrentState+0xc>
    2a9e:	90 91 b8 01 	lds	r25, 0x01B8	; 0x8001b8 <s_Temperature_CurrentState+0xd>
    2aa2:	08 95       	ret

00002aa4 <temperature_enable_TEC>:

void	temperature_enable_TEC(uint8_t	channel)
{
    2aa4:	cf 93       	push	r28
    2aa6:	c8 2f       	mov	r28, r24
	TEC_enable(channel);
    2aa8:	0e 94 dd 29 	call	0x53ba	; 0x53ba <TEC_enable>
	s_Temperature_CurrentState.TEC_status |= (1 << (2*channel));
    2aac:	eb ea       	ldi	r30, 0xAB	; 171
    2aae:	f1 e0       	ldi	r31, 0x01	; 1
    2ab0:	cc 0f       	add	r28, r28
    2ab2:	81 e0       	ldi	r24, 0x01	; 1
    2ab4:	90 e0       	ldi	r25, 0x00	; 0
    2ab6:	01 c0       	rjmp	.+2      	; 0x2aba <temperature_enable_TEC+0x16>
    2ab8:	88 0f       	add	r24, r24
    2aba:	ca 95       	dec	r28
    2abc:	ea f7       	brpl	.-6      	; 0x2ab8 <temperature_enable_TEC+0x14>
    2abe:	96 a1       	ldd	r25, Z+38	; 0x26
    2ac0:	89 2b       	or	r24, r25
    2ac2:	86 a3       	std	Z+38, r24	; 0x26
}
    2ac4:	cf 91       	pop	r28
    2ac6:	08 95       	ret

00002ac8 <temperature_disable_TEC>:

void	temperature_disable_TEC(uint8_t	channel)
{
    2ac8:	cf 93       	push	r28
    2aca:	c8 2f       	mov	r28, r24
	TEC_shutdown(channel);
    2acc:	0e 94 fa 29 	call	0x53f4	; 0x53f4 <TEC_shutdown>
	s_Temperature_CurrentState.TEC_status &= ~ (1 << (2*channel));
    2ad0:	eb ea       	ldi	r30, 0xAB	; 171
    2ad2:	f1 e0       	ldi	r31, 0x01	; 1
    2ad4:	cc 0f       	add	r28, r28
    2ad6:	81 e0       	ldi	r24, 0x01	; 1
    2ad8:	90 e0       	ldi	r25, 0x00	; 0
    2ada:	01 c0       	rjmp	.+2      	; 0x2ade <temperature_disable_TEC+0x16>
    2adc:	88 0f       	add	r24, r24
    2ade:	ca 95       	dec	r28
    2ae0:	ea f7       	brpl	.-6      	; 0x2adc <temperature_disable_TEC+0x14>
    2ae2:	80 95       	com	r24
    2ae4:	96 a1       	ldd	r25, Z+38	; 0x26
    2ae6:	89 23       	and	r24, r25
    2ae8:	86 a3       	std	Z+38, r24	; 0x26
}
    2aea:	cf 91       	pop	r28
    2aec:	08 95       	ret

00002aee <temperature_disable_auto_control_TEC>:
	temperature_set_TEC_output(channel , s_Temperature_CurrentState.mode[channel],s_Temperature_CurrentState.TEC_output_voltage[channel] );
}

void	temperature_disable_auto_control_TEC(uint8_t channel)
{
	s_Temperature_CurrentState.TEC_status &=  ~(1 << (2*channel + 1));
    2aee:	eb ea       	ldi	r30, 0xAB	; 171
    2af0:	f1 e0       	ldi	r31, 0x01	; 1
    2af2:	90 e0       	ldi	r25, 0x00	; 0
    2af4:	88 0f       	add	r24, r24
    2af6:	99 1f       	adc	r25, r25
    2af8:	01 96       	adiw	r24, 0x01	; 1
    2afa:	21 e0       	ldi	r18, 0x01	; 1
    2afc:	30 e0       	ldi	r19, 0x00	; 0
    2afe:	a9 01       	movw	r20, r18
    2b00:	02 c0       	rjmp	.+4      	; 0x2b06 <temperature_disable_auto_control_TEC+0x18>
    2b02:	44 0f       	add	r20, r20
    2b04:	55 1f       	adc	r21, r21
    2b06:	8a 95       	dec	r24
    2b08:	e2 f7       	brpl	.-8      	; 0x2b02 <temperature_disable_auto_control_TEC+0x14>
    2b0a:	ca 01       	movw	r24, r20
    2b0c:	80 95       	com	r24
    2b0e:	96 a1       	ldd	r25, Z+38	; 0x26
    2b10:	89 23       	and	r24, r25
    2b12:	86 a3       	std	Z+38, r24	; 0x26
    2b14:	08 95       	ret

00002b16 <temperature_set_TEC_output>:
}
 
void    temperature_set_TEC_output(uint8_t channel, uint8_t HeatCool, uint16_t	voltage)
{
    2b16:	0f 93       	push	r16
    2b18:	cf 93       	push	r28
    2b1a:	08 2f       	mov	r16, r24
    2b1c:	c6 2f       	mov	r28, r22
	uint32_t	_delta = ((uint32_t)voltage * 4096) / 1150;
    2b1e:	ca 01       	movw	r24, r20
    2b20:	a0 e0       	ldi	r26, 0x00	; 0
    2b22:	b0 e0       	ldi	r27, 0x00	; 0
    2b24:	bc 01       	movw	r22, r24
    2b26:	cd 01       	movw	r24, r26
    2b28:	2c e0       	ldi	r18, 0x0C	; 12
    2b2a:	66 0f       	add	r22, r22
    2b2c:	77 1f       	adc	r23, r23
    2b2e:	88 1f       	adc	r24, r24
    2b30:	99 1f       	adc	r25, r25
    2b32:	2a 95       	dec	r18
    2b34:	d1 f7       	brne	.-12     	; 0x2b2a <temperature_set_TEC_output+0x14>
    2b36:	2e e7       	ldi	r18, 0x7E	; 126
    2b38:	34 e0       	ldi	r19, 0x04	; 4
    2b3a:	40 e0       	ldi	r20, 0x00	; 0
    2b3c:	50 e0       	ldi	r21, 0x00	; 0
    2b3e:	0e 94 3f 33 	call	0x667e	; 0x667e <__udivmodsi4>
	uint32_t	_adcVal ;
	if (HeatCool == HEATING)		//want HEAT
    2b42:	c1 30       	cpi	r28, 0x01	; 1
    2b44:	69 f0       	breq	.+26     	; 0x2b60 <temperature_set_TEC_output+0x4a>
	{
		_adcVal = DAC_at_2_5 - _delta;
	}
	else
	{
		_adcVal = DAC_at_2_5 + _delta;
    2b46:	da 01       	movw	r26, r20
    2b48:	c9 01       	movw	r24, r18
    2b4a:	98 5f       	subi	r25, 0xF8	; 248
    2b4c:	af 4f       	sbci	r26, 0xFF	; 255
    2b4e:	bf 4f       	sbci	r27, 0xFF	; 255
	}

	MCP4291_set_output((uint16_t)_adcVal, 0, 0, 1, channel);
    2b50:	21 e0       	ldi	r18, 0x01	; 1
    2b52:	40 e0       	ldi	r20, 0x00	; 0
    2b54:	60 e0       	ldi	r22, 0x00	; 0
    2b56:	0e 94 d5 28 	call	0x51aa	; 0x51aa <MCP4291_set_output>
}
    2b5a:	cf 91       	pop	r28
    2b5c:	0f 91       	pop	r16
    2b5e:	08 95       	ret
{
	uint32_t	_delta = ((uint32_t)voltage * 4096) / 1150;
	uint32_t	_adcVal ;
	if (HeatCool == HEATING)		//want HEAT
	{
		_adcVal = DAC_at_2_5 - _delta;
    2b60:	80 e0       	ldi	r24, 0x00	; 0
    2b62:	98 e0       	ldi	r25, 0x08	; 8
    2b64:	a0 e0       	ldi	r26, 0x00	; 0
    2b66:	b0 e0       	ldi	r27, 0x00	; 0
    2b68:	82 1b       	sub	r24, r18
    2b6a:	93 0b       	sbc	r25, r19
    2b6c:	a4 0b       	sbc	r26, r20
    2b6e:	b5 0b       	sbc	r27, r21
	else
	{
		_adcVal = DAC_at_2_5 + _delta;
	}

	MCP4291_set_output((uint16_t)_adcVal, 0, 0, 1, channel);
    2b70:	21 e0       	ldi	r18, 0x01	; 1
    2b72:	40 e0       	ldi	r20, 0x00	; 0
    2b74:	60 e0       	ldi	r22, 0x00	; 0
    2b76:	0e 94 d5 28 	call	0x51aa	; 0x51aa <MCP4291_set_output>
}
    2b7a:	cf 91       	pop	r28
    2b7c:	0f 91       	pop	r16
    2b7e:	08 95       	ret

00002b80 <temperature_enable_auto_control_TEC>:
	TEC_shutdown(channel);
	s_Temperature_CurrentState.TEC_status &= ~ (1 << (2*channel));
}
void	temperature_enable_auto_control_TEC(uint8_t	channel)
{
	s_Temperature_CurrentState.TEC_status |=  (1 << (2*channel + 1));
    2b80:	28 2f       	mov	r18, r24
    2b82:	30 e0       	ldi	r19, 0x00	; 0
    2b84:	eb ea       	ldi	r30, 0xAB	; 171
    2b86:	f1 e0       	ldi	r31, 0x01	; 1
    2b88:	b9 01       	movw	r22, r18
    2b8a:	66 0f       	add	r22, r22
    2b8c:	77 1f       	adc	r23, r23
    2b8e:	6f 5f       	subi	r22, 0xFF	; 255
    2b90:	7f 4f       	sbci	r23, 0xFF	; 255
    2b92:	41 e0       	ldi	r20, 0x01	; 1
    2b94:	50 e0       	ldi	r21, 0x00	; 0
    2b96:	01 c0       	rjmp	.+2      	; 0x2b9a <temperature_enable_auto_control_TEC+0x1a>
    2b98:	44 0f       	add	r20, r20
    2b9a:	6a 95       	dec	r22
    2b9c:	ea f7       	brpl	.-6      	; 0x2b98 <temperature_enable_auto_control_TEC+0x18>
    2b9e:	96 a1       	ldd	r25, Z+38	; 0x26
    2ba0:	49 2b       	or	r20, r25
    2ba2:	46 a3       	std	Z+38, r20	; 0x26
	temperature_set_TEC_output(channel , s_Temperature_CurrentState.mode[channel],s_Temperature_CurrentState.TEC_output_voltage[channel] );
    2ba4:	f9 01       	movw	r30, r18
    2ba6:	ee 0f       	add	r30, r30
    2ba8:	ff 1f       	adc	r31, r31
    2baa:	ef 53       	subi	r30, 0x3F	; 63
    2bac:	fe 4f       	sbci	r31, 0xFE	; 254
    2bae:	40 81       	ld	r20, Z
    2bb0:	51 81       	ldd	r21, Z+1	; 0x01
    2bb2:	f9 01       	movw	r30, r18
    2bb4:	e5 55       	subi	r30, 0x55	; 85
    2bb6:	fe 4f       	sbci	r31, 0xFE	; 254
    2bb8:	60 a9       	ldd	r22, Z+48	; 0x30
    2bba:	0c 94 8b 15 	jmp	0x2b16	; 0x2b16 <temperature_set_TEC_output>

00002bbe <temperature_get_voltage>:
	MCP4291_set_output((uint16_t)_adcVal, 0, 0, 1, channel);
}

uint16_t	temperature_get_voltage(uint8_t	channel)
{
	return s_Temperature_CurrentState.TEC_output_voltage[channel];
    2bbe:	e8 2f       	mov	r30, r24
    2bc0:	f0 e0       	ldi	r31, 0x00	; 0
    2bc2:	ee 0f       	add	r30, r30
    2bc4:	ff 1f       	adc	r31, r31
    2bc6:	ef 53       	subi	r30, 0x3F	; 63
    2bc8:	fe 4f       	sbci	r31, 0xFE	; 254
}
    2bca:	80 81       	ld	r24, Z
    2bcc:	91 81       	ldd	r25, Z+1	; 0x01
    2bce:	08 95       	ret

00002bd0 <temperature_get_voltage_now>:

uint16_t	temperature_get_voltage_now(uint8_t	channel)
{
	return s_Temperature_CurrentState.TEC_output_voltage_now[channel];
    2bd0:	e8 2f       	mov	r30, r24
    2bd2:	f0 e0       	ldi	r31, 0x00	; 0
    2bd4:	ee 0f       	add	r30, r30
    2bd6:	ff 1f       	adc	r31, r31
    2bd8:	e7 53       	subi	r30, 0x37	; 55
    2bda:	fe 4f       	sbci	r31, 0xFE	; 254
}
    2bdc:	80 81       	ld	r24, Z
    2bde:	91 81       	ldd	r25, Z+1	; 0x01
    2be0:	08 95       	ret

00002be2 <temperature_get_setpoint>:

int16_t	temperature_get_setpoint(uint8_t	channel)
{
	return s_Temperature_CurrentState.channel_temperature_setpoint[channel];
    2be2:	e8 2f       	mov	r30, r24
    2be4:	f0 e0       	ldi	r31, 0x00	; 0
    2be6:	ee 0f       	add	r30, r30
    2be8:	ff 1f       	adc	r31, r31
    2bea:	e7 54       	subi	r30, 0x47	; 71
    2bec:	fe 4f       	sbci	r31, 0xFE	; 254
}
    2bee:	80 81       	ld	r24, Z
    2bf0:	91 81       	ldd	r25, Z+1	; 0x01
    2bf2:	08 95       	ret

00002bf4 <temperature_get_mode>:

uint8_t	temperature_get_mode(uint8_t	channel)
{
	return s_Temperature_CurrentState.mode[channel];
    2bf4:	e8 2f       	mov	r30, r24
    2bf6:	f0 e0       	ldi	r31, 0x00	; 0
    2bf8:	e5 55       	subi	r30, 0x55	; 85
    2bfa:	fe 4f       	sbci	r31, 0xFE	; 254
}
    2bfc:	80 a9       	ldd	r24, Z+48	; 0x30
    2bfe:	08 95       	ret

00002c00 <temperature_tec_get_status>:

uint8_t	temperature_tec_get_status(void) {
	return s_Temperature_CurrentState.TEC_status;
}
    2c00:	80 91 d1 01 	lds	r24, 0x01D1	; 0x8001d1 <s_Temperature_CurrentState+0x26>
    2c04:	08 95       	ret

00002c06 <temperature_set_auto_voltage>:

void	temperature_set_auto_voltage(uint8_t	channel, uint16_t voltage)
{
	s_Temperature_CurrentState.TEC_output_voltage[channel] = voltage;
    2c06:	e8 2f       	mov	r30, r24
    2c08:	f0 e0       	ldi	r31, 0x00	; 0
    2c0a:	ee 0f       	add	r30, r30
    2c0c:	ff 1f       	adc	r31, r31
    2c0e:	ef 53       	subi	r30, 0x3F	; 63
    2c10:	fe 4f       	sbci	r31, 0xFE	; 254
    2c12:	71 83       	std	Z+1, r23	; 0x01
    2c14:	60 83       	st	Z, r22
    2c16:	08 95       	ret

00002c18 <temperature_get_status>:
}

void	temperature_get_status(void)
{
    2c18:	cf 92       	push	r12
    2c1a:	df 92       	push	r13
    2c1c:	ef 92       	push	r14
    2c1e:	ff 92       	push	r15
    2c20:	0f 93       	push	r16
    2c22:	1f 93       	push	r17
    2c24:	cf 93       	push	r28
    2c26:	df 93       	push	r29
    2c28:	0b ea       	ldi	r16, 0xAB	; 171
    2c2a:	11 e0       	ldi	r17, 0x01	; 1
    2c2c:	c0 e0       	ldi	r28, 0x00	; 0
    2c2e:	d0 e0       	ldi	r29, 0x00	; 0
	//TEMP
	for (uint8_t i = 0; i < MAX_CHANNEL; i++)
	{
		if (s_Temperature_CurrentState.NTC_channel_temperature[i] == 0x7FFF) UARTprintf("NTC[%d] is fail\r\n", i);
		else UARTprintf("NTC[%d]:%i\r\n",i , s_Temperature_CurrentState.NTC_channel_temperature[i]);
    2c30:	81 e3       	ldi	r24, 0x31	; 49
    2c32:	e8 2e       	mov	r14, r24
    2c34:	88 e0       	ldi	r24, 0x08	; 8
    2c36:	f8 2e       	mov	r15, r24
void	temperature_get_status(void)
{
	//TEMP
	for (uint8_t i = 0; i < MAX_CHANNEL; i++)
	{
		if (s_Temperature_CurrentState.NTC_channel_temperature[i] == 0x7FFF) UARTprintf("NTC[%d] is fail\r\n", i);
    2c38:	9f e5       	ldi	r25, 0x5F	; 95
    2c3a:	c9 2e       	mov	r12, r25
    2c3c:	92 e0       	ldi	r25, 0x02	; 2
    2c3e:	d9 2e       	mov	r13, r25
    2c40:	f8 01       	movw	r30, r16
    2c42:	81 91       	ld	r24, Z+
    2c44:	91 91       	ld	r25, Z+
    2c46:	8f 01       	movw	r16, r30
    2c48:	8f 3f       	cpi	r24, 0xFF	; 255
    2c4a:	ff e7       	ldi	r31, 0x7F	; 127
    2c4c:	9f 07       	cpc	r25, r31
    2c4e:	09 f4       	brne	.+2      	; 0x2c52 <temperature_get_status+0x3a>
    2c50:	b1 c0       	rjmp	.+354    	; 0x2db4 <temperature_get_status+0x19c>
		else UARTprintf("NTC[%d]:%i\r\n",i , s_Temperature_CurrentState.NTC_channel_temperature[i]);
    2c52:	9f 93       	push	r25
    2c54:	8f 93       	push	r24
    2c56:	df 93       	push	r29
    2c58:	cf 93       	push	r28
    2c5a:	ff 92       	push	r15
    2c5c:	ef 92       	push	r14
    2c5e:	0e 94 4b 20 	call	0x4096	; 0x4096 <UARTprintf>
    2c62:	0f 90       	pop	r0
    2c64:	0f 90       	pop	r0
    2c66:	0f 90       	pop	r0
    2c68:	0f 90       	pop	r0
    2c6a:	0f 90       	pop	r0
    2c6c:	0f 90       	pop	r0
    2c6e:	21 96       	adiw	r28, 0x01	; 1
}

void	temperature_get_status(void)
{
	//TEMP
	for (uint8_t i = 0; i < MAX_CHANNEL; i++)
    2c70:	c4 30       	cpi	r28, 0x04	; 4
    2c72:	d1 05       	cpc	r29, r1
    2c74:	29 f7       	brne	.-54     	; 0x2c40 <temperature_get_status+0x28>
	{
		if (s_Temperature_CurrentState.NTC_channel_temperature[i] == 0x7FFF) UARTprintf("NTC[%d] is fail\r\n", i);
		else UARTprintf("NTC[%d]:%i\r\n",i , s_Temperature_CurrentState.NTC_channel_temperature[i]);
	}
	if (s_Temperature_CurrentState.i2c_sensor_temperature == 0x7FFF) usart0_send_string("BMP390 is fail\r\n");
    2c76:	80 91 b7 01 	lds	r24, 0x01B7	; 0x8001b7 <s_Temperature_CurrentState+0xc>
    2c7a:	90 91 b8 01 	lds	r25, 0x01B8	; 0x8001b8 <s_Temperature_CurrentState+0xd>
    2c7e:	8f 3f       	cpi	r24, 0xFF	; 255
    2c80:	ff e7       	ldi	r31, 0x7F	; 127
    2c82:	9f 07       	cpc	r25, r31
    2c84:	09 f4       	brne	.+2      	; 0x2c88 <temperature_get_status+0x70>
    2c86:	a1 c0       	rjmp	.+322    	; 0x2dca <temperature_get_status+0x1b2>
	else UARTprintf("BMP390 temp: %i \r\n", s_Temperature_CurrentState.i2c_sensor_temperature);
    2c88:	9f 93       	push	r25
    2c8a:	8f 93       	push	r24
    2c8c:	88 e4       	ldi	r24, 0x48	; 72
    2c8e:	92 e0       	ldi	r25, 0x02	; 2
    2c90:	9f 93       	push	r25
    2c92:	8f 93       	push	r24
    2c94:	0e 94 4b 20 	call	0x4096	; 0x4096 <UARTprintf>
    2c98:	0f 90       	pop	r0
    2c9a:	0f 90       	pop	r0
    2c9c:	0f 90       	pop	r0
    2c9e:	0f 90       	pop	r0

	//TECC
	uint8_t	_status = s_Temperature_CurrentState.TEC_status;
    2ca0:	80 91 d1 01 	lds	r24, 0x01D1	; 0x8001d1 <s_Temperature_CurrentState+0x26>
	UARTprintf("Setpoint: %i %i %i %i \r\nVout: %d %d %d %d \r\nAuto: %d %d %d %d \r\nEna: %d %d %d %d \r\n",
    2ca4:	86 fb       	bst	r24, 6
    2ca6:	99 27       	eor	r25, r25
    2ca8:	90 f9       	bld	r25, 0
    2caa:	1f 92       	push	r1
    2cac:	9f 93       	push	r25
    2cae:	84 fb       	bst	r24, 4
    2cb0:	99 27       	eor	r25, r25
    2cb2:	90 f9       	bld	r25, 0
    2cb4:	1f 92       	push	r1
    2cb6:	9f 93       	push	r25
    2cb8:	82 fb       	bst	r24, 2
    2cba:	99 27       	eor	r25, r25
    2cbc:	90 f9       	bld	r25, 0
    2cbe:	1f 92       	push	r1
    2cc0:	9f 93       	push	r25
    2cc2:	98 2f       	mov	r25, r24
    2cc4:	91 70       	andi	r25, 0x01	; 1
    2cc6:	1f 92       	push	r1
    2cc8:	9f 93       	push	r25
    2cca:	98 2f       	mov	r25, r24
    2ccc:	99 1f       	adc	r25, r25
    2cce:	99 27       	eor	r25, r25
    2cd0:	99 1f       	adc	r25, r25
    2cd2:	1f 92       	push	r1
    2cd4:	9f 93       	push	r25
    2cd6:	85 fb       	bst	r24, 5
    2cd8:	99 27       	eor	r25, r25
    2cda:	90 f9       	bld	r25, 0
    2cdc:	1f 92       	push	r1
    2cde:	9f 93       	push	r25
    2ce0:	83 fb       	bst	r24, 3
    2ce2:	99 27       	eor	r25, r25
    2ce4:	90 f9       	bld	r25, 0
    2ce6:	1f 92       	push	r1
    2ce8:	9f 93       	push	r25
    2cea:	86 95       	lsr	r24
    2cec:	81 70       	andi	r24, 0x01	; 1
    2cee:	1f 92       	push	r1
    2cf0:	8f 93       	push	r24
    2cf2:	80 91 d0 01 	lds	r24, 0x01D0	; 0x8001d0 <s_Temperature_CurrentState+0x25>
    2cf6:	8f 93       	push	r24
    2cf8:	80 91 cf 01 	lds	r24, 0x01CF	; 0x8001cf <s_Temperature_CurrentState+0x24>
    2cfc:	8f 93       	push	r24
    2cfe:	80 91 ce 01 	lds	r24, 0x01CE	; 0x8001ce <s_Temperature_CurrentState+0x23>
    2d02:	8f 93       	push	r24
    2d04:	80 91 cd 01 	lds	r24, 0x01CD	; 0x8001cd <s_Temperature_CurrentState+0x22>
    2d08:	8f 93       	push	r24
    2d0a:	80 91 cc 01 	lds	r24, 0x01CC	; 0x8001cc <s_Temperature_CurrentState+0x21>
    2d0e:	8f 93       	push	r24
    2d10:	80 91 cb 01 	lds	r24, 0x01CB	; 0x8001cb <s_Temperature_CurrentState+0x20>
    2d14:	8f 93       	push	r24
    2d16:	80 91 ca 01 	lds	r24, 0x01CA	; 0x8001ca <s_Temperature_CurrentState+0x1f>
    2d1a:	8f 93       	push	r24
    2d1c:	80 91 c9 01 	lds	r24, 0x01C9	; 0x8001c9 <s_Temperature_CurrentState+0x1e>
    2d20:	8f 93       	push	r24
    2d22:	80 91 c0 01 	lds	r24, 0x01C0	; 0x8001c0 <s_Temperature_CurrentState+0x15>
    2d26:	8f 93       	push	r24
    2d28:	80 91 bf 01 	lds	r24, 0x01BF	; 0x8001bf <s_Temperature_CurrentState+0x14>
    2d2c:	8f 93       	push	r24
    2d2e:	80 91 be 01 	lds	r24, 0x01BE	; 0x8001be <s_Temperature_CurrentState+0x13>
    2d32:	8f 93       	push	r24
    2d34:	80 91 bd 01 	lds	r24, 0x01BD	; 0x8001bd <s_Temperature_CurrentState+0x12>
    2d38:	8f 93       	push	r24
    2d3a:	80 91 bc 01 	lds	r24, 0x01BC	; 0x8001bc <s_Temperature_CurrentState+0x11>
    2d3e:	8f 93       	push	r24
    2d40:	80 91 bb 01 	lds	r24, 0x01BB	; 0x8001bb <s_Temperature_CurrentState+0x10>
    2d44:	8f 93       	push	r24
    2d46:	80 91 ba 01 	lds	r24, 0x01BA	; 0x8001ba <s_Temperature_CurrentState+0xf>
    2d4a:	8f 93       	push	r24
    2d4c:	80 91 b9 01 	lds	r24, 0x01B9	; 0x8001b9 <s_Temperature_CurrentState+0xe>
    2d50:	8f 93       	push	r24
    2d52:	8e e3       	ldi	r24, 0x3E	; 62
    2d54:	98 e0       	ldi	r25, 0x08	; 8
    2d56:	9f 93       	push	r25
    2d58:	8f 93       	push	r24
    2d5a:	0e 94 4b 20 	call	0x4096	; 0x4096 <UARTprintf>
	s_Temperature_CurrentState.TEC_output_voltage_now[2],s_Temperature_CurrentState.TEC_output_voltage_now[3],
	((_status & (1 << TEC0_AUTO)) >> TEC0_AUTO), ((_status & (1 << TEC1_AUTO)) >> TEC1_AUTO),
	((_status & (1 << TEC2_AUTO)) >> TEC2_AUTO), ((_status & (1 << TEC3_AUTO)) >> TEC3_AUTO),
	((_status & (1 << TEC0_ENA)) >> TEC0_ENA), ((_status & (1 << TEC1_ENA)) >> TEC1_ENA),
	((_status & (1 << TEC2_ENA)) >> TEC2_ENA), ((_status & (1 <<TEC3_ENA)) >> TEC3_ENA) );
	usart0_send_string("Mode: ");
    2d5e:	8d b7       	in	r24, 0x3d	; 61
    2d60:	9e b7       	in	r25, 0x3e	; 62
    2d62:	82 96       	adiw	r24, 0x22	; 34
    2d64:	0f b6       	in	r0, 0x3f	; 63
    2d66:	f8 94       	cli
    2d68:	9e bf       	out	0x3e, r25	; 62
    2d6a:	0f be       	out	0x3f, r0	; 63
    2d6c:	8d bf       	out	0x3d, r24	; 61
    2d6e:	82 e9       	ldi	r24, 0x92	; 146
    2d70:	98 e0       	ldi	r25, 0x08	; 8
    2d72:	0e 94 26 1b 	call	0x364c	; 0x364c <usart0_send_string>
    2d76:	cb ed       	ldi	r28, 0xDB	; 219
    2d78:	d1 e0       	ldi	r29, 0x01	; 1
    2d7a:	0f ed       	ldi	r16, 0xDF	; 223
    2d7c:	11 e0       	ldi	r17, 0x01	; 1
	for (uint8_t idx = 0; idx <4; idx++)
	{
		if (s_Temperature_CurrentState.mode[idx] == 1) usart0_send_string("H  ");
    2d7e:	89 91       	ld	r24, Y+
    2d80:	81 30       	cpi	r24, 0x01	; 1
    2d82:	99 f0       	breq	.+38     	; 0x2daa <temperature_get_status+0x192>
		else usart0_send_string("C  ");
    2d84:	8d e9       	ldi	r24, 0x9D	; 157
    2d86:	98 e0       	ldi	r25, 0x08	; 8
    2d88:	0e 94 26 1b 	call	0x364c	; 0x364c <usart0_send_string>
	((_status & (1 << TEC0_AUTO)) >> TEC0_AUTO), ((_status & (1 << TEC1_AUTO)) >> TEC1_AUTO),
	((_status & (1 << TEC2_AUTO)) >> TEC2_AUTO), ((_status & (1 << TEC3_AUTO)) >> TEC3_AUTO),
	((_status & (1 << TEC0_ENA)) >> TEC0_ENA), ((_status & (1 << TEC1_ENA)) >> TEC1_ENA),
	((_status & (1 << TEC2_ENA)) >> TEC2_ENA), ((_status & (1 <<TEC3_ENA)) >> TEC3_ENA) );
	usart0_send_string("Mode: ");
	for (uint8_t idx = 0; idx <4; idx++)
    2d8c:	0c 17       	cp	r16, r28
    2d8e:	1d 07       	cpc	r17, r29
    2d90:	b1 f7       	brne	.-20     	; 0x2d7e <temperature_get_status+0x166>
	{
		if (s_Temperature_CurrentState.mode[idx] == 1) usart0_send_string("H  ");
		else usart0_send_string("C  ");
	}
	usart0_send_string("\r\n");
    2d92:	81 ec       	ldi	r24, 0xC1	; 193
    2d94:	93 e0       	ldi	r25, 0x03	; 3
}
    2d96:	df 91       	pop	r29
    2d98:	cf 91       	pop	r28
    2d9a:	1f 91       	pop	r17
    2d9c:	0f 91       	pop	r16
    2d9e:	ff 90       	pop	r15
    2da0:	ef 90       	pop	r14
    2da2:	df 90       	pop	r13
    2da4:	cf 90       	pop	r12
	for (uint8_t idx = 0; idx <4; idx++)
	{
		if (s_Temperature_CurrentState.mode[idx] == 1) usart0_send_string("H  ");
		else usart0_send_string("C  ");
	}
	usart0_send_string("\r\n");
    2da6:	0c 94 26 1b 	jmp	0x364c	; 0x364c <usart0_send_string>
	((_status & (1 << TEC0_ENA)) >> TEC0_ENA), ((_status & (1 << TEC1_ENA)) >> TEC1_ENA),
	((_status & (1 << TEC2_ENA)) >> TEC2_ENA), ((_status & (1 <<TEC3_ENA)) >> TEC3_ENA) );
	usart0_send_string("Mode: ");
	for (uint8_t idx = 0; idx <4; idx++)
	{
		if (s_Temperature_CurrentState.mode[idx] == 1) usart0_send_string("H  ");
    2daa:	89 e9       	ldi	r24, 0x99	; 153
    2dac:	98 e0       	ldi	r25, 0x08	; 8
    2dae:	0e 94 26 1b 	call	0x364c	; 0x364c <usart0_send_string>
    2db2:	ec cf       	rjmp	.-40     	; 0x2d8c <temperature_get_status+0x174>
void	temperature_get_status(void)
{
	//TEMP
	for (uint8_t i = 0; i < MAX_CHANNEL; i++)
	{
		if (s_Temperature_CurrentState.NTC_channel_temperature[i] == 0x7FFF) UARTprintf("NTC[%d] is fail\r\n", i);
    2db4:	df 93       	push	r29
    2db6:	cf 93       	push	r28
    2db8:	df 92       	push	r13
    2dba:	cf 92       	push	r12
    2dbc:	0e 94 4b 20 	call	0x4096	; 0x4096 <UARTprintf>
    2dc0:	0f 90       	pop	r0
    2dc2:	0f 90       	pop	r0
    2dc4:	0f 90       	pop	r0
    2dc6:	0f 90       	pop	r0
    2dc8:	52 cf       	rjmp	.-348    	; 0x2c6e <temperature_get_status+0x56>
		else UARTprintf("NTC[%d]:%i\r\n",i , s_Temperature_CurrentState.NTC_channel_temperature[i]);
	}
	if (s_Temperature_CurrentState.i2c_sensor_temperature == 0x7FFF) usart0_send_string("BMP390 is fail\r\n");
    2dca:	87 e3       	ldi	r24, 0x37	; 55
    2dcc:	92 e0       	ldi	r25, 0x02	; 2
    2dce:	0e 94 26 1b 	call	0x364c	; 0x364c <usart0_send_string>
    2dd2:	66 cf       	rjmp	.-308    	; 0x2ca0 <temperature_get_status+0x88>

00002dd4 <temperature_task_update>:
	s_Temperature_CurrentState.TEC_status &= ~(1 << (channel*2));
}


static	void	temperature_task_update(void)
{
    2dd4:	cf 92       	push	r12
    2dd6:	df 92       	push	r13
    2dd8:	ef 92       	push	r14
    2dda:	ff 92       	push	r15
    2ddc:	0f 93       	push	r16
    2dde:	1f 93       	push	r17
    2de0:	cf 93       	push	r28
    2de2:	df 93       	push	r29
	int16_t _NTC_channel0_temperature = get_NTC_temperature_using_table(0);
    2de4:	80 e0       	ldi	r24, 0x00	; 0
    2de6:	0e 94 46 29 	call	0x528c	; 0x528c <get_NTC_temperature_using_table>
    2dea:	ec 01       	movw	r28, r24
	int16_t _NTC_channel1_temperature = get_NTC_temperature_using_table(1);
    2dec:	81 e0       	ldi	r24, 0x01	; 1
    2dee:	0e 94 46 29 	call	0x528c	; 0x528c <get_NTC_temperature_using_table>
    2df2:	8c 01       	movw	r16, r24
	int16_t _NTC_channel2_temperature = get_NTC_temperature_using_table(2);
    2df4:	82 e0       	ldi	r24, 0x02	; 2
    2df6:	0e 94 46 29 	call	0x528c	; 0x528c <get_NTC_temperature_using_table>
    2dfa:	6c 01       	movw	r12, r24
	int16_t _NTC_channel3_temperature = get_NTC_temperature_using_table(3);
    2dfc:	83 e0       	ldi	r24, 0x03	; 3
    2dfe:	0e 94 46 29 	call	0x528c	; 0x528c <get_NTC_temperature_using_table>
    2e02:	7c 01       	movw	r14, r24

	if ((s_Temperature_CurrentState.TEC_status & (1 << TEC0_AUTO)) == (1 << TEC0_AUTO))		//channel 0 is enabled and auto
    2e04:	80 91 d1 01 	lds	r24, 0x01D1	; 0x8001d1 <s_Temperature_CurrentState+0x26>
    2e08:	81 ff       	sbrs	r24, 1
    2e0a:	0b c0       	rjmp	.+22     	; 0x2e22 <temperature_task_update+0x4e>
	{
		if (s_Temperature_CurrentState.mode[0] == HEATING)
    2e0c:	80 91 db 01 	lds	r24, 0x01DB	; 0x8001db <s_Temperature_CurrentState+0x30>
		{
			temperature_TEC_hysteris_control_heating(_NTC_channel0_temperature, 0);
    2e10:	60 e0       	ldi	r22, 0x00	; 0
	int16_t _NTC_channel2_temperature = get_NTC_temperature_using_table(2);
	int16_t _NTC_channel3_temperature = get_NTC_temperature_using_table(3);

	if ((s_Temperature_CurrentState.TEC_status & (1 << TEC0_AUTO)) == (1 << TEC0_AUTO))		//channel 0 is enabled and auto
	{
		if (s_Temperature_CurrentState.mode[0] == HEATING)
    2e12:	81 30       	cpi	r24, 0x01	; 1
    2e14:	09 f4       	brne	.+2      	; 0x2e18 <temperature_task_update+0x44>
    2e16:	79 c0       	rjmp	.+242    	; 0x2f0a <temperature_task_update+0x136>
		{
			temperature_TEC_hysteris_control_heating(_NTC_channel0_temperature, 0);
		}
		else
		{
			temperature_TEC_hysteris_control_cooling(_NTC_channel0_temperature, 0);
    2e18:	ce 01       	movw	r24, r28
    2e1a:	0e 94 ff 13 	call	0x27fe	; 0x27fe <temperature_TEC_hysteris_control_cooling>
    2e1e:	80 91 d1 01 	lds	r24, 0x01D1	; 0x8001d1 <s_Temperature_CurrentState+0x26>
		}
	}
	
	if ((s_Temperature_CurrentState.TEC_status & (1 << TEC1_AUTO)) == (1 << TEC1_AUTO))		//channel 1 is enabled and auto
    2e22:	83 ff       	sbrs	r24, 3
    2e24:	0b c0       	rjmp	.+22     	; 0x2e3c <temperature_task_update+0x68>
	{
		if (s_Temperature_CurrentState.mode[1] == HEATING)
    2e26:	80 91 dc 01 	lds	r24, 0x01DC	; 0x8001dc <s_Temperature_CurrentState+0x31>
		{
			temperature_TEC_hysteris_control_heating(_NTC_channel0_temperature, 1);
    2e2a:	61 e0       	ldi	r22, 0x01	; 1
		}
	}
	
	if ((s_Temperature_CurrentState.TEC_status & (1 << TEC1_AUTO)) == (1 << TEC1_AUTO))		//channel 1 is enabled and auto
	{
		if (s_Temperature_CurrentState.mode[1] == HEATING)
    2e2c:	81 30       	cpi	r24, 0x01	; 1
    2e2e:	09 f4       	brne	.+2      	; 0x2e32 <temperature_task_update+0x5e>
    2e30:	60 c0       	rjmp	.+192    	; 0x2ef2 <temperature_task_update+0x11e>
		{
			temperature_TEC_hysteris_control_heating(_NTC_channel0_temperature, 1);
		}
		else
		{
			temperature_TEC_hysteris_control_cooling(_NTC_channel0_temperature, 1);
    2e32:	ce 01       	movw	r24, r28
    2e34:	0e 94 ff 13 	call	0x27fe	; 0x27fe <temperature_TEC_hysteris_control_cooling>
    2e38:	80 91 d1 01 	lds	r24, 0x01D1	; 0x8001d1 <s_Temperature_CurrentState+0x26>
		}
	}
	
	if ((s_Temperature_CurrentState.TEC_status & (1 << TEC2_AUTO)) == (1 << TEC2_AUTO))		//channel 2 is enabled and auto
    2e3c:	85 ff       	sbrs	r24, 5
    2e3e:	0b c0       	rjmp	.+22     	; 0x2e56 <temperature_task_update+0x82>
	{
		if (s_Temperature_CurrentState.mode[2] == HEATING)
    2e40:	80 91 dd 01 	lds	r24, 0x01DD	; 0x8001dd <s_Temperature_CurrentState+0x32>
		{
			temperature_TEC_hysteris_control_heating(_NTC_channel1_temperature, 2);
    2e44:	62 e0       	ldi	r22, 0x02	; 2
		}
	}
	
	if ((s_Temperature_CurrentState.TEC_status & (1 << TEC2_AUTO)) == (1 << TEC2_AUTO))		//channel 2 is enabled and auto
	{
		if (s_Temperature_CurrentState.mode[2] == HEATING)
    2e46:	81 30       	cpi	r24, 0x01	; 1
    2e48:	09 f4       	brne	.+2      	; 0x2e4c <temperature_task_update+0x78>
    2e4a:	59 c0       	rjmp	.+178    	; 0x2efe <temperature_task_update+0x12a>
		{
			temperature_TEC_hysteris_control_heating(_NTC_channel1_temperature, 2);
		}
		else
		{
			temperature_TEC_hysteris_control_cooling(_NTC_channel1_temperature, 2);
    2e4c:	c8 01       	movw	r24, r16
    2e4e:	0e 94 ff 13 	call	0x27fe	; 0x27fe <temperature_TEC_hysteris_control_cooling>
    2e52:	80 91 d1 01 	lds	r24, 0x01D1	; 0x8001d1 <s_Temperature_CurrentState+0x26>
		}
	}
	
	if ((s_Temperature_CurrentState.TEC_status & (1 << TEC3_AUTO)) == (1 << TEC3_AUTO))		//channel 3 is enabled and auto
    2e56:	87 fd       	sbrc	r24, 7
    2e58:	43 c0       	rjmp	.+134    	; 0x2ee0 <temperature_task_update+0x10c>
		{
			temperature_TEC_hysteris_control_cooling(_NTC_channel1_temperature, 3);
		}
	}
	
	s_Temperature_CurrentState.NTC_channel_temperature[0] = _NTC_channel0_temperature;
    2e5a:	d0 93 ac 01 	sts	0x01AC, r29	; 0x8001ac <s_Temperature_CurrentState+0x1>
    2e5e:	c0 93 ab 01 	sts	0x01AB, r28	; 0x8001ab <s_Temperature_CurrentState>
	s_Temperature_CurrentState.NTC_channel_temperature[1] = _NTC_channel1_temperature;
    2e62:	10 93 ae 01 	sts	0x01AE, r17	; 0x8001ae <s_Temperature_CurrentState+0x3>
    2e66:	00 93 ad 01 	sts	0x01AD, r16	; 0x8001ad <s_Temperature_CurrentState+0x2>
	s_Temperature_CurrentState.NTC_channel_temperature[2] = _NTC_channel2_temperature;
    2e6a:	d0 92 b0 01 	sts	0x01B0, r13	; 0x8001b0 <s_Temperature_CurrentState+0x5>
    2e6e:	c0 92 af 01 	sts	0x01AF, r12	; 0x8001af <s_Temperature_CurrentState+0x4>
	s_Temperature_CurrentState.NTC_channel_temperature[3] = _NTC_channel3_temperature;
    2e72:	f0 92 b2 01 	sts	0x01B2, r15	; 0x8001b2 <s_Temperature_CurrentState+0x7>
    2e76:	e0 92 b1 01 	sts	0x01B1, r14	; 0x8001b1 <s_Temperature_CurrentState+0x6>
	
	// update temperature from onewire sensor
	s_Temperature_CurrentState.onewire_channel_temperature[0] = 0x7FFF /*get_onewire_temperature(0)*/;
    2e7a:	8f ef       	ldi	r24, 0xFF	; 255
    2e7c:	9f e7       	ldi	r25, 0x7F	; 127
    2e7e:	90 93 b4 01 	sts	0x01B4, r25	; 0x8001b4 <s_Temperature_CurrentState+0x9>
    2e82:	80 93 b3 01 	sts	0x01B3, r24	; 0x8001b3 <s_Temperature_CurrentState+0x8>
	s_Temperature_CurrentState.onewire_channel_temperature[1] = 0x7FFF /*get_onewire_temperature(1)*/;
    2e86:	90 93 b6 01 	sts	0x01B6, r25	; 0x8001b6 <s_Temperature_CurrentState+0xb>
    2e8a:	80 93 b5 01 	sts	0x01B5, r24	; 0x8001b5 <s_Temperature_CurrentState+0xa>
	
	// update temperature from BMP390 sensor
	s_Temperature_CurrentState.i2c_sensor_temperature = get_BMP390_temperature();
    2e8e:	0e 94 63 24 	call	0x48c6	; 0x48c6 <get_BMP390_temperature>
    2e92:	90 93 b8 01 	sts	0x01B8, r25	; 0x8001b8 <s_Temperature_CurrentState+0xd>
    2e96:	80 93 b7 01 	sts	0x01B7, r24	; 0x8001b7 <s_Temperature_CurrentState+0xc>
	
	if (SCH_TIM_HasCompleted(SCH_TIM_TEMPERATURE_LOG))
    2e9a:	81 e0       	ldi	r24, 0x01	; 1
    2e9c:	0e 94 5c 2a 	call	0x54b8	; 0x54b8 <SCH_TIM_HasCompleted>
    2ea0:	88 23       	and	r24, r24
    2ea2:	21 f0       	breq	.+8      	; 0x2eac <temperature_task_update+0xd8>
	{
		if (sPrintLog)
    2ea4:	80 91 8c 09 	lds	r24, 0x098C	; 0x80098c <sPrintLog>
    2ea8:	81 11       	cpse	r24, r1
    2eaa:	09 c0       	rjmp	.+18     	; 0x2ebe <temperature_task_update+0xea>
		{
			SCH_TIM_Start(SCH_TIM_TEMPERATURE_LOG,TEMPERATURE_LOG_PERIOD);
			temperature_get_status();
		}
	}
}
    2eac:	df 91       	pop	r29
    2eae:	cf 91       	pop	r28
    2eb0:	1f 91       	pop	r17
    2eb2:	0f 91       	pop	r16
    2eb4:	ff 90       	pop	r15
    2eb6:	ef 90       	pop	r14
    2eb8:	df 90       	pop	r13
    2eba:	cf 90       	pop	r12
    2ebc:	08 95       	ret
	
	if (SCH_TIM_HasCompleted(SCH_TIM_TEMPERATURE_LOG))
	{
		if (sPrintLog)
		{
			SCH_TIM_Start(SCH_TIM_TEMPERATURE_LOG,TEMPERATURE_LOG_PERIOD);
    2ebe:	48 ee       	ldi	r20, 0xE8	; 232
    2ec0:	53 e0       	ldi	r21, 0x03	; 3
    2ec2:	60 e0       	ldi	r22, 0x00	; 0
    2ec4:	70 e0       	ldi	r23, 0x00	; 0
    2ec6:	81 e0       	ldi	r24, 0x01	; 1
    2ec8:	0e 94 50 2a 	call	0x54a0	; 0x54a0 <SCH_TIM_Start>
			temperature_get_status();
		}
	}
}
    2ecc:	df 91       	pop	r29
    2ece:	cf 91       	pop	r28
    2ed0:	1f 91       	pop	r17
    2ed2:	0f 91       	pop	r16
    2ed4:	ff 90       	pop	r15
    2ed6:	ef 90       	pop	r14
    2ed8:	df 90       	pop	r13
    2eda:	cf 90       	pop	r12
	if (SCH_TIM_HasCompleted(SCH_TIM_TEMPERATURE_LOG))
	{
		if (sPrintLog)
		{
			SCH_TIM_Start(SCH_TIM_TEMPERATURE_LOG,TEMPERATURE_LOG_PERIOD);
			temperature_get_status();
    2edc:	0c 94 0c 16 	jmp	0x2c18	; 0x2c18 <temperature_get_status>
		}
	}
	
	if ((s_Temperature_CurrentState.TEC_status & (1 << TEC3_AUTO)) == (1 << TEC3_AUTO))		//channel 3 is enabled and auto
	{
		if (s_Temperature_CurrentState.mode[3] == HEATING)
    2ee0:	80 91 de 01 	lds	r24, 0x01DE	; 0x8001de <s_Temperature_CurrentState+0x33>
		{
			temperature_TEC_hysteris_control_heating(_NTC_channel1_temperature, 3);
    2ee4:	63 e0       	ldi	r22, 0x03	; 3
		}
	}
	
	if ((s_Temperature_CurrentState.TEC_status & (1 << TEC3_AUTO)) == (1 << TEC3_AUTO))		//channel 3 is enabled and auto
	{
		if (s_Temperature_CurrentState.mode[3] == HEATING)
    2ee6:	81 30       	cpi	r24, 0x01	; 1
    2ee8:	b1 f0       	breq	.+44     	; 0x2f16 <temperature_task_update+0x142>
		{
			temperature_TEC_hysteris_control_heating(_NTC_channel1_temperature, 3);
		}
		else
		{
			temperature_TEC_hysteris_control_cooling(_NTC_channel1_temperature, 3);
    2eea:	c8 01       	movw	r24, r16
    2eec:	0e 94 ff 13 	call	0x27fe	; 0x27fe <temperature_TEC_hysteris_control_cooling>
    2ef0:	b4 cf       	rjmp	.-152    	; 0x2e5a <temperature_task_update+0x86>
	
	if ((s_Temperature_CurrentState.TEC_status & (1 << TEC1_AUTO)) == (1 << TEC1_AUTO))		//channel 1 is enabled and auto
	{
		if (s_Temperature_CurrentState.mode[1] == HEATING)
		{
			temperature_TEC_hysteris_control_heating(_NTC_channel0_temperature, 1);
    2ef2:	ce 01       	movw	r24, r28
    2ef4:	0e 94 d1 12 	call	0x25a2	; 0x25a2 <temperature_TEC_hysteris_control_heating>
    2ef8:	80 91 d1 01 	lds	r24, 0x01D1	; 0x8001d1 <s_Temperature_CurrentState+0x26>
    2efc:	9f cf       	rjmp	.-194    	; 0x2e3c <temperature_task_update+0x68>
	
	if ((s_Temperature_CurrentState.TEC_status & (1 << TEC2_AUTO)) == (1 << TEC2_AUTO))		//channel 2 is enabled and auto
	{
		if (s_Temperature_CurrentState.mode[2] == HEATING)
		{
			temperature_TEC_hysteris_control_heating(_NTC_channel1_temperature, 2);
    2efe:	c8 01       	movw	r24, r16
    2f00:	0e 94 d1 12 	call	0x25a2	; 0x25a2 <temperature_TEC_hysteris_control_heating>
    2f04:	80 91 d1 01 	lds	r24, 0x01D1	; 0x8001d1 <s_Temperature_CurrentState+0x26>
    2f08:	a6 cf       	rjmp	.-180    	; 0x2e56 <temperature_task_update+0x82>

	if ((s_Temperature_CurrentState.TEC_status & (1 << TEC0_AUTO)) == (1 << TEC0_AUTO))		//channel 0 is enabled and auto
	{
		if (s_Temperature_CurrentState.mode[0] == HEATING)
		{
			temperature_TEC_hysteris_control_heating(_NTC_channel0_temperature, 0);
    2f0a:	ce 01       	movw	r24, r28
    2f0c:	0e 94 d1 12 	call	0x25a2	; 0x25a2 <temperature_TEC_hysteris_control_heating>
    2f10:	80 91 d1 01 	lds	r24, 0x01D1	; 0x8001d1 <s_Temperature_CurrentState+0x26>
    2f14:	86 cf       	rjmp	.-244    	; 0x2e22 <temperature_task_update+0x4e>
	
	if ((s_Temperature_CurrentState.TEC_status & (1 << TEC3_AUTO)) == (1 << TEC3_AUTO))		//channel 3 is enabled and auto
	{
		if (s_Temperature_CurrentState.mode[3] == HEATING)
		{
			temperature_TEC_hysteris_control_heating(_NTC_channel1_temperature, 3);
    2f16:	c8 01       	movw	r24, r16
    2f18:	0e 94 d1 12 	call	0x25a2	; 0x25a2 <temperature_TEC_hysteris_control_heating>
    2f1c:	9e cf       	rjmp	.-196    	; 0x2e5a <temperature_task_update+0x86>

00002f1e <temperature_enable_log>:
	usart0_send_string("\r\n");
}

void	temperature_enable_log(void)
{
	sPrintLog  = 1;
    2f1e:	81 e0       	ldi	r24, 0x01	; 1
    2f20:	80 93 8c 09 	sts	0x098C, r24	; 0x80098c <sPrintLog>
    2f24:	08 95       	ret

00002f26 <temperature_disable_log>:
}

void	temperature_disable_log(void)
{
	sPrintLog  = 0;
    2f26:	10 92 8c 09 	sts	0x098C, r1	; 0x80098c <sPrintLog>
    2f2a:	08 95       	ret

00002f2c <watchdog_pulse>:
{
	TPL5010_init();
}
static void watchdog_pulse(void)
{
	TPL5010_done_pulse ();
    2f2c:	0c 94 28 2a 	jmp	0x5450	; 0x5450 <TPL5010_done_pulse>

00002f30 <watchdog_init>:
		watchdog_pulse         // timerCallbackFunction;
	}
};
void watchdog_init(void)
{
	TPL5010_init();
    2f30:	0c 94 17 2a 	jmp	0x542e	; 0x542e <TPL5010_init>

00002f34 <watchdog_create_timer>:
	TPL5010_done_pulse ();
}

void	watchdog_create_timer(void)
{
	SCH_TIM_CreateTimer(&s_WatchdogTimerContext.timerHandle, &s_WatchdogTimerContext.timerProperty);
    2f34:	67 ee       	ldi	r22, 0xE7	; 231
    2f36:	71 e0       	ldi	r23, 0x01	; 1
    2f38:	86 ee       	ldi	r24, 0xE6	; 230
    2f3a:	91 e0       	ldi	r25, 0x01	; 1
    2f3c:	0e 94 8d 2a 	call	0x551a	; 0x551a <SCH_TIM_CreateTimer>
	SCH_TIM_RestartTimer(s_WatchdogTimerContext.timerHandle);
    2f40:	80 91 e6 01 	lds	r24, 0x01E6	; 0x8001e6 <s_WatchdogTimerContext>
    2f44:	0c 94 b0 2a 	jmp	0x5560	; 0x5560 <SCH_TIM_RestartTimer>

00002f48 <init_adc>:
    2f48:	80 e4       	ldi	r24, 0x40	; 64
    2f4a:	87 b9       	out	0x07, r24	; 7
    2f4c:	86 b1       	in	r24, 0x06	; 6
    2f4e:	87 68       	ori	r24, 0x87	; 135
    2f50:	86 b9       	out	0x06, r24	; 6
    2f52:	08 95       	ret

00002f54 <adc_read>:
    2f54:	88 23       	and	r24, r24
    2f56:	21 f0       	breq	.+8      	; 0x2f60 <adc_read+0xc>
    2f58:	81 30       	cpi	r24, 0x01	; 1
    2f5a:	89 f0       	breq	.+34     	; 0x2f7e <adc_read+0x2a>
    2f5c:	8f 70       	andi	r24, 0x0F	; 15
    2f5e:	01 c0       	rjmp	.+2      	; 0x2f62 <adc_read+0xe>
    2f60:	81 e0       	ldi	r24, 0x01	; 1
    2f62:	97 b1       	in	r25, 0x07	; 7
    2f64:	90 7f       	andi	r25, 0xF0	; 240
    2f66:	97 b9       	out	0x07, r25	; 7
    2f68:	97 b1       	in	r25, 0x07	; 7
    2f6a:	89 2b       	or	r24, r25
    2f6c:	87 b9       	out	0x07, r24	; 7
    2f6e:	36 9a       	sbi	0x06, 6	; 6
    2f70:	36 99       	sbic	0x06, 6	; 6
    2f72:	fe cf       	rjmp	.-4      	; 0x2f70 <adc_read+0x1c>
    2f74:	84 b1       	in	r24, 0x04	; 4
    2f76:	25 b1       	in	r18, 0x05	; 5
    2f78:	90 e0       	ldi	r25, 0x00	; 0
    2f7a:	92 2b       	or	r25, r18
    2f7c:	08 95       	ret
    2f7e:	80 e0       	ldi	r24, 0x00	; 0
    2f80:	f0 cf       	rjmp	.-32     	; 0x2f62 <adc_read+0xe>

00002f82 <CAN_Protocol_Init>:
	}
};

void CAN_Protocol_Init(void)
{
	CAN_Init();
    2f82:	0c 94 84 26 	jmp	0x4d08	; 0x4d08 <CAN_Init>

00002f86 <CAN_create_task>:
	if (CANSPI_Receive(&rxMessage)) Control_LED();
}

void CAN_create_task(void)
{
	SCH_TASK_CreateTask(&CAN_task_context .taskHandle, &CAN_task_context .taskProperty);
    2f86:	6d ee       	ldi	r22, 0xED	; 237
    2f88:	71 e0       	ldi	r23, 0x01	; 1
    2f8a:	8c ee       	ldi	r24, 0xEC	; 236
    2f8c:	91 e0       	ldi	r25, 0x01	; 1
    2f8e:	0c 94 69 2a 	jmp	0x54d2	; 0x54d2 <SCH_TASK_CreateTask>

00002f92 <Control_LED>:
}

void Control_LED(void)
{
	if(rxMessage.frame.id == ARBITRATION_ID)
    2f92:	80 91 82 0a 	lds	r24, 0x0A82	; 0x800a82 <rxMessage+0x1>
    2f96:	90 91 83 0a 	lds	r25, 0x0A83	; 0x800a83 <rxMessage+0x2>
    2f9a:	a0 91 84 0a 	lds	r26, 0x0A84	; 0x800a84 <rxMessage+0x3>
    2f9e:	b0 91 85 0a 	lds	r27, 0x0A85	; 0x800a85 <rxMessage+0x4>
    2fa2:	05 97       	sbiw	r24, 0x05	; 5
    2fa4:	a1 05       	cpc	r26, r1
    2fa6:	b1 05       	cpc	r27, r1
    2fa8:	09 f0       	breq	.+2      	; 0x2fac <Control_LED+0x1a>
    2faa:	08 95       	ret
	{
		if(rxMessage.frame.data0 == SET_BRIGHTNESS_CMD)
    2fac:	80 91 87 0a 	lds	r24, 0x0A87	; 0x800a87 <rxMessage+0x6>
    2fb0:	8d 30       	cpi	r24, 0x0D	; 13
    2fb2:	31 f1       	breq	.+76     	; 0x3000 <Control_LED+0x6e>
		{
			uint8_t duty = rxMessage.frame.data1;
			IR_led_set_DutyCyclesPercent(duty);
			DONE_CAN();
		}
		else if(rxMessage.frame.data0 == SET_RGBW_CMD)
    2fb4:	8f 30       	cpi	r24, 0x0F	; 15
    2fb6:	c9 f7       	brne	.-14     	; 0x2faa <Control_LED+0x18>
		{
			uint8_t red = rxMessage.frame.data1;
			uint8_t green = rxMessage.frame.data2;
			uint8_t blue = rxMessage.frame.data3;
			uint8_t white = rxMessage.frame.data4;
			ringled_set_RGBW(red, green, blue, white);
    2fb8:	20 91 8b 0a 	lds	r18, 0x0A8B	; 0x800a8b <rxMessage+0xa>
    2fbc:	40 91 8a 0a 	lds	r20, 0x0A8A	; 0x800a8a <rxMessage+0x9>
    2fc0:	60 91 89 0a 	lds	r22, 0x0A89	; 0x800a89 <rxMessage+0x8>
    2fc4:	80 91 88 0a 	lds	r24, 0x0A88	; 0x800a88 <rxMessage+0x7>
    2fc8:	0e 94 8d 29 	call	0x531a	; 0x531a <ringled_set_RGBW>
}


void DONE_CAN(void)
{
	txMessage.frame.idType = dSTANDARD_CAN_MSG_ID_2_0B;
    2fcc:	81 e0       	ldi	r24, 0x01	; 1
    2fce:	80 93 73 0a 	sts	0x0A73, r24	; 0x800a73 <txMessage>
	txMessage.frame.id = DONE_ID;
    2fd2:	84 e0       	ldi	r24, 0x04	; 4
    2fd4:	90 e0       	ldi	r25, 0x00	; 0
    2fd6:	a0 e0       	ldi	r26, 0x00	; 0
    2fd8:	b0 e0       	ldi	r27, 0x00	; 0
    2fda:	80 93 74 0a 	sts	0x0A74, r24	; 0x800a74 <txMessage+0x1>
    2fde:	90 93 75 0a 	sts	0x0A75, r25	; 0x800a75 <txMessage+0x2>
    2fe2:	a0 93 76 0a 	sts	0x0A76, r26	; 0x800a76 <txMessage+0x3>
    2fe6:	b0 93 77 0a 	sts	0x0A77, r27	; 0x800a77 <txMessage+0x4>
	txMessage.frame.dlc = 2;
    2fea:	82 e0       	ldi	r24, 0x02	; 2
    2fec:	80 93 78 0a 	sts	0x0A78, r24	; 0x800a78 <txMessage+0x5>
	txMessage.frame.data0 = rxMessage.frame.data0;
    2ff0:	80 91 87 0a 	lds	r24, 0x0A87	; 0x800a87 <rxMessage+0x6>
    2ff4:	80 93 79 0a 	sts	0x0A79, r24	; 0x800a79 <txMessage+0x6>
	CANSPI_Transmit(&txMessage);
    2ff8:	83 e7       	ldi	r24, 0x73	; 115
    2ffa:	9a e0       	ldi	r25, 0x0A	; 10
    2ffc:	0c 94 89 26 	jmp	0x4d12	; 0x4d12 <CANSPI_Transmit>
	if(rxMessage.frame.id == ARBITRATION_ID)
	{
		if(rxMessage.frame.data0 == SET_BRIGHTNESS_CMD)
		{
			uint8_t duty = rxMessage.frame.data1;
			IR_led_set_DutyCyclesPercent(duty);
    3000:	80 91 88 0a 	lds	r24, 0x0A88	; 0x800a88 <rxMessage+0x7>
    3004:	0e 94 02 12 	call	0x2404	; 0x2404 <IR_led_set_DutyCyclesPercent>
    3008:	e1 cf       	rjmp	.-62     	; 0x2fcc <Control_LED+0x3a>

0000300a <CAN_task_update>:
	CAN_Init();
}

static void CAN_task_update(void)
{
	if (CANSPI_Receive(&rxMessage)) Control_LED();
    300a:	81 e8       	ldi	r24, 0x81	; 129
    300c:	9a e0       	ldi	r25, 0x0A	; 10
    300e:	0e 94 4a 27 	call	0x4e94	; 0x4e94 <CANSPI_Receive>
    3012:	81 11       	cpse	r24, r1
    3014:	01 c0       	rjmp	.+2      	; 0x3018 <CAN_task_update+0xe>
    3016:	08 95       	ret
    3018:	0c 94 c9 17 	jmp	0x2f92	; 0x2f92 <Control_LED>

0000301c <pwm2_init>:
}

void pwm1_set_DutyCyclePercent(const uint8_t _DutyCyclePercent)
{
	OCR1B = _DutyCyclePercent * 0.52 * ICR1 * 0.01;
}
    301c:	cf 92       	push	r12
    301e:	df 92       	push	r13
    3020:	ef 92       	push	r14
    3022:	ff 92       	push	r15
    3024:	1f 93       	push	r17
    3026:	cf 93       	push	r28
    3028:	df 93       	push	r29
    302a:	14 2f       	mov	r17, r20
    302c:	48 b3       	in	r20, 0x18	; 24
    302e:	21 e0       	ldi	r18, 0x01	; 1
    3030:	30 e0       	ldi	r19, 0x00	; 0
    3032:	f9 01       	movw	r30, r18
    3034:	02 c0       	rjmp	.+4      	; 0x303a <pwm2_init+0x1e>
    3036:	ee 0f       	add	r30, r30
    3038:	ff 1f       	adc	r31, r31
    303a:	8a 95       	dec	r24
    303c:	e2 f7       	brpl	.-8      	; 0x3036 <pwm2_init+0x1a>
    303e:	cf 01       	movw	r24, r30
    3040:	9e 2f       	mov	r25, r30
    3042:	90 95       	com	r25
    3044:	49 23       	and	r20, r25
    3046:	48 bb       	out	0x18, r20	; 24
    3048:	97 b3       	in	r25, 0x17	; 23
    304a:	89 2b       	or	r24, r25
    304c:	87 bb       	out	0x17, r24	; 23
    304e:	8f b5       	in	r24, 0x2f	; 47
    3050:	82 60       	ori	r24, 0x02	; 2
    3052:	8f bd       	out	0x2f, r24	; 47
    3054:	8e b5       	in	r24, 0x2e	; 46
    3056:	88 61       	ori	r24, 0x18	; 24
    3058:	8e bd       	out	0x2e, r24	; 46
    305a:	8f b5       	in	r24, 0x2f	; 47
    305c:	88 60       	ori	r24, 0x08	; 8
    305e:	8f bd       	out	0x2f, r24	; 47
    3060:	8e b5       	in	r24, 0x2e	; 46
    3062:	82 60       	ori	r24, 0x02	; 2
    3064:	8e bd       	out	0x2e, r24	; 46
    3066:	80 e0       	ldi	r24, 0x00	; 0
    3068:	90 e0       	ldi	r25, 0x00	; 0
    306a:	0e 94 b7 2e 	call	0x5d6e	; 0x5d6e <__floatunsisf>
    306e:	20 e0       	ldi	r18, 0x00	; 0
    3070:	30 e0       	ldi	r19, 0x00	; 0
    3072:	40 e0       	ldi	r20, 0x00	; 0
    3074:	5e e3       	ldi	r21, 0x3E	; 62
    3076:	0e 94 45 2f 	call	0x5e8a	; 0x5e8a <__mulsf3>
    307a:	0e 94 88 2e 	call	0x5d10	; 0x5d10 <__fixunssfsi>
    307e:	77 bd       	out	0x27, r23	; 39
    3080:	66 bd       	out	0x26, r22	; 38
    3082:	c6 b5       	in	r28, 0x26	; 38
    3084:	d7 b5       	in	r29, 0x27	; 39
    3086:	61 2f       	mov	r22, r17
    3088:	70 e0       	ldi	r23, 0x00	; 0
    308a:	80 e0       	ldi	r24, 0x00	; 0
    308c:	90 e0       	ldi	r25, 0x00	; 0
    308e:	0e 94 b9 2e 	call	0x5d72	; 0x5d72 <__floatsisf>
    3092:	28 eb       	ldi	r18, 0xB8	; 184
    3094:	3e e1       	ldi	r19, 0x1E	; 30
    3096:	45 e0       	ldi	r20, 0x05	; 5
    3098:	5f e3       	ldi	r21, 0x3F	; 63
    309a:	0e 94 45 2f 	call	0x5e8a	; 0x5e8a <__mulsf3>
    309e:	6b 01       	movw	r12, r22
    30a0:	7c 01       	movw	r14, r24
    30a2:	be 01       	movw	r22, r28
    30a4:	80 e0       	ldi	r24, 0x00	; 0
    30a6:	90 e0       	ldi	r25, 0x00	; 0
    30a8:	0e 94 b7 2e 	call	0x5d6e	; 0x5d6e <__floatunsisf>
    30ac:	9b 01       	movw	r18, r22
    30ae:	ac 01       	movw	r20, r24
    30b0:	c7 01       	movw	r24, r14
    30b2:	b6 01       	movw	r22, r12
    30b4:	0e 94 45 2f 	call	0x5e8a	; 0x5e8a <__mulsf3>
    30b8:	2a e0       	ldi	r18, 0x0A	; 10
    30ba:	37 ed       	ldi	r19, 0xD7	; 215
    30bc:	43 e2       	ldi	r20, 0x23	; 35
    30be:	5c e3       	ldi	r21, 0x3C	; 60
    30c0:	0e 94 45 2f 	call	0x5e8a	; 0x5e8a <__mulsf3>
    30c4:	0e 94 88 2e 	call	0x5d10	; 0x5d10 <__fixunssfsi>
    30c8:	70 93 79 00 	sts	0x0079, r23	; 0x800079 <__TEXT_REGION_LENGTH__+0x7f0079>
    30cc:	60 93 78 00 	sts	0x0078, r22	; 0x800078 <__TEXT_REGION_LENGTH__+0x7f0078>
    30d0:	df 91       	pop	r29
    30d2:	cf 91       	pop	r28
    30d4:	1f 91       	pop	r17
    30d6:	ff 90       	pop	r15
    30d8:	ef 90       	pop	r14
    30da:	df 90       	pop	r13
    30dc:	cf 90       	pop	r12
    30de:	08 95       	ret

000030e0 <pwm2_set_DutyCyclePercent>:

void pwm2_set_DutyCyclePercent(const uint8_t _DutyCyclePercent)
{
    30e0:	cf 92       	push	r12
    30e2:	df 92       	push	r13
    30e4:	ef 92       	push	r14
    30e6:	ff 92       	push	r15
    30e8:	cf 93       	push	r28
    30ea:	df 93       	push	r29
	OCR1C = _DutyCyclePercent * 0.52 * ICR1 * 0.01;
    30ec:	c6 b5       	in	r28, 0x26	; 38
    30ee:	d7 b5       	in	r29, 0x27	; 39
    30f0:	68 2f       	mov	r22, r24
    30f2:	70 e0       	ldi	r23, 0x00	; 0
    30f4:	80 e0       	ldi	r24, 0x00	; 0
    30f6:	90 e0       	ldi	r25, 0x00	; 0
    30f8:	0e 94 b9 2e 	call	0x5d72	; 0x5d72 <__floatsisf>
    30fc:	28 eb       	ldi	r18, 0xB8	; 184
    30fe:	3e e1       	ldi	r19, 0x1E	; 30
    3100:	45 e0       	ldi	r20, 0x05	; 5
    3102:	5f e3       	ldi	r21, 0x3F	; 63
    3104:	0e 94 45 2f 	call	0x5e8a	; 0x5e8a <__mulsf3>
    3108:	6b 01       	movw	r12, r22
    310a:	7c 01       	movw	r14, r24
    310c:	be 01       	movw	r22, r28
    310e:	80 e0       	ldi	r24, 0x00	; 0
    3110:	90 e0       	ldi	r25, 0x00	; 0
    3112:	0e 94 b7 2e 	call	0x5d6e	; 0x5d6e <__floatunsisf>
    3116:	9b 01       	movw	r18, r22
    3118:	ac 01       	movw	r20, r24
    311a:	c7 01       	movw	r24, r14
    311c:	b6 01       	movw	r22, r12
    311e:	0e 94 45 2f 	call	0x5e8a	; 0x5e8a <__mulsf3>
    3122:	2a e0       	ldi	r18, 0x0A	; 10
    3124:	37 ed       	ldi	r19, 0xD7	; 215
    3126:	43 e2       	ldi	r20, 0x23	; 35
    3128:	5c e3       	ldi	r21, 0x3C	; 60
    312a:	0e 94 45 2f 	call	0x5e8a	; 0x5e8a <__mulsf3>
    312e:	0e 94 88 2e 	call	0x5d10	; 0x5d10 <__fixunssfsi>
    3132:	70 93 79 00 	sts	0x0079, r23	; 0x800079 <__TEXT_REGION_LENGTH__+0x7f0079>
    3136:	60 93 78 00 	sts	0x0078, r22	; 0x800078 <__TEXT_REGION_LENGTH__+0x7f0078>
    313a:	df 91       	pop	r29
    313c:	cf 91       	pop	r28
    313e:	ff 90       	pop	r15
    3140:	ef 90       	pop	r14
    3142:	df 90       	pop	r13
    3144:	cf 90       	pop	r12
    3146:	08 95       	ret

00003148 <SPI_Init>:
// Initialize the SPI as master
void SPI_Init(void)
{
	

	 	MCP2515_SS0_DDR |= (1 << MCP2515_SS0_PIN);
    3148:	a6 9a       	sbi	0x14, 6	; 20
	 	MCP2515_SS0_PORT |= (1 << MCP2515_SS0_PIN);      //kh?i ??ng chân SS là output và xu?t 1 tr??c khi kh?i ??ng SPI
    314a:	ae 9a       	sbi	0x15, 6	; 21
		   
	// make the MOSI, SCK, and SS pins outputs
	SPI_DDR |= ( 1 << SPI_MOSI ) | ( 1 << SPI_SCK ) ;
    314c:	87 b3       	in	r24, 0x17	; 23
    314e:	86 60       	ori	r24, 0x06	; 6
    3150:	87 bb       	out	0x17, r24	; 23

	// make sure the MISO pin is input
	SPI_DDR &= ~( 1 << SPI_MISO );
    3152:	bb 98       	cbi	0x17, 3	; 23

	// set up the SPI module: SPI enabled, MSB first, master mode,
	//  clock polarity and phase = 0, F_osc/16
	SPI_SPCR |= ( 1 << SPI_SPE ) | ( 1 << SPI_MSTR ) | ( 1 << SPI_SPR0 );
    3154:	8d b1       	in	r24, 0x0d	; 13
    3156:	81 65       	ori	r24, 0x51	; 81
    3158:	8d b9       	out	0x0d, r24	; 13
    315a:	08 95       	ret

0000315c <SPI_SendByte>:

// Transfer a byte of data
uint8_t SPI_SendByte( uint8_t data )
{
	// Start transmission
	SPDR = data;
    315c:	8f b9       	out	0x0f, r24	; 15
//	SPDR = 01;

	// Wait for the transmission to complete
	while (!(SPSR & (1 << SPIF)));
    315e:	77 9b       	sbis	0x0e, 7	; 14
    3160:	fe cf       	rjmp	.-4      	; 0x315e <SPI_SendByte+0x2>

	// return the byte received from the slave
	return SPDR;
    3162:	8f b1       	in	r24, 0x0f	; 15
}
    3164:	08 95       	ret

00003166 <SPI_ReadByte>:

// Transfer a byte of data
uint8_t SPI_ReadByte( void )
{
	// Start transmission
	SPDR = 0xFF;
    3166:	8f ef       	ldi	r24, 0xFF	; 255
    3168:	8f b9       	out	0x0f, r24	; 15

	// Wait for the transmission to complete
	spi_wait();
    316a:	77 9b       	sbis	0x0e, 7	; 14
    316c:	fe cf       	rjmp	.-4      	; 0x316a <SPI_ReadByte+0x4>

	// return the byte received from the slave
	return SPDR;
    316e:	8f b1       	in	r24, 0x0f	; 15
}
    3170:	08 95       	ret

00003172 <SPI_RxBuffer>:
void SPI_RxBuffer(uint8_t *buffer, uint8_t length)
{
	uint8_t i;
	uint32_t timeout_counter;

	for (i = 0; i < length; i++) {
    3172:	66 23       	and	r22, r22
    3174:	f1 f0       	breq	.+60     	; 0x31b2 <SPI_RxBuffer+0x40>
    3176:	fc 01       	movw	r30, r24
    3178:	61 50       	subi	r22, 0x01	; 1
    317a:	26 2f       	mov	r18, r22
    317c:	30 e0       	ldi	r19, 0x00	; 0
    317e:	2f 5f       	subi	r18, 0xFF	; 255
    3180:	3f 4f       	sbci	r19, 0xFF	; 255
    3182:	28 0f       	add	r18, r24
    3184:	39 1f       	adc	r19, r25
		// Send dummy data to initiate SPI clock
		SPDR = 0xFF;
    3186:	4f ef       	ldi	r20, 0xFF	; 255
    3188:	4f b9       	out	0x0f, r20	; 15
		
		// Wait for reception complete with timeout
		timeout_counter = 0;
		while (!(SPSR & (1<<SPIF))) {
    318a:	80 e0       	ldi	r24, 0x00	; 0
    318c:	90 e0       	ldi	r25, 0x00	; 0
    318e:	09 c0       	rjmp	.+18     	; 0x31a2 <SPI_RxBuffer+0x30>
	#else
		//round up by default
		__ticks_dc = (uint32_t)(ceil(fabs(__tmp)));
	#endif

	__builtin_avr_delay_cycles(__ticks_dc);
    3190:	52 e0       	ldi	r21, 0x02	; 2
    3192:	5a 95       	dec	r21
    3194:	f1 f7       	brne	.-4      	; 0x3192 <SPI_RxBuffer+0x20>
    3196:	00 c0       	rjmp	.+0      	; 0x3198 <SPI_RxBuffer+0x26>
    3198:	01 96       	adiw	r24, 0x01	; 1
			_delay_us(1);
			timeout_counter++;
			if (timeout_counter > 10000) {
    319a:	81 31       	cpi	r24, 0x11	; 17
    319c:	57 e2       	ldi	r21, 0x27	; 39
    319e:	95 07       	cpc	r25, r21
    31a0:	11 f0       	breq	.+4      	; 0x31a6 <SPI_RxBuffer+0x34>
		// Send dummy data to initiate SPI clock
		SPDR = 0xFF;
		
		// Wait for reception complete with timeout
		timeout_counter = 0;
		while (!(SPSR & (1<<SPIF))) {
    31a2:	77 9b       	sbis	0x0e, 7	; 14
    31a4:	f5 cf       	rjmp	.-22     	; 0x3190 <SPI_RxBuffer+0x1e>
				break;
			}
		}
		
		// Read received data
		buffer[i] = SPDR;
    31a6:	8f b1       	in	r24, 0x0f	; 15
    31a8:	81 93       	st	Z+, r24
void SPI_RxBuffer(uint8_t *buffer, uint8_t length)
{
	uint8_t i;
	uint32_t timeout_counter;

	for (i = 0; i < length; i++) {
    31aa:	e2 17       	cp	r30, r18
    31ac:	f3 07       	cpc	r31, r19
    31ae:	61 f7       	brne	.-40     	; 0x3188 <SPI_RxBuffer+0x16>
    31b0:	08 95       	ret
    31b2:	08 95       	ret

000031b4 <SPI_TxBuffer>:
void SPI_TxBuffer(uint8_t *buffer, uint8_t length)
{
	uint8_t i;
	uint32_t timeout_counter;

	for (i = 0; i < length; i++)
    31b4:	66 23       	and	r22, r22
    31b6:	e1 f0       	breq	.+56     	; 0x31f0 <SPI_TxBuffer+0x3c>
    31b8:	fc 01       	movw	r30, r24
    31ba:	61 50       	subi	r22, 0x01	; 1
    31bc:	26 2f       	mov	r18, r22
    31be:	30 e0       	ldi	r19, 0x00	; 0
    31c0:	2f 5f       	subi	r18, 0xFF	; 255
    31c2:	3f 4f       	sbci	r19, 0xFF	; 255
    31c4:	28 0f       	add	r18, r24
    31c6:	39 1f       	adc	r19, r25
	{
		// Load data into the buffer
		SPDR = buffer[i];
    31c8:	81 91       	ld	r24, Z+
    31ca:	8f b9       	out	0x0f, r24	; 15

		// Wait for transmission complete with timeout
		timeout_counter = 0;
		while (!(SPSR & (1<<SPIF)))
    31cc:	80 e0       	ldi	r24, 0x00	; 0
    31ce:	90 e0       	ldi	r25, 0x00	; 0
    31d0:	09 c0       	rjmp	.+18     	; 0x31e4 <SPI_TxBuffer+0x30>
    31d2:	42 e0       	ldi	r20, 0x02	; 2
    31d4:	4a 95       	dec	r20
    31d6:	f1 f7       	brne	.-4      	; 0x31d4 <SPI_TxBuffer+0x20>
    31d8:	00 c0       	rjmp	.+0      	; 0x31da <SPI_TxBuffer+0x26>
    31da:	01 96       	adiw	r24, 0x01	; 1
		{
			_delay_us(1);
			timeout_counter++;
			if (timeout_counter > 10000)
    31dc:	81 31       	cpi	r24, 0x11	; 17
    31de:	47 e2       	ldi	r20, 0x27	; 39
    31e0:	94 07       	cpc	r25, r20
    31e2:	11 f0       	breq	.+4      	; 0x31e8 <SPI_TxBuffer+0x34>
		// Load data into the buffer
		SPDR = buffer[i];

		// Wait for transmission complete with timeout
		timeout_counter = 0;
		while (!(SPSR & (1<<SPIF)))
    31e4:	77 9b       	sbis	0x0e, 7	; 14
    31e6:	f5 cf       	rjmp	.-22     	; 0x31d2 <SPI_TxBuffer+0x1e>
void SPI_TxBuffer(uint8_t *buffer, uint8_t length)
{
	uint8_t i;
	uint32_t timeout_counter;

	for (i = 0; i < length; i++)
    31e8:	e2 17       	cp	r30, r18
    31ea:	f3 07       	cpc	r31, r19
    31ec:	69 f7       	brne	.-38     	; 0x31c8 <SPI_TxBuffer+0x14>
    31ee:	08 95       	ret
    31f0:	08 95       	ret

000031f2 <timer_start_timer0>:
    31f2:	83 b7       	in	r24, 0x33	; 51
    31f4:	84 60       	ori	r24, 0x04	; 4
    31f6:	83 bf       	out	0x33, r24	; 51
    31f8:	87 b7       	in	r24, 0x37	; 55
    31fa:	82 60       	ori	r24, 0x02	; 2
    31fc:	87 bf       	out	0x37, r24	; 55
    31fe:	78 94       	sei
    3200:	08 95       	ret

00003202 <timer_timer0_init>:
    3202:	83 b7       	in	r24, 0x33	; 51
    3204:	88 60       	ori	r24, 0x08	; 8
    3206:	83 bf       	out	0x33, r24	; 51
    3208:	12 be       	out	0x32, r1	; 50
    320a:	8c e7       	ldi	r24, 0x7C	; 124
    320c:	81 bf       	out	0x31, r24	; 49
    320e:	08 95       	ret

00003210 <twi_start>:
  bool flag = twi_timed_out_flag;
  if (clear_flag){
    twi_timed_out_flag = false;
  }
  return(flag);
}
    3210:	84 ea       	ldi	r24, 0xA4	; 164
    3212:	80 93 74 00 	sts	0x0074, r24	; 0x800074 <__TEXT_REGION_LENGTH__+0x7f0074>
    3216:	8a ef       	ldi	r24, 0xFA	; 250
    3218:	02 c0       	rjmp	.+4      	; 0x321e <twi_start+0xe>
    321a:	81 50       	subi	r24, 0x01	; 1
    321c:	31 f0       	breq	.+12     	; 0x322a <twi_start+0x1a>
    321e:	90 91 74 00 	lds	r25, 0x0074	; 0x800074 <__TEXT_REGION_LENGTH__+0x7f0074>
    3222:	97 ff       	sbrs	r25, 7
    3224:	fa cf       	rjmp	.-12     	; 0x321a <twi_start+0xa>
    3226:	80 e0       	ldi	r24, 0x00	; 0
    3228:	08 95       	ret
    322a:	81 e0       	ldi	r24, 0x01	; 1
    322c:	08 95       	ret

0000322e <twi_stop>:
    322e:	84 e9       	ldi	r24, 0x94	; 148
    3230:	80 93 74 00 	sts	0x0074, r24	; 0x800074 <__TEXT_REGION_LENGTH__+0x7f0074>
    3234:	2a ef       	ldi	r18, 0xFA	; 250
    3236:	02 c0       	rjmp	.+4      	; 0x323c <twi_stop+0xe>
    3238:	21 50       	subi	r18, 0x01	; 1
    323a:	39 f0       	breq	.+14     	; 0x324a <twi_stop+0x1c>
    323c:	90 91 74 00 	lds	r25, 0x0074	; 0x800074 <__TEXT_REGION_LENGTH__+0x7f0074>
    3240:	89 2f       	mov	r24, r25
    3242:	80 71       	andi	r24, 0x10	; 16
    3244:	94 fd       	sbrc	r25, 4
    3246:	f8 cf       	rjmp	.-16     	; 0x3238 <twi_stop+0xa>
    3248:	08 95       	ret
    324a:	81 e0       	ldi	r24, 0x01	; 1
    324c:	08 95       	ret

0000324e <twi_write>:
    324e:	80 93 73 00 	sts	0x0073, r24	; 0x800073 <__TEXT_REGION_LENGTH__+0x7f0073>
    3252:	84 e8       	ldi	r24, 0x84	; 132
    3254:	80 93 74 00 	sts	0x0074, r24	; 0x800074 <__TEXT_REGION_LENGTH__+0x7f0074>
    3258:	8a ef       	ldi	r24, 0xFA	; 250
    325a:	02 c0       	rjmp	.+4      	; 0x3260 <twi_write+0x12>
    325c:	81 50       	subi	r24, 0x01	; 1
    325e:	31 f0       	breq	.+12     	; 0x326c <twi_write+0x1e>
    3260:	90 91 74 00 	lds	r25, 0x0074	; 0x800074 <__TEXT_REGION_LENGTH__+0x7f0074>
    3264:	97 ff       	sbrs	r25, 7
    3266:	fa cf       	rjmp	.-12     	; 0x325c <twi_write+0xe>
    3268:	80 e0       	ldi	r24, 0x00	; 0
    326a:	08 95       	ret
    326c:	81 e0       	ldi	r24, 0x01	; 1
    326e:	08 95       	ret

00003270 <twi_read_ack>:
    3270:	84 ec       	ldi	r24, 0xC4	; 196
    3272:	80 93 74 00 	sts	0x0074, r24	; 0x800074 <__TEXT_REGION_LENGTH__+0x7f0074>
    3276:	8a ef       	ldi	r24, 0xFA	; 250
    3278:	02 c0       	rjmp	.+4      	; 0x327e <twi_read_ack+0xe>
    327a:	81 50       	subi	r24, 0x01	; 1
    327c:	41 f0       	breq	.+16     	; 0x328e <twi_read_ack+0x1e>
    327e:	90 91 74 00 	lds	r25, 0x0074	; 0x800074 <__TEXT_REGION_LENGTH__+0x7f0074>
    3282:	97 ff       	sbrs	r25, 7
    3284:	fa cf       	rjmp	.-12     	; 0x327a <twi_read_ack+0xa>
    3286:	80 91 73 00 	lds	r24, 0x0073	; 0x800073 <__TEXT_REGION_LENGTH__+0x7f0073>
    328a:	90 e0       	ldi	r25, 0x00	; 0
    328c:	08 95       	ret
    328e:	80 e0       	ldi	r24, 0x00	; 0
    3290:	91 e0       	ldi	r25, 0x01	; 1
    3292:	08 95       	ret

00003294 <twi_read_nack>:
    3294:	84 e8       	ldi	r24, 0x84	; 132
    3296:	80 93 74 00 	sts	0x0074, r24	; 0x800074 <__TEXT_REGION_LENGTH__+0x7f0074>
    329a:	8a ef       	ldi	r24, 0xFA	; 250
    329c:	02 c0       	rjmp	.+4      	; 0x32a2 <twi_read_nack+0xe>
    329e:	81 50       	subi	r24, 0x01	; 1
    32a0:	41 f0       	breq	.+16     	; 0x32b2 <twi_read_nack+0x1e>
    32a2:	90 91 74 00 	lds	r25, 0x0074	; 0x800074 <__TEXT_REGION_LENGTH__+0x7f0074>
    32a6:	97 ff       	sbrs	r25, 7
    32a8:	fa cf       	rjmp	.-12     	; 0x329e <twi_read_nack+0xa>
    32aa:	80 91 73 00 	lds	r24, 0x0073	; 0x800073 <__TEXT_REGION_LENGTH__+0x7f0073>
    32ae:	90 e0       	ldi	r25, 0x00	; 0
    32b0:	08 95       	ret
    32b2:	80 e0       	ldi	r24, 0x00	; 0
    32b4:	91 e0       	ldi	r25, 0x01	; 1
    32b6:	08 95       	ret

000032b8 <__vector_33>:

ISR(TWI_vect)
{
    32b8:	1f 92       	push	r1
    32ba:	0f 92       	push	r0
    32bc:	0f b6       	in	r0, 0x3f	; 63
    32be:	0f 92       	push	r0
    32c0:	11 24       	eor	r1, r1
    32c2:	2f 93       	push	r18
    32c4:	3f 93       	push	r19
    32c6:	4f 93       	push	r20
    32c8:	5f 93       	push	r21
    32ca:	6f 93       	push	r22
    32cc:	7f 93       	push	r23
    32ce:	8f 93       	push	r24
    32d0:	9f 93       	push	r25
    32d2:	af 93       	push	r26
    32d4:	bf 93       	push	r27
    32d6:	ef 93       	push	r30
    32d8:	ff 93       	push	r31
  switch(TW_STATUS){
    32da:	80 91 71 00 	lds	r24, 0x0071	; 0x800071 <__TEXT_REGION_LENGTH__+0x7f0071>
    32de:	e8 2f       	mov	r30, r24
    32e0:	e8 7f       	andi	r30, 0xF8	; 248
    32e2:	8e 2f       	mov	r24, r30
    32e4:	90 e0       	ldi	r25, 0x00	; 0
    32e6:	89 3c       	cpi	r24, 0xC9	; 201
    32e8:	91 05       	cpc	r25, r1
    32ea:	78 f5       	brcc	.+94     	; 0x334a <__vector_33+0x92>
    32ec:	fc 01       	movw	r30, r24
    32ee:	e7 5a       	subi	r30, 0xA7	; 167
    32f0:	ff 4f       	sbci	r31, 0xFF	; 255
    32f2:	0c 94 61 33 	jmp	0x66c2	; 0x66c2 <__tablejump2__>
    // Slave Transmitter
	//-------------------------------------------------------------------------------------------------------------------------------
    case TW_ST_SLA_ACK:          // addressed, returned ack
    case TW_ST_ARB_LOST_SLA_ACK: // arbitration lost, returned ack
      // enter slave transmitter mode
      twi_state = TWI_STX;
    32f6:	84 e0       	ldi	r24, 0x04	; 4
    32f8:	80 93 cc 09 	sts	0x09CC, r24	; 0x8009cc <twi_state>
      // ready the tx buffer index for iteration
      twi_slv_txBufferIndex = 0;
    32fc:	10 92 a8 09 	sts	0x09A8, r1	; 0x8009a8 <twi_slv_txBufferIndex>
      // set tx buffer length to be zero, to verify if user changes it
      twi_slv_txBufferLength = 0;
    3300:	10 92 a7 09 	sts	0x09A7, r1	; 0x8009a7 <twi_slv_txBufferLength>
      // request for txBuffer to be filled and length to be set
      // note: user must call twi_transmit(bytes, length) to do this
      twi_onSlaveTransmit();
    3304:	e0 91 c7 09 	lds	r30, 0x09C7	; 0x8009c7 <twi_onSlaveTransmit>
    3308:	f0 91 c8 09 	lds	r31, 0x09C8	; 0x8009c8 <twi_onSlaveTransmit+0x1>
    330c:	09 95       	icall
      // if they didn't change buffer & length, initialize it
      if(0 == twi_slv_txBufferLength){
    330e:	80 91 a7 09 	lds	r24, 0x09A7	; 0x8009a7 <twi_slv_txBufferLength>
    3312:	81 11       	cpse	r24, r1
    3314:	05 c0       	rjmp	.+10     	; 0x3320 <__vector_33+0x68>
        twi_slv_txBufferLength = 1;
    3316:	81 e0       	ldi	r24, 0x01	; 1
    3318:	80 93 a7 09 	sts	0x09A7, r24	; 0x8009a7 <twi_slv_txBufferLength>
        twi_slv_txBuffer[0] = 0x00;
    331c:	10 92 a9 09 	sts	0x09A9, r1	; 0x8009a9 <twi_slv_txBuffer>
      }
      //__attribute__ ((fallthrough));		  
      // transmit first byte from buffer, fall
    case TW_ST_DATA_ACK: // byte sent, ack returned
      // copy data to output register
      TWDR = twi_slv_txBuffer[twi_slv_txBufferIndex++];
    3320:	e0 91 a8 09 	lds	r30, 0x09A8	; 0x8009a8 <twi_slv_txBufferIndex>
    3324:	81 e0       	ldi	r24, 0x01	; 1
    3326:	8e 0f       	add	r24, r30
    3328:	80 93 a8 09 	sts	0x09A8, r24	; 0x8009a8 <twi_slv_txBufferIndex>
    332c:	f0 e0       	ldi	r31, 0x00	; 0
    332e:	e7 55       	subi	r30, 0x57	; 87
    3330:	f6 4f       	sbci	r31, 0xF6	; 246
    3332:	80 81       	ld	r24, Z
    3334:	80 93 73 00 	sts	0x0073, r24	; 0x800073 <__TEXT_REGION_LENGTH__+0x7f0073>
      // if there is more to send, ack, otherwise nack
      if(twi_slv_txBufferIndex < twi_slv_txBufferLength){
    3338:	90 91 a8 09 	lds	r25, 0x09A8	; 0x8009a8 <twi_slv_txBufferIndex>
    333c:	80 91 a7 09 	lds	r24, 0x09A7	; 0x8009a7 <twi_slv_txBufferLength>
    3340:	98 17       	cp	r25, r24
    3342:	30 f5       	brcc	.+76     	; 0x3390 <__vector_33+0xd8>
 */
void twi_reply(uint8_t ack)
{
  // transmit master read ready signal, with or without ack
  if(ack){
    TWCR = (1<<TWEN) | (1<<TWIE) | (1<<TWINT) | (1<<TWEA);
    3344:	85 ec       	ldi	r24, 0xC5	; 197
    3346:	80 93 74 00 	sts	0x0074, r24	; 0x800074 <__TEXT_REGION_LENGTH__+0x7f0074>
    case TW_BUS_ERROR: // bus error, illegal stop/start
      twi_error = TW_BUS_ERROR;
      twi_stop();
      break;
  }
}
    334a:	ff 91       	pop	r31
    334c:	ef 91       	pop	r30
    334e:	bf 91       	pop	r27
    3350:	af 91       	pop	r26
    3352:	9f 91       	pop	r25
    3354:	8f 91       	pop	r24
    3356:	7f 91       	pop	r23
    3358:	6f 91       	pop	r22
    335a:	5f 91       	pop	r21
    335c:	4f 91       	pop	r20
    335e:	3f 91       	pop	r19
    3360:	2f 91       	pop	r18
    3362:	0f 90       	pop	r0
    3364:	0f be       	out	0x3f, r0	; 63
    3366:	0f 90       	pop	r0
    3368:	1f 90       	pop	r1
    336a:	18 95       	reti
	//-------------------------------------------------------------------------------------------------------------------------------
    // Master Receiver
	//-------------------------------------------------------------------------------------------------------------------------------
    case TW_MR_DATA_ACK: // data received, ack sent
      // put byte into buffer
      twi_master_rxBuffer[twi_master_rxBufferIndex++] = TWDR;
    336c:	e0 91 b2 09 	lds	r30, 0x09B2	; 0x8009b2 <twi_master_rxBufferIndex>
    3370:	81 e0       	ldi	r24, 0x01	; 1
    3372:	8e 0f       	add	r24, r30
    3374:	80 93 b2 09 	sts	0x09B2, r24	; 0x8009b2 <twi_master_rxBufferIndex>
    3378:	80 91 73 00 	lds	r24, 0x0073	; 0x800073 <__TEXT_REGION_LENGTH__+0x7f0073>
    337c:	f0 e0       	ldi	r31, 0x00	; 0
    337e:	ed 54       	subi	r30, 0x4D	; 77
    3380:	f6 4f       	sbci	r31, 0xF6	; 246
    3382:	80 83       	st	Z, r24
      //__attribute__ ((fallthrough));
    case TW_MR_SLA_ACK:  // address sent, ack received
      // ack if more bytes are expected, otherwise nack
      if(twi_master_rxBufferIndex < twi_master_rxBufferLength){
    3384:	90 91 b2 09 	lds	r25, 0x09B2	; 0x8009b2 <twi_master_rxBufferIndex>
    3388:	80 91 b1 09 	lds	r24, 0x09B1	; 0x8009b1 <twi_master_rxBufferLength>
    338c:	98 17       	cp	r25, r24
    338e:	d0 f2       	brcs	.-76     	; 0x3344 <__vector_33+0x8c>
{
  // transmit master read ready signal, with or without ack
  if(ack){
    TWCR = (1<<TWEN) | (1<<TWIE) | (1<<TWINT) | (1<<TWEA);
  }else{
    TWCR = (1<<TWEN) | (1<<TWIE) | (1<<TWINT);
    3390:	85 e8       	ldi	r24, 0x85	; 133
    3392:	80 93 74 00 	sts	0x0074, r24	; 0x800074 <__TEXT_REGION_LENGTH__+0x7f0074>
    3396:	d9 cf       	rjmp	.-78     	; 0x334a <__vector_33+0x92>
    case TW_MT_SLA_NACK:  // address sent, nack received
      twi_error = TW_MT_SLA_NACK;
      twi_stop();
      break;
    case TW_MT_DATA_NACK: // data sent, nack received
      twi_error = TW_MT_DATA_NACK;
    3398:	80 e3       	ldi	r24, 0x30	; 48
    339a:	80 93 9d 09 	sts	0x099D, r24	; 0x80099d <twi_error>
	}
	return 0;
}

uint8_t twi_stop(void) {
	TWCR = (1 << TWINT) | (1 << TWSTO) | (1 << TWEN);
    339e:	84 e9       	ldi	r24, 0x94	; 148
    33a0:	80 93 74 00 	sts	0x0074, r24	; 0x800074 <__TEXT_REGION_LENGTH__+0x7f0074>
    33a4:	8a ef       	ldi	r24, 0xFA	; 250
    33a6:	02 c0       	rjmp	.+4      	; 0x33ac <__vector_33+0xf4>
    33a8:	81 50       	subi	r24, 0x01	; 1
	uint8_t timeout = 250;
	while (TWCR & (1 << TWSTO))
	{
		if(-- timeout == 0)
    33aa:	79 f2       	breq	.-98     	; 0x334a <__vector_33+0x92>
}

uint8_t twi_stop(void) {
	TWCR = (1 << TWINT) | (1 << TWSTO) | (1 << TWEN);
	uint8_t timeout = 250;
	while (TWCR & (1 << TWSTO))
    33ac:	90 91 74 00 	lds	r25, 0x0074	; 0x800074 <__TEXT_REGION_LENGTH__+0x7f0074>
    33b0:	94 fd       	sbrc	r25, 4
    33b2:	fa cf       	rjmp	.-12     	; 0x33a8 <__vector_33+0xf0>
    33b4:	ca cf       	rjmp	.-108    	; 0x334a <__vector_33+0x92>
    case TW_MT_DATA_NACK: // data sent, nack received
      twi_error = TW_MT_DATA_NACK;
      twi_stop();
      break;
    case TW_MT_ARB_LOST: // lost bus arbitration
      twi_error = TW_MT_ARB_LOST;
    33b6:	88 e3       	ldi	r24, 0x38	; 56
    33b8:	80 93 9d 09 	sts	0x099D, r24	; 0x80099d <twi_error>
 * Output   none
 */
void twi_releaseBus(void)
{
  // release bus
  TWCR = (1<<TWEN) | (1<<TWIE) | (1<<TWEA) | (1<<TWINT);
    33bc:	85 ec       	ldi	r24, 0xC5	; 197
    33be:	80 93 74 00 	sts	0x0074, r24	; 0x800074 <__TEXT_REGION_LENGTH__+0x7f0074>

  // update twi state
  twi_state = TWI_READY;
    33c2:	10 92 cc 09 	sts	0x09CC, r1	; 0x8009cc <twi_state>
    33c6:	c1 cf       	rjmp	.-126    	; 0x334a <__vector_33+0x92>
        twi_reply(0);
      }
      break;
    case TW_MR_DATA_NACK: // data received, nack sent
      // put final byte into buffer
      twi_master_rxBuffer[twi_master_rxBufferIndex++] = TWDR;
    33c8:	e0 91 b2 09 	lds	r30, 0x09B2	; 0x8009b2 <twi_master_rxBufferIndex>
    33cc:	81 e0       	ldi	r24, 0x01	; 1
    33ce:	8e 0f       	add	r24, r30
    33d0:	80 93 b2 09 	sts	0x09B2, r24	; 0x8009b2 <twi_master_rxBufferIndex>
    33d4:	80 91 73 00 	lds	r24, 0x0073	; 0x800073 <__TEXT_REGION_LENGTH__+0x7f0073>
    33d8:	f0 e0       	ldi	r31, 0x00	; 0
    33da:	ed 54       	subi	r30, 0x4D	; 77
    33dc:	f6 4f       	sbci	r31, 0xF6	; 246
    33de:	80 83       	st	Z, r24
      if (twi_sendStop){
    33e0:	80 91 ca 09 	lds	r24, 0x09CA	; 0x8009ca <twi_sendStop>
    33e4:	88 23       	and	r24, r24
    33e6:	09 f4       	brne	.+2      	; 0x33ea <__vector_33+0x132>
    33e8:	97 c0       	rjmp	.+302    	; 0x3518 <__vector_33+0x260>
	}
	return 0;
}

uint8_t twi_stop(void) {
	TWCR = (1 << TWINT) | (1 << TWSTO) | (1 << TWEN);
    33ea:	84 e9       	ldi	r24, 0x94	; 148
    33ec:	80 93 74 00 	sts	0x0074, r24	; 0x800074 <__TEXT_REGION_LENGTH__+0x7f0074>
    33f0:	8a ef       	ldi	r24, 0xFA	; 250
    33f2:	03 c0       	rjmp	.+6      	; 0x33fa <__vector_33+0x142>
    33f4:	81 50       	subi	r24, 0x01	; 1
	uint8_t timeout = 250;
	while (TWCR & (1 << TWSTO))
	{
		if(-- timeout == 0)
    33f6:	09 f4       	brne	.+2      	; 0x33fa <__vector_33+0x142>
    33f8:	a8 cf       	rjmp	.-176    	; 0x334a <__vector_33+0x92>
}

uint8_t twi_stop(void) {
	TWCR = (1 << TWINT) | (1 << TWSTO) | (1 << TWEN);
	uint8_t timeout = 250;
	while (TWCR & (1 << TWSTO))
    33fa:	90 91 74 00 	lds	r25, 0x0074	; 0x800074 <__TEXT_REGION_LENGTH__+0x7f0074>
    33fe:	94 fd       	sbrc	r25, 4
    3400:	f9 cf       	rjmp	.-14     	; 0x33f4 <__vector_33+0x13c>
    3402:	a3 cf       	rjmp	.-186    	; 0x334a <__vector_33+0x92>
    case TW_SR_SLA_ACK:   // addressed, returned ack
    case TW_SR_GCALL_ACK: // addressed generally, returned ack
    case TW_SR_ARB_LOST_SLA_ACK:   // lost arbitration, returned ack
    case TW_SR_ARB_LOST_GCALL_ACK: // lost arbitration, returned ack
      // enter slave receiver mode
      twi_state = TWI_SRX;
    3404:	83 e0       	ldi	r24, 0x03	; 3
    3406:	80 93 cc 09 	sts	0x09CC, r24	; 0x8009cc <twi_state>
      // indicate that rx buffer can be overwritten and ack
      twi_slv_rxBufferIndex = 0;
    340a:	10 92 9e 09 	sts	0x099E, r1	; 0x80099e <twi_slv_rxBufferIndex>
    340e:	9a cf       	rjmp	.-204    	; 0x3344 <__vector_33+0x8c>
      twi_reply(1);
      break;
    case TW_SR_DATA_ACK:       // data received, returned ack
    case TW_SR_GCALL_DATA_ACK: // data received generally, returned ack
      // if there is still room in the rx buffer
      if(twi_slv_rxBufferIndex < TWI_BUFFER_LENGTH){
    3410:	80 91 9e 09 	lds	r24, 0x099E	; 0x80099e <twi_slv_rxBufferIndex>
    3414:	88 30       	cpi	r24, 0x08	; 8
    3416:	08 f0       	brcs	.+2      	; 0x341a <__vector_33+0x162>
    3418:	bb cf       	rjmp	.-138    	; 0x3390 <__vector_33+0xd8>
        // put byte in buffer and ack
        twi_slv_rxBuffer[twi_slv_rxBufferIndex++] = TWDR;
    341a:	e0 91 9e 09 	lds	r30, 0x099E	; 0x80099e <twi_slv_rxBufferIndex>
    341e:	81 e0       	ldi	r24, 0x01	; 1
    3420:	8e 0f       	add	r24, r30
    3422:	80 93 9e 09 	sts	0x099E, r24	; 0x80099e <twi_slv_rxBufferIndex>
    3426:	80 91 73 00 	lds	r24, 0x0073	; 0x800073 <__TEXT_REGION_LENGTH__+0x7f0073>
    342a:	f0 e0       	ldi	r31, 0x00	; 0
    342c:	e1 56       	subi	r30, 0x61	; 97
    342e:	f6 4f       	sbci	r31, 0xF6	; 246
    3430:	80 83       	st	Z, r24
 */
void twi_reply(uint8_t ack)
{
  // transmit master read ready signal, with or without ack
  if(ack){
    TWCR = (1<<TWEN) | (1<<TWIE) | (1<<TWINT) | (1<<TWEA);
    3432:	85 ec       	ldi	r24, 0xC5	; 197
    3434:	80 93 74 00 	sts	0x0074, r24	; 0x800074 <__TEXT_REGION_LENGTH__+0x7f0074>
    3438:	88 cf       	rjmp	.-240    	; 0x334a <__vector_33+0x92>

    // All
    case TW_NO_INFO:   // no state information
      break;
    case TW_BUS_ERROR: // bus error, illegal stop/start
      twi_error = TW_BUS_ERROR;
    343a:	10 92 9d 09 	sts	0x099D, r1	; 0x80099d <twi_error>
	}
	return 0;
}

uint8_t twi_stop(void) {
	TWCR = (1 << TWINT) | (1 << TWSTO) | (1 << TWEN);
    343e:	84 e9       	ldi	r24, 0x94	; 148
    3440:	80 93 74 00 	sts	0x0074, r24	; 0x800074 <__TEXT_REGION_LENGTH__+0x7f0074>
    3444:	8a ef       	ldi	r24, 0xFA	; 250
    3446:	03 c0       	rjmp	.+6      	; 0x344e <__vector_33+0x196>
    3448:	81 50       	subi	r24, 0x01	; 1
	uint8_t timeout = 250;
	while (TWCR & (1 << TWSTO))
	{
		if(-- timeout == 0)
    344a:	09 f4       	brne	.+2      	; 0x344e <__vector_33+0x196>
    344c:	7e cf       	rjmp	.-260    	; 0x334a <__vector_33+0x92>
}

uint8_t twi_stop(void) {
	TWCR = (1 << TWINT) | (1 << TWSTO) | (1 << TWEN);
	uint8_t timeout = 250;
	while (TWCR & (1 << TWSTO))
    344e:	90 91 74 00 	lds	r25, 0x0074	; 0x800074 <__TEXT_REGION_LENGTH__+0x7f0074>
    3452:	94 fd       	sbrc	r25, 4
    3454:	f9 cf       	rjmp	.-14     	; 0x3448 <__vector_33+0x190>
    3456:	79 cf       	rjmp	.-270    	; 0x334a <__vector_33+0x92>
    case TW_START:     // sent start condition
    case TW_REP_START: // sent repeated start condition
      // copy device address and r/w bit to output register and ack
	  //twi_slarw = TW_WRITE;
	  //twi_slarw |= SLV_ADDRESS << 1;
      TWDR = twi_slarw;
    3458:	80 91 cb 09 	lds	r24, 0x09CB	; 0x8009cb <twi_slarw>
    345c:	80 93 73 00 	sts	0x0073, r24	; 0x800073 <__TEXT_REGION_LENGTH__+0x7f0073>
      TWCR=(1<<TWEN)|(0<<TWSTA)|(1<<TWINT)|(1<<TWIE);
    3460:	85 e8       	ldi	r24, 0x85	; 133
    3462:	80 93 74 00 	sts	0x0074, r24	; 0x800074 <__TEXT_REGION_LENGTH__+0x7f0074>
	  //twi_reply(1);
      break;
    3466:	71 cf       	rjmp	.-286    	; 0x334a <__vector_33+0x92>
    // Master Transmitter
	//-------------------------------------------------------------------------------------------------------------------------------
    case TW_MT_SLA_ACK:  // slave receiver acked address
    case TW_MT_DATA_ACK: // slave receiver acked data
      // if there is data to send, send it, otherwise stop 
      if(twi_master_txBufferIndex < twi_master_txBufferLength){
    3468:	90 91 bc 09 	lds	r25, 0x09BC	; 0x8009bc <twi_master_txBufferIndex>
    346c:	80 91 bb 09 	lds	r24, 0x09BB	; 0x8009bb <twi_master_txBufferLength>
    3470:	98 17       	cp	r25, r24
    3472:	08 f4       	brcc	.+2      	; 0x3476 <__vector_33+0x1be>
    3474:	5a c0       	rjmp	.+180    	; 0x352a <__vector_33+0x272>
        // copy data to output register and ack
        TWDR = twi_master_txBuffer[twi_master_txBufferIndex++];
        twi_reply(1);
      }else{
        if (twi_sendStop){
    3476:	80 91 ca 09 	lds	r24, 0x09CA	; 0x8009ca <twi_sendStop>
    347a:	88 23       	and	r24, r24
    347c:	09 f4       	brne	.+2      	; 0x3480 <__vector_33+0x1c8>
    347e:	4c c0       	rjmp	.+152    	; 0x3518 <__vector_33+0x260>
	}
	return 0;
}

uint8_t twi_stop(void) {
	TWCR = (1 << TWINT) | (1 << TWSTO) | (1 << TWEN);
    3480:	84 e9       	ldi	r24, 0x94	; 148
    3482:	80 93 74 00 	sts	0x0074, r24	; 0x800074 <__TEXT_REGION_LENGTH__+0x7f0074>
    3486:	8a ef       	ldi	r24, 0xFA	; 250
    3488:	03 c0       	rjmp	.+6      	; 0x3490 <__vector_33+0x1d8>
    348a:	81 50       	subi	r24, 0x01	; 1
	uint8_t timeout = 250;
	while (TWCR & (1 << TWSTO))
	{
		if(-- timeout == 0)
    348c:	09 f4       	brne	.+2      	; 0x3490 <__vector_33+0x1d8>
    348e:	5d cf       	rjmp	.-326    	; 0x334a <__vector_33+0x92>
}

uint8_t twi_stop(void) {
	TWCR = (1 << TWINT) | (1 << TWSTO) | (1 << TWEN);
	uint8_t timeout = 250;
	while (TWCR & (1 << TWSTO))
    3490:	90 91 74 00 	lds	r25, 0x0074	; 0x800074 <__TEXT_REGION_LENGTH__+0x7f0074>
    3494:	94 fd       	sbrc	r25, 4
    3496:	f9 cf       	rjmp	.-14     	; 0x348a <__vector_33+0x1d2>
    3498:	58 cf       	rjmp	.-336    	; 0x334a <__vector_33+0x92>
         twi_state = TWI_READY;
        }
      }
      break;
    case TW_MT_SLA_NACK:  // address sent, nack received
      twi_error = TW_MT_SLA_NACK;
    349a:	80 e2       	ldi	r24, 0x20	; 32
    349c:	80 93 9d 09 	sts	0x099D, r24	; 0x80099d <twi_error>
	}
	return 0;
}

uint8_t twi_stop(void) {
	TWCR = (1 << TWINT) | (1 << TWSTO) | (1 << TWEN);
    34a0:	84 e9       	ldi	r24, 0x94	; 148
    34a2:	80 93 74 00 	sts	0x0074, r24	; 0x800074 <__TEXT_REGION_LENGTH__+0x7f0074>
    34a6:	8a ef       	ldi	r24, 0xFA	; 250
    34a8:	03 c0       	rjmp	.+6      	; 0x34b0 <__vector_33+0x1f8>
    34aa:	81 50       	subi	r24, 0x01	; 1
	uint8_t timeout = 250;
	while (TWCR & (1 << TWSTO))
	{
		if(-- timeout == 0)
    34ac:	09 f4       	brne	.+2      	; 0x34b0 <__vector_33+0x1f8>
    34ae:	4d cf       	rjmp	.-358    	; 0x334a <__vector_33+0x92>
}

uint8_t twi_stop(void) {
	TWCR = (1 << TWINT) | (1 << TWSTO) | (1 << TWEN);
	uint8_t timeout = 250;
	while (TWCR & (1 << TWSTO))
    34b0:	90 91 74 00 	lds	r25, 0x0074	; 0x800074 <__TEXT_REGION_LENGTH__+0x7f0074>
    34b4:	94 fd       	sbrc	r25, 4
    34b6:	f9 cf       	rjmp	.-14     	; 0x34aa <__vector_33+0x1f2>
    34b8:	48 cf       	rjmp	.-368    	; 0x334a <__vector_33+0x92>
 * Output   none
 */
void twi_releaseBus(void)
{
  // release bus
  TWCR = (1<<TWEN) | (1<<TWIE) | (1<<TWEA) | (1<<TWINT);
    34ba:	85 ec       	ldi	r24, 0xC5	; 197
    34bc:	80 93 74 00 	sts	0x0074, r24	; 0x800074 <__TEXT_REGION_LENGTH__+0x7f0074>

  // update twi state
  twi_state = TWI_READY;
    34c0:	10 92 cc 09 	sts	0x09CC, r1	; 0x8009cc <twi_state>
      break;
    case TW_SR_STOP: // stop or repeated start condition received
      // ack future responses and leave slave receiver state
      twi_releaseBus();
      // put a null char after data if there's room
      if(twi_slv_rxBufferIndex < TWI_BUFFER_LENGTH){
    34c4:	80 91 9e 09 	lds	r24, 0x099E	; 0x80099e <twi_slv_rxBufferIndex>
    34c8:	88 30       	cpi	r24, 0x08	; 8
    34ca:	30 f4       	brcc	.+12     	; 0x34d8 <__vector_33+0x220>
        twi_slv_rxBuffer[twi_slv_rxBufferIndex] = '\0';
    34cc:	e0 91 9e 09 	lds	r30, 0x099E	; 0x80099e <twi_slv_rxBufferIndex>
    34d0:	f0 e0       	ldi	r31, 0x00	; 0
    34d2:	e1 56       	subi	r30, 0x61	; 97
    34d4:	f6 4f       	sbci	r31, 0xF6	; 246
    34d6:	10 82       	st	Z, r1
      }
      // callback to user defined callback
      twi_onSlaveReceive(twi_slv_rxBuffer, twi_slv_rxBufferIndex);
    34d8:	60 91 9e 09 	lds	r22, 0x099E	; 0x80099e <twi_slv_rxBufferIndex>
    34dc:	70 e0       	ldi	r23, 0x00	; 0
    34de:	e0 91 c5 09 	lds	r30, 0x09C5	; 0x8009c5 <twi_onSlaveReceive>
    34e2:	f0 91 c6 09 	lds	r31, 0x09C6	; 0x8009c6 <twi_onSlaveReceive+0x1>
    34e6:	8f e9       	ldi	r24, 0x9F	; 159
    34e8:	99 e0       	ldi	r25, 0x09	; 9
    34ea:	09 95       	icall
      // since we submit rx buffer to "wire" library, we can reset it
      twi_slv_rxBufferIndex = 0;
    34ec:	10 92 9e 09 	sts	0x099E, r1	; 0x80099e <twi_slv_rxBufferIndex>
      break;
    34f0:	2c cf       	rjmp	.-424    	; 0x334a <__vector_33+0x92>
 */
void twi_reply(uint8_t ack)
{
  // transmit master read ready signal, with or without ack
  if(ack){
    TWCR = (1<<TWEN) | (1<<TWIE) | (1<<TWINT) | (1<<TWEA);
    34f2:	85 ec       	ldi	r24, 0xC5	; 197
    34f4:	80 93 74 00 	sts	0x0074, r24	; 0x800074 <__TEXT_REGION_LENGTH__+0x7f0074>
    case TW_ST_DATA_NACK: // received nack, we are done 
    case TW_ST_LAST_DATA: // received ack, but we are done already!
      // ack future responses
      twi_reply(1);
      // leave slave receiver state
      twi_state = TWI_READY;
    34f8:	10 92 cc 09 	sts	0x09CC, r1	; 0x8009cc <twi_state>
      break;
    34fc:	26 cf       	rjmp	.-436    	; 0x334a <__vector_33+0x92>
	}
	return 0;
}

uint8_t twi_stop(void) {
	TWCR = (1 << TWINT) | (1 << TWSTO) | (1 << TWEN);
    34fe:	84 e9       	ldi	r24, 0x94	; 148
    3500:	80 93 74 00 	sts	0x0074, r24	; 0x800074 <__TEXT_REGION_LENGTH__+0x7f0074>
    3504:	8a ef       	ldi	r24, 0xFA	; 250
    3506:	03 c0       	rjmp	.+6      	; 0x350e <__vector_33+0x256>
    3508:	81 50       	subi	r24, 0x01	; 1
	uint8_t timeout = 250;
	while (TWCR & (1 << TWSTO))
	{
		if(-- timeout == 0)
    350a:	09 f4       	brne	.+2      	; 0x350e <__vector_33+0x256>
    350c:	1e cf       	rjmp	.-452    	; 0x334a <__vector_33+0x92>
}

uint8_t twi_stop(void) {
	TWCR = (1 << TWINT) | (1 << TWSTO) | (1 << TWEN);
	uint8_t timeout = 250;
	while (TWCR & (1 << TWSTO))
    350e:	90 91 74 00 	lds	r25, 0x0074	; 0x800074 <__TEXT_REGION_LENGTH__+0x7f0074>
    3512:	94 fd       	sbrc	r25, 4
    3514:	f9 cf       	rjmp	.-14     	; 0x3508 <__vector_33+0x250>
    3516:	19 cf       	rjmp	.-462    	; 0x334a <__vector_33+0x92>
      // put final byte into buffer
      twi_master_rxBuffer[twi_master_rxBufferIndex++] = TWDR;
      if (twi_sendStop){
        twi_stop();
      } else {
        twi_inRepStart = true;	// we're gonna send the START
    3518:	81 e0       	ldi	r24, 0x01	; 1
    351a:	80 93 c9 09 	sts	0x09C9, r24	; 0x8009c9 <twi_inRepStart>
        // don't enable the interrupt. We'll generate the start, but we
        // avoid handling the interrupt until we're in the next transaction,
        // at the point where we would normally issue the start.
        TWCR = (1<<TWINT) | (1<<TWSTA)| (1<<TWEN) ;
    351e:	84 ea       	ldi	r24, 0xA4	; 164
    3520:	80 93 74 00 	sts	0x0074, r24	; 0x800074 <__TEXT_REGION_LENGTH__+0x7f0074>
        twi_state = TWI_READY;
    3524:	10 92 cc 09 	sts	0x09CC, r1	; 0x8009cc <twi_state>
    3528:	10 cf       	rjmp	.-480    	; 0x334a <__vector_33+0x92>
    case TW_MT_SLA_ACK:  // slave receiver acked address
    case TW_MT_DATA_ACK: // slave receiver acked data
      // if there is data to send, send it, otherwise stop 
      if(twi_master_txBufferIndex < twi_master_txBufferLength){
        // copy data to output register and ack
        TWDR = twi_master_txBuffer[twi_master_txBufferIndex++];
    352a:	e0 91 bc 09 	lds	r30, 0x09BC	; 0x8009bc <twi_master_txBufferIndex>
    352e:	81 e0       	ldi	r24, 0x01	; 1
    3530:	8e 0f       	add	r24, r30
    3532:	80 93 bc 09 	sts	0x09BC, r24	; 0x8009bc <twi_master_txBufferIndex>
    3536:	f0 e0       	ldi	r31, 0x00	; 0
    3538:	e3 54       	subi	r30, 0x43	; 67
    353a:	f6 4f       	sbci	r31, 0xF6	; 246
    353c:	80 81       	ld	r24, Z
    353e:	80 93 73 00 	sts	0x0073, r24	; 0x800073 <__TEXT_REGION_LENGTH__+0x7f0073>
 */
void twi_reply(uint8_t ack)
{
  // transmit master read ready signal, with or without ack
  if(ack){
    TWCR = (1<<TWEN) | (1<<TWIE) | (1<<TWINT) | (1<<TWEA);
    3542:	85 ec       	ldi	r24, 0xC5	; 197
    3544:	80 93 74 00 	sts	0x0074, r24	; 0x800074 <__TEXT_REGION_LENGTH__+0x7f0074>
    3548:	00 cf       	rjmp	.-512    	; 0x334a <__vector_33+0x92>

0000354a <rbuffer_empty>:

	_delay_ms(200);                                             // Extra safety for Tx to finish!

	UCSR1B &= ~( (1<<RXEN)|(1<<TXEN)|(1<<RXCIE) | (1<<	UDRIE));					//disable TX, RX, RX interrupt
	UCSR1C &= (1<<UCSZ1) | (1<<UCSZ0);
}
    354a:	fc 01       	movw	r30, r24
    354c:	ee 57       	subi	r30, 0x7E	; 126
    354e:	ff 4f       	sbci	r31, 0xFF	; 255
    3550:	20 81       	ld	r18, Z
    3552:	21 11       	cpse	r18, r1
    3554:	06 c0       	rjmp	.+12     	; 0x3562 <rbuffer_empty+0x18>
    3556:	32 97       	sbiw	r30, 0x02	; 2
    3558:	20 81       	ld	r18, Z
    355a:	31 96       	adiw	r30, 0x01	; 1
    355c:	90 81       	ld	r25, Z
    355e:	81 e0       	ldi	r24, 0x01	; 1
    3560:	29 13       	cpse	r18, r25
    3562:	80 e0       	ldi	r24, 0x00	; 0
    3564:	08 95       	ret

00003566 <rbuffer_remove>:
    3566:	fc 01       	movw	r30, r24
    3568:	ef 57       	subi	r30, 0x7F	; 127
    356a:	ff 4f       	sbci	r31, 0xFF	; 255
    356c:	20 81       	ld	r18, Z
    356e:	dc 01       	movw	r26, r24
    3570:	a2 0f       	add	r26, r18
    3572:	b1 1d       	adc	r27, r1
    3574:	3c 91       	ld	r19, X
    3576:	4f b7       	in	r20, 0x3f	; 63
    3578:	f8 94       	cli
    357a:	20 81       	ld	r18, Z
    357c:	2f 5f       	subi	r18, 0xFF	; 255
    357e:	2f 77       	andi	r18, 0x7F	; 127
    3580:	20 83       	st	Z, r18
    3582:	31 96       	adiw	r30, 0x01	; 1
    3584:	90 81       	ld	r25, Z
    3586:	91 50       	subi	r25, 0x01	; 1
    3588:	90 83       	st	Z, r25
    358a:	4f bf       	out	0x3f, r20	; 63
    358c:	83 2f       	mov	r24, r19
    358e:	08 95       	ret

00003590 <usart0_init>:
    3590:	80 91 f5 01 	lds	r24, 0x01F5	; 0x8001f5 <p_UART0_meta>
    3594:	90 91 f6 01 	lds	r25, 0x01F6	; 0x8001f6 <p_UART0_meta+0x1>
    3598:	2f b7       	in	r18, 0x3f	; 63
    359a:	f8 94       	cli
    359c:	fc 01       	movw	r30, r24
    359e:	ed 5f       	subi	r30, 0xFD	; 253
    35a0:	fe 4f       	sbci	r31, 0xFE	; 254
    35a2:	10 82       	st	Z, r1
    35a4:	31 96       	adiw	r30, 0x01	; 1
    35a6:	10 82       	st	Z, r1
    35a8:	31 96       	adiw	r30, 0x01	; 1
    35aa:	10 82       	st	Z, r1
    35ac:	2f bf       	out	0x3f, r18	; 63
    35ae:	80 91 f5 01 	lds	r24, 0x01F5	; 0x8001f5 <p_UART0_meta>
    35b2:	90 91 f6 01 	lds	r25, 0x01F6	; 0x8001f6 <p_UART0_meta+0x1>
    35b6:	2f b7       	in	r18, 0x3f	; 63
    35b8:	f8 94       	cli
    35ba:	fc 01       	movw	r30, r24
    35bc:	e0 58       	subi	r30, 0x80	; 128
    35be:	ff 4f       	sbci	r31, 0xFF	; 255
    35c0:	10 82       	st	Z, r1
    35c2:	31 96       	adiw	r30, 0x01	; 1
    35c4:	10 82       	st	Z, r1
    35c6:	31 96       	adiw	r30, 0x01	; 1
    35c8:	10 82       	st	Z, r1
    35ca:	2f bf       	out	0x3f, r18	; 63
    35cc:	10 92 90 00 	sts	0x0090, r1	; 0x800090 <__TEXT_REGION_LENGTH__+0x7f0090>
    35d0:	89 e1       	ldi	r24, 0x19	; 25
    35d2:	89 b9       	out	0x09, r24	; 9
    35d4:	59 9a       	sbi	0x0b, 1	; 11
    35d6:	8a b1       	in	r24, 0x0a	; 10
    35d8:	88 69       	ori	r24, 0x98	; 152
    35da:	8a b9       	out	0x0a, r24	; 10
    35dc:	e5 e9       	ldi	r30, 0x95	; 149
    35de:	f0 e0       	ldi	r31, 0x00	; 0
    35e0:	80 81       	ld	r24, Z
    35e2:	86 60       	ori	r24, 0x06	; 6
    35e4:	80 83       	st	Z, r24
    35e6:	78 94       	sei
    35e8:	08 95       	ret

000035ea <usart0_send_char>:
    35ea:	cf 93       	push	r28
    35ec:	df 93       	push	r29
    35ee:	40 91 f5 01 	lds	r20, 0x01F5	; 0x8001f5 <p_UART0_meta>
    35f2:	50 91 f6 01 	lds	r21, 0x01F6	; 0x8001f6 <p_UART0_meta+0x1>
    35f6:	da 01       	movw	r26, r20
    35f8:	ab 5f       	subi	r26, 0xFB	; 251
    35fa:	be 4f       	sbci	r27, 0xFE	; 254
    35fc:	9c 91       	ld	r25, X
    35fe:	9f 37       	cpi	r25, 0x7F	; 127
    3600:	e9 f3       	breq	.-6      	; 0x35fc <usart0_send_char+0x12>
    3602:	9c 91       	ld	r25, X
    3604:	ea 01       	movw	r28, r20
    3606:	9f 37       	cpi	r25, 0x7F	; 127
    3608:	b9 f0       	breq	.+46     	; 0x3638 <usart0_send_char+0x4e>
    360a:	cd 5f       	subi	r28, 0xFD	; 253
    360c:	de 4f       	sbci	r29, 0xFE	; 254
    360e:	fa 01       	movw	r30, r20
    3610:	ed 57       	subi	r30, 0x7D	; 125
    3612:	ff 4f       	sbci	r31, 0xFF	; 255
    3614:	98 81       	ld	r25, Y
    3616:	e9 0f       	add	r30, r25
    3618:	f1 1d       	adc	r31, r1
    361a:	80 83       	st	Z, r24
    361c:	9f b7       	in	r25, 0x3f	; 63
    361e:	f8 94       	cli
    3620:	88 81       	ld	r24, Y
    3622:	8f 5f       	subi	r24, 0xFF	; 255
    3624:	8f 77       	andi	r24, 0x7F	; 127
    3626:	88 83       	st	Y, r24
    3628:	8c 91       	ld	r24, X
    362a:	8f 5f       	subi	r24, 0xFF	; 255
    362c:	8c 93       	st	X, r24
    362e:	9f bf       	out	0x3f, r25	; 63
    3630:	55 9a       	sbi	0x0a, 5	; 10
    3632:	df 91       	pop	r29
    3634:	cf 91       	pop	r28
    3636:	08 95       	ret
    3638:	cd 5f       	subi	r28, 0xFD	; 253
    363a:	de 4f       	sbci	r29, 0xFE	; 254
    363c:	18 82       	st	Y, r1
    363e:	9a 01       	movw	r18, r20
    3640:	2c 5f       	subi	r18, 0xFC	; 252
    3642:	3e 4f       	sbci	r19, 0xFE	; 254
    3644:	f9 01       	movw	r30, r18
    3646:	10 82       	st	Z, r1
    3648:	1c 92       	st	X, r1
    364a:	e1 cf       	rjmp	.-62     	; 0x360e <usart0_send_char+0x24>

0000364c <usart0_send_string>:
    364c:	cf 93       	push	r28
    364e:	df 93       	push	r29
    3650:	ec 01       	movw	r28, r24
    3652:	88 81       	ld	r24, Y
    3654:	88 23       	and	r24, r24
    3656:	31 f0       	breq	.+12     	; 0x3664 <usart0_send_string+0x18>
    3658:	21 96       	adiw	r28, 0x01	; 1
    365a:	0e 94 f5 1a 	call	0x35ea	; 0x35ea <usart0_send_char>
    365e:	89 91       	ld	r24, Y+
    3660:	81 11       	cpse	r24, r1
    3662:	fb cf       	rjmp	.-10     	; 0x365a <usart0_send_string+0xe>
    3664:	df 91       	pop	r29
    3666:	cf 91       	pop	r28
    3668:	08 95       	ret

0000366a <usart0_send_array>:
    366a:	0f 93       	push	r16
    366c:	1f 93       	push	r17
    366e:	cf 93       	push	r28
    3670:	df 93       	push	r29
    3672:	66 23       	and	r22, r22
    3674:	71 f0       	breq	.+28     	; 0x3692 <usart0_send_array+0x28>
    3676:	ec 01       	movw	r28, r24
    3678:	61 50       	subi	r22, 0x01	; 1
    367a:	06 2f       	mov	r16, r22
    367c:	10 e0       	ldi	r17, 0x00	; 0
    367e:	0f 5f       	subi	r16, 0xFF	; 255
    3680:	1f 4f       	sbci	r17, 0xFF	; 255
    3682:	08 0f       	add	r16, r24
    3684:	19 1f       	adc	r17, r25
    3686:	89 91       	ld	r24, Y+
    3688:	0e 94 f5 1a 	call	0x35ea	; 0x35ea <usart0_send_char>
    368c:	c0 17       	cp	r28, r16
    368e:	d1 07       	cpc	r29, r17
    3690:	d1 f7       	brne	.-12     	; 0x3686 <usart0_send_array+0x1c>
    3692:	df 91       	pop	r29
    3694:	cf 91       	pop	r28
    3696:	1f 91       	pop	r17
    3698:	0f 91       	pop	r16
    369a:	08 95       	ret

0000369c <uart_get_uart0_rx_buffer_address>:
    369c:	80 91 f5 01 	lds	r24, 0x01F5	; 0x8001f5 <p_UART0_meta>
    36a0:	90 91 f6 01 	lds	r25, 0x01F6	; 0x8001f6 <p_UART0_meta+0x1>
    36a4:	08 95       	ret

000036a6 <usart1_init>:
    36a6:	80 91 f3 01 	lds	r24, 0x01F3	; 0x8001f3 <p_UART1_meta>
    36aa:	90 91 f4 01 	lds	r25, 0x01F4	; 0x8001f4 <p_UART1_meta+0x1>
    36ae:	2f b7       	in	r18, 0x3f	; 63
    36b0:	f8 94       	cli
    36b2:	fc 01       	movw	r30, r24
    36b4:	ed 5f       	subi	r30, 0xFD	; 253
    36b6:	fe 4f       	sbci	r31, 0xFE	; 254
    36b8:	10 82       	st	Z, r1
    36ba:	31 96       	adiw	r30, 0x01	; 1
    36bc:	10 82       	st	Z, r1
    36be:	31 96       	adiw	r30, 0x01	; 1
    36c0:	10 82       	st	Z, r1
    36c2:	2f bf       	out	0x3f, r18	; 63
    36c4:	80 91 f3 01 	lds	r24, 0x01F3	; 0x8001f3 <p_UART1_meta>
    36c8:	90 91 f4 01 	lds	r25, 0x01F4	; 0x8001f4 <p_UART1_meta+0x1>
    36cc:	2f b7       	in	r18, 0x3f	; 63
    36ce:	f8 94       	cli
    36d0:	fc 01       	movw	r30, r24
    36d2:	e0 58       	subi	r30, 0x80	; 128
    36d4:	ff 4f       	sbci	r31, 0xFF	; 255
    36d6:	10 82       	st	Z, r1
    36d8:	31 96       	adiw	r30, 0x01	; 1
    36da:	10 82       	st	Z, r1
    36dc:	31 96       	adiw	r30, 0x01	; 1
    36de:	10 82       	st	Z, r1
    36e0:	2f bf       	out	0x3f, r18	; 63
    36e2:	10 92 98 00 	sts	0x0098, r1	; 0x800098 <__TEXT_REGION_LENGTH__+0x7f0098>
    36e6:	83 e0       	ldi	r24, 0x03	; 3
    36e8:	80 93 99 00 	sts	0x0099, r24	; 0x800099 <__TEXT_REGION_LENGTH__+0x7f0099>
    36ec:	ea e9       	ldi	r30, 0x9A	; 154
    36ee:	f0 e0       	ldi	r31, 0x00	; 0
    36f0:	80 81       	ld	r24, Z
    36f2:	88 69       	ori	r24, 0x98	; 152
    36f4:	80 83       	st	Z, r24
    36f6:	ed e9       	ldi	r30, 0x9D	; 157
    36f8:	f0 e0       	ldi	r31, 0x00	; 0
    36fa:	80 81       	ld	r24, Z
    36fc:	86 60       	ori	r24, 0x06	; 6
    36fe:	80 83       	st	Z, r24
    3700:	78 94       	sei
    3702:	08 95       	ret

00003704 <usart1_send_char>:
    3704:	cf 93       	push	r28
    3706:	df 93       	push	r29
    3708:	40 91 f3 01 	lds	r20, 0x01F3	; 0x8001f3 <p_UART1_meta>
    370c:	50 91 f4 01 	lds	r21, 0x01F4	; 0x8001f4 <p_UART1_meta+0x1>
    3710:	da 01       	movw	r26, r20
    3712:	ab 5f       	subi	r26, 0xFB	; 251
    3714:	be 4f       	sbci	r27, 0xFE	; 254
    3716:	9c 91       	ld	r25, X
    3718:	9f 37       	cpi	r25, 0x7F	; 127
    371a:	e9 f3       	breq	.-6      	; 0x3716 <usart1_send_char+0x12>
    371c:	9c 91       	ld	r25, X
    371e:	ea 01       	movw	r28, r20
    3720:	9f 37       	cpi	r25, 0x7F	; 127
    3722:	d9 f0       	breq	.+54     	; 0x375a <usart1_send_char+0x56>
    3724:	cd 5f       	subi	r28, 0xFD	; 253
    3726:	de 4f       	sbci	r29, 0xFE	; 254
    3728:	fa 01       	movw	r30, r20
    372a:	ed 57       	subi	r30, 0x7D	; 125
    372c:	ff 4f       	sbci	r31, 0xFF	; 255
    372e:	98 81       	ld	r25, Y
    3730:	e9 0f       	add	r30, r25
    3732:	f1 1d       	adc	r31, r1
    3734:	80 83       	st	Z, r24
    3736:	9f b7       	in	r25, 0x3f	; 63
    3738:	f8 94       	cli
    373a:	88 81       	ld	r24, Y
    373c:	8f 5f       	subi	r24, 0xFF	; 255
    373e:	8f 77       	andi	r24, 0x7F	; 127
    3740:	88 83       	st	Y, r24
    3742:	8c 91       	ld	r24, X
    3744:	8f 5f       	subi	r24, 0xFF	; 255
    3746:	8c 93       	st	X, r24
    3748:	9f bf       	out	0x3f, r25	; 63
    374a:	80 91 9a 00 	lds	r24, 0x009A	; 0x80009a <__TEXT_REGION_LENGTH__+0x7f009a>
    374e:	80 62       	ori	r24, 0x20	; 32
    3750:	80 93 9a 00 	sts	0x009A, r24	; 0x80009a <__TEXT_REGION_LENGTH__+0x7f009a>
    3754:	df 91       	pop	r29
    3756:	cf 91       	pop	r28
    3758:	08 95       	ret
    375a:	cd 5f       	subi	r28, 0xFD	; 253
    375c:	de 4f       	sbci	r29, 0xFE	; 254
    375e:	18 82       	st	Y, r1
    3760:	9a 01       	movw	r18, r20
    3762:	2c 5f       	subi	r18, 0xFC	; 252
    3764:	3e 4f       	sbci	r19, 0xFE	; 254
    3766:	f9 01       	movw	r30, r18
    3768:	10 82       	st	Z, r1
    376a:	1c 92       	st	X, r1
    376c:	dd cf       	rjmp	.-70     	; 0x3728 <usart1_send_char+0x24>

0000376e <usart1_send_array>:
    376e:	0f 93       	push	r16
    3770:	1f 93       	push	r17
    3772:	cf 93       	push	r28
    3774:	df 93       	push	r29
    3776:	66 23       	and	r22, r22
    3778:	71 f0       	breq	.+28     	; 0x3796 <usart1_send_array+0x28>
    377a:	ec 01       	movw	r28, r24
    377c:	61 50       	subi	r22, 0x01	; 1
    377e:	06 2f       	mov	r16, r22
    3780:	10 e0       	ldi	r17, 0x00	; 0
    3782:	0f 5f       	subi	r16, 0xFF	; 255
    3784:	1f 4f       	sbci	r17, 0xFF	; 255
    3786:	08 0f       	add	r16, r24
    3788:	19 1f       	adc	r17, r25
    378a:	89 91       	ld	r24, Y+
    378c:	0e 94 82 1b 	call	0x3704	; 0x3704 <usart1_send_char>
    3790:	c0 17       	cp	r28, r16
    3792:	d1 07       	cpc	r29, r17
    3794:	d1 f7       	brne	.-12     	; 0x378a <usart1_send_array+0x1c>
    3796:	df 91       	pop	r29
    3798:	cf 91       	pop	r28
    379a:	1f 91       	pop	r17
    379c:	0f 91       	pop	r16
    379e:	08 95       	ret

000037a0 <uart_get_uart1_rx_buffer_address>:


volatile ringbuffer_t * uart_get_uart1_rx_buffer_address(void)
{
	return (ringbuffer_t *)&p_UART1_meta->rb_rx;
}
    37a0:	80 91 f3 01 	lds	r24, 0x01F3	; 0x8001f3 <p_UART1_meta>
    37a4:	90 91 f4 01 	lds	r25, 0x01F4	; 0x8001f4 <p_UART1_meta+0x1>
    37a8:	08 95       	ret

000037aa <__vector_18>:
// ---- ---- ---- ---- ---- ---- ---- ---- ---- ---- ---- ---- ---- ----
// ISR FUNCTIONS
// ---- ---- ---- ---- ---- ---- ---- ---- ---- ---- ---- ---- ---- ----
#ifdef USART0_ENABLE
ISR(USART0_RX_vect) 
{	
    37aa:	1f 92       	push	r1
    37ac:	0f 92       	push	r0
    37ae:	0f b6       	in	r0, 0x3f	; 63
    37b0:	0f 92       	push	r0
    37b2:	11 24       	eor	r1, r1
    37b4:	2f 93       	push	r18
    37b6:	3f 93       	push	r19
    37b8:	8f 93       	push	r24
    37ba:	9f 93       	push	r25
    37bc:	af 93       	push	r26
    37be:	bf 93       	push	r27
    37c0:	cf 93       	push	r28
    37c2:	df 93       	push	r29
    37c4:	ef 93       	push	r30
    37c6:	ff 93       	push	r31
	char	data = UDR0;
    37c8:	3c b1       	in	r19, 0x0c	; 12
    if(!rbuffer_full(&p_UART0_meta->rb_rx))
    37ca:	80 91 f5 01 	lds	r24, 0x01F5	; 0x8001f5 <p_UART0_meta>
    37ce:	90 91 f6 01 	lds	r25, 0x01F6	; 0x8001f6 <p_UART0_meta+0x1>
uint8_t rbuffer_count(volatile ringbuffer_t* rb) {
    return rb->count;
}

bool rbuffer_full(volatile ringbuffer_t* rb) {
    return (rb->count == (uint8_t)RBUFFER_SIZE - 1);
    37d2:	fc 01       	movw	r30, r24
    37d4:	ee 57       	subi	r30, 0x7E	; 126
    37d6:	ff 4f       	sbci	r31, 0xFF	; 255
    37d8:	20 81       	ld	r18, Z
// ---- ---- ---- ---- ---- ---- ---- ---- ---- ---- ---- ---- ---- ----
#ifdef USART0_ENABLE
ISR(USART0_RX_vect) 
{	
	char	data = UDR0;
    if(!rbuffer_full(&p_UART0_meta->rb_rx))
    37da:	2f 37       	cpi	r18, 0x7F	; 127
    37dc:	c1 f4       	brne	.+48     	; 0x380e <__vector_18+0x64>
	{
	    rbuffer_insert(data, &p_UART0_meta->rb_rx);
	    p_UART0_meta->usart_error = UCSR0A & USART_RX_ERROR_MASK ;
    }
    else {
	    p_UART0_meta->usart_error = ((UCSR0A & USART_RX_ERROR_MASK) | USART_BUFFER_OVERFLOW>>8);
    37de:	2b b1       	in	r18, 0x0b	; 11
    37e0:	2c 71       	andi	r18, 0x1C	; 28
    37e2:	21 60       	ori	r18, 0x01	; 1
    37e4:	30 e0       	ldi	r19, 0x00	; 0
    37e6:	fc 01       	movw	r30, r24
    37e8:	ea 5f       	subi	r30, 0xFA	; 250
    37ea:	fe 4f       	sbci	r31, 0xFE	; 254
    37ec:	31 83       	std	Z+1, r19	; 0x01
    37ee:	20 83       	st	Z, r18
    }   
}
    37f0:	ff 91       	pop	r31
    37f2:	ef 91       	pop	r30
    37f4:	df 91       	pop	r29
    37f6:	cf 91       	pop	r28
    37f8:	bf 91       	pop	r27
    37fa:	af 91       	pop	r26
    37fc:	9f 91       	pop	r25
    37fe:	8f 91       	pop	r24
    3800:	3f 91       	pop	r19
    3802:	2f 91       	pop	r18
    3804:	0f 90       	pop	r0
    3806:	0f be       	out	0x3f, r0	; 63
    3808:	0f 90       	pop	r0
    380a:	1f 90       	pop	r1
    380c:	18 95       	reti
uint8_t rbuffer_count(volatile ringbuffer_t* rb) {
    return rb->count;
}

bool rbuffer_full(volatile ringbuffer_t* rb) {
    return (rb->count == (uint8_t)RBUFFER_SIZE - 1);
    380e:	20 81       	ld	r18, Z
    return data;
}

void rbuffer_reset(volatile ringbuffer_t* rb)
{
	rb->in = 0;
    3810:	dc 01       	movw	r26, r24
bool rbuffer_empty(volatile ringbuffer_t* rb) {
    return ((rb->count == 0) && (rb->in == rb->out));
}

void rbuffer_insert(char data, volatile ringbuffer_t* rb) {
	if (rbuffer_full(rb)) rbuffer_reset(rb);
    3812:	2f 37       	cpi	r18, 0x7F	; 127
    3814:	e9 f0       	breq	.+58     	; 0x3850 <__vector_18+0xa6>
    3816:	a0 58       	subi	r26, 0x80	; 128
    3818:	bf 4f       	sbci	r27, 0xFF	; 255
    *(rb->buffer + rb->in) = data;
    381a:	2c 91       	ld	r18, X
    381c:	ec 01       	movw	r28, r24
    381e:	c2 0f       	add	r28, r18
    3820:	d1 1d       	adc	r29, r1
    3822:	38 83       	st	Y, r19
    ATOMIC_BLOCK(ATOMIC_RESTORESTATE) {
    3824:	9f b7       	in	r25, 0x3f	; 63
    return 1;
}

static __inline__ uint8_t __iCliRetVal(void)
{
    cli();
    3826:	f8 94       	cli
        rb->in = (rb->in + 1) & ((uint8_t)RBUFFER_SIZE - 1);
    3828:	8c 91       	ld	r24, X
    382a:	8f 5f       	subi	r24, 0xFF	; 255
    382c:	8f 77       	andi	r24, 0x7F	; 127
    382e:	8c 93       	st	X, r24
        rb->count++;
    3830:	80 81       	ld	r24, Z
    3832:	8f 5f       	subi	r24, 0xFF	; 255
    3834:	80 83       	st	Z, r24
    (void)__s;
}

static __inline__ void __iRestore(const  uint8_t *__s)
{
    SREG = *__s;
    3836:	9f bf       	out	0x3f, r25	; 63
{	
	char	data = UDR0;
    if(!rbuffer_full(&p_UART0_meta->rb_rx))
	{
	    rbuffer_insert(data, &p_UART0_meta->rb_rx);
	    p_UART0_meta->usart_error = UCSR0A & USART_RX_ERROR_MASK ;
    3838:	e0 91 f5 01 	lds	r30, 0x01F5	; 0x8001f5 <p_UART0_meta>
    383c:	f0 91 f6 01 	lds	r31, 0x01F6	; 0x8001f6 <p_UART0_meta+0x1>
    3840:	8b b1       	in	r24, 0x0b	; 11
    3842:	8c 71       	andi	r24, 0x1C	; 28
    3844:	90 e0       	ldi	r25, 0x00	; 0
    3846:	ea 5f       	subi	r30, 0xFA	; 250
    3848:	fe 4f       	sbci	r31, 0xFE	; 254
    384a:	91 83       	std	Z+1, r25	; 0x01
    384c:	80 83       	st	Z, r24
    384e:	d0 cf       	rjmp	.-96     	; 0x37f0 <__vector_18+0x46>
    return data;
}

void rbuffer_reset(volatile ringbuffer_t* rb)
{
	rb->in = 0;
    3850:	a0 58       	subi	r26, 0x80	; 128
    3852:	bf 4f       	sbci	r27, 0xFF	; 255
    3854:	1c 92       	st	X, r1
	rb->out = 0;
    3856:	ec 01       	movw	r28, r24
    3858:	cf 57       	subi	r28, 0x7F	; 127
    385a:	df 4f       	sbci	r29, 0xFF	; 255
    385c:	18 82       	st	Y, r1
	rb->count = 0;
    385e:	10 82       	st	Z, r1
    3860:	dc cf       	rjmp	.-72     	; 0x381a <__vector_18+0x70>

00003862 <__vector_19>:
    }
    else {
	    p_UART0_meta->usart_error = ((UCSR0A & USART_RX_ERROR_MASK) | USART_BUFFER_OVERFLOW>>8);
    }   
}
ISR(USART0_UDRE_vect) {
    3862:	1f 92       	push	r1
    3864:	0f 92       	push	r0
    3866:	0f b6       	in	r0, 0x3f	; 63
    3868:	0f 92       	push	r0
    386a:	11 24       	eor	r1, r1
    386c:	2f 93       	push	r18
    386e:	3f 93       	push	r19
    3870:	8f 93       	push	r24
    3872:	9f 93       	push	r25
    3874:	af 93       	push	r26
    3876:	bf 93       	push	r27
    3878:	cf 93       	push	r28
    387a:	df 93       	push	r29
    387c:	ef 93       	push	r30
    387e:	ff 93       	push	r31
    if(!rbuffer_empty(&p_UART0_meta->rb_tx)) {
    3880:	80 91 f5 01 	lds	r24, 0x01F5	; 0x8001f5 <p_UART0_meta>
    3884:	90 91 f6 01 	lds	r25, 0x01F6	; 0x8001f6 <p_UART0_meta+0x1>
bool rbuffer_full(volatile ringbuffer_t* rb) {
    return (rb->count == (uint8_t)RBUFFER_SIZE - 1);
}

bool rbuffer_empty(volatile ringbuffer_t* rb) {
    return ((rb->count == 0) && (rb->in == rb->out));
    3888:	ec 01       	movw	r28, r24
    388a:	cb 5f       	subi	r28, 0xFB	; 251
    388c:	de 4f       	sbci	r29, 0xFE	; 254
    388e:	28 81       	ld	r18, Y
    3890:	22 23       	and	r18, r18
    3892:	21 f1       	breq	.+72     	; 0x38dc <__vector_19+0x7a>
    3894:	dc 01       	movw	r26, r24
    3896:	ac 5f       	subi	r26, 0xFC	; 252
    3898:	be 4f       	sbci	r27, 0xFE	; 254
        rb->count++;
    }
}

char rbuffer_remove(volatile ringbuffer_t* rb) {
    char data = *(rb->buffer + rb->out);
    389a:	8d 57       	subi	r24, 0x7D	; 125
    389c:	9f 4f       	sbci	r25, 0xFF	; 255
    389e:	2c 91       	ld	r18, X
    38a0:	fc 01       	movw	r30, r24
    38a2:	e2 0f       	add	r30, r18
    38a4:	f1 1d       	adc	r31, r1
    38a6:	90 81       	ld	r25, Z
    ATOMIC_BLOCK(ATOMIC_RESTORESTATE) {
    38a8:	2f b7       	in	r18, 0x3f	; 63
    return 1;
}

static __inline__ uint8_t __iCliRetVal(void)
{
    cli();
    38aa:	f8 94       	cli
        rb->out = (rb->out + 1) & ((uint8_t)RBUFFER_SIZE - 1);
    38ac:	8c 91       	ld	r24, X
    38ae:	8f 5f       	subi	r24, 0xFF	; 255
    38b0:	8f 77       	andi	r24, 0x7F	; 127
    38b2:	8c 93       	st	X, r24
        rb->count--;
    38b4:	88 81       	ld	r24, Y
    38b6:	81 50       	subi	r24, 0x01	; 1
    38b8:	88 83       	st	Y, r24
    (void)__s;
}

static __inline__ void __iRestore(const  uint8_t *__s)
{
    SREG = *__s;
    38ba:	2f bf       	out	0x3f, r18	; 63
	    p_UART0_meta->usart_error = ((UCSR0A & USART_RX_ERROR_MASK) | USART_BUFFER_OVERFLOW>>8);
    }   
}
ISR(USART0_UDRE_vect) {
    if(!rbuffer_empty(&p_UART0_meta->rb_tx)) {
	    UDR0 = rbuffer_remove(&p_UART0_meta->rb_tx);
    38bc:	9c b9       	out	0x0c, r25	; 12
    }
    else {
	    UCSR0B &= ~(1 << UDRE);                   // Enable Tx buffer empty interrupt 
    }
}
    38be:	ff 91       	pop	r31
    38c0:	ef 91       	pop	r30
    38c2:	df 91       	pop	r29
    38c4:	cf 91       	pop	r28
    38c6:	bf 91       	pop	r27
    38c8:	af 91       	pop	r26
    38ca:	9f 91       	pop	r25
    38cc:	8f 91       	pop	r24
    38ce:	3f 91       	pop	r19
    38d0:	2f 91       	pop	r18
    38d2:	0f 90       	pop	r0
    38d4:	0f be       	out	0x3f, r0	; 63
    38d6:	0f 90       	pop	r0
    38d8:	1f 90       	pop	r1
    38da:	18 95       	reti
bool rbuffer_full(volatile ringbuffer_t* rb) {
    return (rb->count == (uint8_t)RBUFFER_SIZE - 1);
}

bool rbuffer_empty(volatile ringbuffer_t* rb) {
    return ((rb->count == 0) && (rb->in == rb->out));
    38dc:	fc 01       	movw	r30, r24
    38de:	ed 5f       	subi	r30, 0xFD	; 253
    38e0:	fe 4f       	sbci	r31, 0xFE	; 254
    38e2:	30 81       	ld	r19, Z
    38e4:	dc 01       	movw	r26, r24
    38e6:	ac 5f       	subi	r26, 0xFC	; 252
    38e8:	be 4f       	sbci	r27, 0xFE	; 254
    38ea:	2c 91       	ld	r18, X
    38ec:	32 13       	cpse	r19, r18
    38ee:	d5 cf       	rjmp	.-86     	; 0x389a <__vector_19+0x38>
ISR(USART0_UDRE_vect) {
    if(!rbuffer_empty(&p_UART0_meta->rb_tx)) {
	    UDR0 = rbuffer_remove(&p_UART0_meta->rb_tx);
    }
    else {
	    UCSR0B &= ~(1 << UDRE);                   // Enable Tx buffer empty interrupt 
    38f0:	55 98       	cbi	0x0a, 5	; 10
    38f2:	e5 cf       	rjmp	.-54     	; 0x38be <__vector_19+0x5c>

000038f4 <__vector_30>:
    }
}
#endif

#ifdef USART1_ENABLE
ISR(USART1_RX_vect) {
    38f4:	1f 92       	push	r1
    38f6:	0f 92       	push	r0
    38f8:	0f b6       	in	r0, 0x3f	; 63
    38fa:	0f 92       	push	r0
    38fc:	11 24       	eor	r1, r1
    38fe:	2f 93       	push	r18
    3900:	3f 93       	push	r19
    3902:	8f 93       	push	r24
    3904:	9f 93       	push	r25
    3906:	af 93       	push	r26
    3908:	bf 93       	push	r27
    390a:	cf 93       	push	r28
    390c:	df 93       	push	r29
    390e:	ef 93       	push	r30
    3910:	ff 93       	push	r31
	
   char	data = UDR1;
    3912:	30 91 9c 00 	lds	r19, 0x009C	; 0x80009c <__TEXT_REGION_LENGTH__+0x7f009c>
    if(!rbuffer_full(&p_UART1_meta->rb_rx)) {
    3916:	80 91 f3 01 	lds	r24, 0x01F3	; 0x8001f3 <p_UART1_meta>
    391a:	90 91 f4 01 	lds	r25, 0x01F4	; 0x8001f4 <p_UART1_meta+0x1>
uint8_t rbuffer_count(volatile ringbuffer_t* rb) {
    return rb->count;
}

bool rbuffer_full(volatile ringbuffer_t* rb) {
    return (rb->count == (uint8_t)RBUFFER_SIZE - 1);
    391e:	fc 01       	movw	r30, r24
    3920:	ee 57       	subi	r30, 0x7E	; 126
    3922:	ff 4f       	sbci	r31, 0xFF	; 255
    3924:	20 81       	ld	r18, Z

#ifdef USART1_ENABLE
ISR(USART1_RX_vect) {
	
   char	data = UDR1;
    if(!rbuffer_full(&p_UART1_meta->rb_rx)) {
    3926:	2f 37       	cpi	r18, 0x7F	; 127
    3928:	c9 f4       	brne	.+50     	; 0x395c <__vector_30+0x68>
	    rbuffer_insert(data, &p_UART1_meta->rb_rx);
	    p_UART1_meta->usart_error = UCSR1A & USART_RX_ERROR_MASK ;

    }
    else {
	    p_UART1_meta->usart_error = ((UCSR1A & USART_RX_ERROR_MASK) | USART_BUFFER_OVERFLOW);
    392a:	20 91 9b 00 	lds	r18, 0x009B	; 0x80009b <__TEXT_REGION_LENGTH__+0x7f009b>
    392e:	2c 71       	andi	r18, 0x1C	; 28
    3930:	30 e0       	ldi	r19, 0x00	; 0
    3932:	31 60       	ori	r19, 0x01	; 1
    3934:	fc 01       	movw	r30, r24
    3936:	ea 5f       	subi	r30, 0xFA	; 250
    3938:	fe 4f       	sbci	r31, 0xFE	; 254
    393a:	31 83       	std	Z+1, r19	; 0x01
    393c:	20 83       	st	Z, r18
    }   
}
    393e:	ff 91       	pop	r31
    3940:	ef 91       	pop	r30
    3942:	df 91       	pop	r29
    3944:	cf 91       	pop	r28
    3946:	bf 91       	pop	r27
    3948:	af 91       	pop	r26
    394a:	9f 91       	pop	r25
    394c:	8f 91       	pop	r24
    394e:	3f 91       	pop	r19
    3950:	2f 91       	pop	r18
    3952:	0f 90       	pop	r0
    3954:	0f be       	out	0x3f, r0	; 63
    3956:	0f 90       	pop	r0
    3958:	1f 90       	pop	r1
    395a:	18 95       	reti
uint8_t rbuffer_count(volatile ringbuffer_t* rb) {
    return rb->count;
}

bool rbuffer_full(volatile ringbuffer_t* rb) {
    return (rb->count == (uint8_t)RBUFFER_SIZE - 1);
    395c:	20 81       	ld	r18, Z
    return data;
}

void rbuffer_reset(volatile ringbuffer_t* rb)
{
	rb->in = 0;
    395e:	dc 01       	movw	r26, r24
bool rbuffer_empty(volatile ringbuffer_t* rb) {
    return ((rb->count == 0) && (rb->in == rb->out));
}

void rbuffer_insert(char data, volatile ringbuffer_t* rb) {
	if (rbuffer_full(rb)) rbuffer_reset(rb);
    3960:	2f 37       	cpi	r18, 0x7F	; 127
    3962:	f1 f0       	breq	.+60     	; 0x39a0 <__vector_30+0xac>
    3964:	a0 58       	subi	r26, 0x80	; 128
    3966:	bf 4f       	sbci	r27, 0xFF	; 255
    *(rb->buffer + rb->in) = data;
    3968:	2c 91       	ld	r18, X
    396a:	ec 01       	movw	r28, r24
    396c:	c2 0f       	add	r28, r18
    396e:	d1 1d       	adc	r29, r1
    3970:	38 83       	st	Y, r19
    ATOMIC_BLOCK(ATOMIC_RESTORESTATE) {
    3972:	9f b7       	in	r25, 0x3f	; 63
    return 1;
}

static __inline__ uint8_t __iCliRetVal(void)
{
    cli();
    3974:	f8 94       	cli
        rb->in = (rb->in + 1) & ((uint8_t)RBUFFER_SIZE - 1);
    3976:	8c 91       	ld	r24, X
    3978:	8f 5f       	subi	r24, 0xFF	; 255
    397a:	8f 77       	andi	r24, 0x7F	; 127
    397c:	8c 93       	st	X, r24
        rb->count++;
    397e:	80 81       	ld	r24, Z
    3980:	8f 5f       	subi	r24, 0xFF	; 255
    3982:	80 83       	st	Z, r24
    (void)__s;
}

static __inline__ void __iRestore(const  uint8_t *__s)
{
    SREG = *__s;
    3984:	9f bf       	out	0x3f, r25	; 63
ISR(USART1_RX_vect) {
	
   char	data = UDR1;
    if(!rbuffer_full(&p_UART1_meta->rb_rx)) {
	    rbuffer_insert(data, &p_UART1_meta->rb_rx);
	    p_UART1_meta->usart_error = UCSR1A & USART_RX_ERROR_MASK ;
    3986:	e0 91 f3 01 	lds	r30, 0x01F3	; 0x8001f3 <p_UART1_meta>
    398a:	f0 91 f4 01 	lds	r31, 0x01F4	; 0x8001f4 <p_UART1_meta+0x1>
    398e:	80 91 9b 00 	lds	r24, 0x009B	; 0x80009b <__TEXT_REGION_LENGTH__+0x7f009b>
    3992:	8c 71       	andi	r24, 0x1C	; 28
    3994:	90 e0       	ldi	r25, 0x00	; 0
    3996:	ea 5f       	subi	r30, 0xFA	; 250
    3998:	fe 4f       	sbci	r31, 0xFE	; 254
    399a:	91 83       	std	Z+1, r25	; 0x01
    399c:	80 83       	st	Z, r24
    399e:	cf cf       	rjmp	.-98     	; 0x393e <__vector_30+0x4a>
    return data;
}

void rbuffer_reset(volatile ringbuffer_t* rb)
{
	rb->in = 0;
    39a0:	a0 58       	subi	r26, 0x80	; 128
    39a2:	bf 4f       	sbci	r27, 0xFF	; 255
    39a4:	1c 92       	st	X, r1
	rb->out = 0;
    39a6:	ec 01       	movw	r28, r24
    39a8:	cf 57       	subi	r28, 0x7F	; 127
    39aa:	df 4f       	sbci	r29, 0xFF	; 255
    39ac:	18 82       	st	Y, r1
	rb->count = 0;
    39ae:	10 82       	st	Z, r1
    39b0:	db cf       	rjmp	.-74     	; 0x3968 <__vector_30+0x74>

000039b2 <__vector_31>:
    }
    else {
	    p_UART1_meta->usart_error = ((UCSR1A & USART_RX_ERROR_MASK) | USART_BUFFER_OVERFLOW);
    }   
}
ISR(USART1_UDRE_vect) {
    39b2:	1f 92       	push	r1
    39b4:	0f 92       	push	r0
    39b6:	0f b6       	in	r0, 0x3f	; 63
    39b8:	0f 92       	push	r0
    39ba:	11 24       	eor	r1, r1
    39bc:	2f 93       	push	r18
    39be:	3f 93       	push	r19
    39c0:	8f 93       	push	r24
    39c2:	9f 93       	push	r25
    39c4:	af 93       	push	r26
    39c6:	bf 93       	push	r27
    39c8:	cf 93       	push	r28
    39ca:	df 93       	push	r29
    39cc:	ef 93       	push	r30
    39ce:	ff 93       	push	r31
    if(!rbuffer_empty(&p_UART1_meta->rb_tx)) {
    39d0:	80 91 f3 01 	lds	r24, 0x01F3	; 0x8001f3 <p_UART1_meta>
    39d4:	90 91 f4 01 	lds	r25, 0x01F4	; 0x8001f4 <p_UART1_meta+0x1>
bool rbuffer_full(volatile ringbuffer_t* rb) {
    return (rb->count == (uint8_t)RBUFFER_SIZE - 1);
}

bool rbuffer_empty(volatile ringbuffer_t* rb) {
    return ((rb->count == 0) && (rb->in == rb->out));
    39d8:	ec 01       	movw	r28, r24
    39da:	cb 5f       	subi	r28, 0xFB	; 251
    39dc:	de 4f       	sbci	r29, 0xFE	; 254
    39de:	28 81       	ld	r18, Y
    39e0:	22 23       	and	r18, r18
    39e2:	29 f1       	breq	.+74     	; 0x3a2e <__vector_31+0x7c>
    39e4:	dc 01       	movw	r26, r24
    39e6:	ac 5f       	subi	r26, 0xFC	; 252
    39e8:	be 4f       	sbci	r27, 0xFE	; 254
        rb->count++;
    }
}

char rbuffer_remove(volatile ringbuffer_t* rb) {
    char data = *(rb->buffer + rb->out);
    39ea:	8d 57       	subi	r24, 0x7D	; 125
    39ec:	9f 4f       	sbci	r25, 0xFF	; 255
    39ee:	2c 91       	ld	r18, X
    39f0:	fc 01       	movw	r30, r24
    39f2:	e2 0f       	add	r30, r18
    39f4:	f1 1d       	adc	r31, r1
    39f6:	90 81       	ld	r25, Z
    ATOMIC_BLOCK(ATOMIC_RESTORESTATE) {
    39f8:	2f b7       	in	r18, 0x3f	; 63
    return 1;
}

static __inline__ uint8_t __iCliRetVal(void)
{
    cli();
    39fa:	f8 94       	cli
        rb->out = (rb->out + 1) & ((uint8_t)RBUFFER_SIZE - 1);
    39fc:	8c 91       	ld	r24, X
    39fe:	8f 5f       	subi	r24, 0xFF	; 255
    3a00:	8f 77       	andi	r24, 0x7F	; 127
    3a02:	8c 93       	st	X, r24
        rb->count--;
    3a04:	88 81       	ld	r24, Y
    3a06:	81 50       	subi	r24, 0x01	; 1
    3a08:	88 83       	st	Y, r24
    (void)__s;
}

static __inline__ void __iRestore(const  uint8_t *__s)
{
    SREG = *__s;
    3a0a:	2f bf       	out	0x3f, r18	; 63
	    p_UART1_meta->usart_error = ((UCSR1A & USART_RX_ERROR_MASK) | USART_BUFFER_OVERFLOW);
    }   
}
ISR(USART1_UDRE_vect) {
    if(!rbuffer_empty(&p_UART1_meta->rb_tx)) {
	    UDR1 = rbuffer_remove(&p_UART1_meta->rb_tx);
    3a0c:	90 93 9c 00 	sts	0x009C, r25	; 0x80009c <__TEXT_REGION_LENGTH__+0x7f009c>
		
    }
    else {
	    UCSR1B &= ~(1 << UDRE);                   // Enable Tx buffer empty interrupt 
    }
}
    3a10:	ff 91       	pop	r31
    3a12:	ef 91       	pop	r30
    3a14:	df 91       	pop	r29
    3a16:	cf 91       	pop	r28
    3a18:	bf 91       	pop	r27
    3a1a:	af 91       	pop	r26
    3a1c:	9f 91       	pop	r25
    3a1e:	8f 91       	pop	r24
    3a20:	3f 91       	pop	r19
    3a22:	2f 91       	pop	r18
    3a24:	0f 90       	pop	r0
    3a26:	0f be       	out	0x3f, r0	; 63
    3a28:	0f 90       	pop	r0
    3a2a:	1f 90       	pop	r1
    3a2c:	18 95       	reti
bool rbuffer_full(volatile ringbuffer_t* rb) {
    return (rb->count == (uint8_t)RBUFFER_SIZE - 1);
}

bool rbuffer_empty(volatile ringbuffer_t* rb) {
    return ((rb->count == 0) && (rb->in == rb->out));
    3a2e:	fc 01       	movw	r30, r24
    3a30:	ed 5f       	subi	r30, 0xFD	; 253
    3a32:	fe 4f       	sbci	r31, 0xFE	; 254
    3a34:	30 81       	ld	r19, Z
    3a36:	dc 01       	movw	r26, r24
    3a38:	ac 5f       	subi	r26, 0xFC	; 252
    3a3a:	be 4f       	sbci	r27, 0xFE	; 254
    3a3c:	2c 91       	ld	r18, X
    3a3e:	32 13       	cpse	r19, r18
    3a40:	d4 cf       	rjmp	.-88     	; 0x39ea <__vector_31+0x38>
    if(!rbuffer_empty(&p_UART1_meta->rb_tx)) {
	    UDR1 = rbuffer_remove(&p_UART1_meta->rb_tx);
		
    }
    else {
	    UCSR1B &= ~(1 << UDRE);                   // Enable Tx buffer empty interrupt 
    3a42:	80 91 9a 00 	lds	r24, 0x009A	; 0x80009a <__TEXT_REGION_LENGTH__+0x7f009a>
    3a46:	8f 7d       	andi	r24, 0xDF	; 223
    3a48:	80 93 9a 00 	sts	0x009A, r24	; 0x80009a <__TEXT_REGION_LENGTH__+0x7f009a>
    3a4c:	e1 cf       	rjmp	.-62     	; 0x3a10 <__vector_31+0x5e>

00003a4e <UARTvprintf>:
//! \return None.
//
//*****************************************************************************
void
UARTvprintf(const char *pcString, va_list vaArgP)
{
    3a4e:	2f 92       	push	r2
    3a50:	3f 92       	push	r3
    3a52:	4f 92       	push	r4
    3a54:	5f 92       	push	r5
    3a56:	6f 92       	push	r6
    3a58:	7f 92       	push	r7
    3a5a:	8f 92       	push	r8
    3a5c:	9f 92       	push	r9
    3a5e:	af 92       	push	r10
    3a60:	bf 92       	push	r11
    3a62:	cf 92       	push	r12
    3a64:	df 92       	push	r13
    3a66:	ef 92       	push	r14
    3a68:	ff 92       	push	r15
    3a6a:	0f 93       	push	r16
    3a6c:	1f 93       	push	r17
    3a6e:	cf 93       	push	r28
    3a70:	df 93       	push	r29
    3a72:	cd b7       	in	r28, 0x3d	; 61
    3a74:	de b7       	in	r29, 0x3e	; 62
    3a76:	a8 97       	sbiw	r28, 0x28	; 40
    3a78:	0f b6       	in	r0, 0x3f	; 63
    3a7a:	f8 94       	cli
    3a7c:	de bf       	out	0x3e, r29	; 62
    3a7e:	0f be       	out	0x3f, r0	; 63
    3a80:	cd bf       	out	0x3d, r28	; 61
    3a82:	8c 01       	movw	r16, r24
    3a84:	6b 01       	movw	r12, r22
    3a86:	66 ea       	ldi	r22, 0xA6	; 166
    3a88:	26 2e       	mov	r2, r22
    3a8a:	68 e0       	ldi	r22, 0x08	; 8
    3a8c:	36 2e       	mov	r3, r22
    3a8e:	d8 01       	movw	r26, r16
    3a90:	8c 91       	ld	r24, X
    char *pcStr, pcBuf[16], cFill;

    //
    // Loop while there are more characters in the string.
    //
    while(*pcString)
    3a92:	88 23       	and	r24, r24
    3a94:	09 f4       	brne	.+2      	; 0x3a98 <UARTvprintf+0x4a>
    3a96:	73 c0       	rjmp	.+230    	; 0x3b7e <UARTvprintf+0x130>
    {
        //
        // Find the first non-% character, or the end of the string.
        //
        for(ui32Idx = 0;
    3a98:	1d a2       	std	Y+37, r1	; 0x25
    3a9a:	1e a2       	std	Y+38, r1	; 0x26
    3a9c:	1f a2       	std	Y+39, r1	; 0x27
    3a9e:	18 a6       	std	Y+40, r1	; 0x28
    3aa0:	16 c0       	rjmp	.+44     	; 0x3ace <UARTvprintf+0x80>
            (pcString[ui32Idx] != '%') && (pcString[ui32Idx] != '\0');
    3aa2:	4d a1       	ldd	r20, Y+37	; 0x25
    3aa4:	5e a1       	ldd	r21, Y+38	; 0x26
    3aa6:	6f a1       	ldd	r22, Y+39	; 0x27
    3aa8:	78 a5       	ldd	r23, Y+40	; 0x28
    3aaa:	f8 01       	movw	r30, r16
    3aac:	e4 0f       	add	r30, r20
    3aae:	f5 1f       	adc	r31, r21
    3ab0:	90 81       	ld	r25, Z
    3ab2:	99 23       	and	r25, r25
    3ab4:	b1 f0       	breq	.+44     	; 0x3ae2 <UARTvprintf+0x94>
            ui32Idx++)
    3ab6:	4d a1       	ldd	r20, Y+37	; 0x25
    3ab8:	5e a1       	ldd	r21, Y+38	; 0x26
    3aba:	6f a1       	ldd	r22, Y+39	; 0x27
    3abc:	78 a5       	ldd	r23, Y+40	; 0x28
    3abe:	4f 5f       	subi	r20, 0xFF	; 255
    3ac0:	5f 4f       	sbci	r21, 0xFF	; 255
    3ac2:	6f 4f       	sbci	r22, 0xFF	; 255
    3ac4:	7f 4f       	sbci	r23, 0xFF	; 255
    3ac6:	4d a3       	std	Y+37, r20	; 0x25
    3ac8:	5e a3       	std	Y+38, r21	; 0x26
    3aca:	6f a3       	std	Y+39, r22	; 0x27
    3acc:	78 a7       	std	Y+40, r23	; 0x28
    {
        //
        // Find the first non-% character, or the end of the string.
        //
        for(ui32Idx = 0;
            (pcString[ui32Idx] != '%') && (pcString[ui32Idx] != '\0');
    3ace:	4d a1       	ldd	r20, Y+37	; 0x25
    3ad0:	5e a1       	ldd	r21, Y+38	; 0x26
    3ad2:	6f a1       	ldd	r22, Y+39	; 0x27
    3ad4:	78 a5       	ldd	r23, Y+40	; 0x28
    3ad6:	f8 01       	movw	r30, r16
    3ad8:	e4 0f       	add	r30, r20
    3ada:	f5 1f       	adc	r31, r21
    while(*pcString)
    {
        //
        // Find the first non-% character, or the end of the string.
        //
        for(ui32Idx = 0;
    3adc:	90 81       	ld	r25, Z
    3ade:	95 32       	cpi	r25, 0x25	; 37
    3ae0:	01 f7       	brne	.-64     	; 0x3aa2 <UARTvprintf+0x54>
        }

        //
        // Write this portion of the string.
        //
        CONSOLE_UART_WRITE(pcString, ui32Idx);
    3ae2:	4d a1       	ldd	r20, Y+37	; 0x25
    3ae4:	5e a1       	ldd	r21, Y+38	; 0x26
    3ae6:	6f a1       	ldd	r22, Y+39	; 0x27
    3ae8:	78 a5       	ldd	r23, Y+40	; 0x28
    3aea:	e4 2e       	mov	r14, r20
}

void	usart0_send_array(const char* str, uint8_t	len)
{
	uint8_t	udx;
	for(udx = 0;udx < len; udx++)
    3aec:	44 23       	and	r20, r20
    3aee:	71 f0       	breq	.+28     	; 0x3b0c <UARTvprintf+0xbe>
    3af0:	58 01       	movw	r10, r16
    3af2:	2f ef       	ldi	r18, 0xFF	; 255
    3af4:	a2 1a       	sub	r10, r18
    3af6:	b2 0a       	sbc	r11, r18
    3af8:	f1 2c       	mov	r15, r1
    3afa:	03 c0       	rjmp	.+6      	; 0x3b02 <UARTvprintf+0xb4>
    3afc:	f5 01       	movw	r30, r10
    3afe:	81 91       	ld	r24, Z+
    3b00:	5f 01       	movw	r10, r30
		usart0_send_char(*str++);
    3b02:	0e 94 f5 1a 	call	0x35ea	; 0x35ea <usart0_send_char>
}

void	usart0_send_array(const char* str, uint8_t	len)
{
	uint8_t	udx;
	for(udx = 0;udx < len; udx++)
    3b06:	f3 94       	inc	r15
    3b08:	ef 10       	cpse	r14, r15
    3b0a:	f8 cf       	rjmp	.-16     	; 0x3afc <UARTvprintf+0xae>
        CONSOLE_UART_WRITE(pcString, ui32Idx);

        //
        // Skip the portion of the string that was written.
        //
        pcString += ui32Idx;
    3b0c:	8d a1       	ldd	r24, Y+37	; 0x25
    3b0e:	9e a1       	ldd	r25, Y+38	; 0x26
    3b10:	af a1       	ldd	r26, Y+39	; 0x27
    3b12:	b8 a5       	ldd	r27, Y+40	; 0x28
    3b14:	08 0f       	add	r16, r24
    3b16:	19 1f       	adc	r17, r25

        //
        // See if the next character is a %.
        //
        if(*pcString == '%')
    3b18:	d8 01       	movw	r26, r16
    3b1a:	8c 91       	ld	r24, X
    3b1c:	85 32       	cpi	r24, 0x25	; 37
    3b1e:	09 f0       	breq	.+2      	; 0x3b22 <UARTvprintf+0xd4>
    3b20:	b8 cf       	rjmp	.-144    	; 0x3a92 <UARTvprintf+0x44>
        {
            //
            // Skip the %.
            //
            pcString++;
    3b22:	0f 5f       	subi	r16, 0xFF	; 255
    3b24:	1f 4f       	sbci	r17, 0xFF	; 255

            //
            // Set the digit count to zero, and the fill character to space
            // (in other words, to the defaults).
            //
            ui32Count = 0;
    3b26:	19 8e       	std	Y+25, r1	; 0x19
    3b28:	1a 8e       	std	Y+26, r1	; 0x1a
    3b2a:	1b 8e       	std	Y+27, r1	; 0x1b
    3b2c:	1c 8e       	std	Y+28, r1	; 0x1c
            cFill = ' ';
    3b2e:	50 e2       	ldi	r21, 0x20	; 32
    3b30:	f5 2e       	mov	r15, r21
again:

            //
            // Determine how to handle the next character.
            //
            switch(*pcString++)
    3b32:	0f 5f       	subi	r16, 0xFF	; 255
    3b34:	1f 4f       	sbci	r17, 0xFF	; 255
    3b36:	f8 01       	movw	r30, r16
    3b38:	31 97       	sbiw	r30, 0x01	; 1
    3b3a:	20 81       	ld	r18, Z
    3b3c:	82 2f       	mov	r24, r18
    3b3e:	02 2e       	mov	r0, r18
    3b40:	00 0c       	add	r0, r0
    3b42:	99 0b       	sbc	r25, r25
    3b44:	aa 0b       	sbc	r26, r26
    3b46:	bb 0b       	sbc	r27, r27
    3b48:	fc 01       	movw	r30, r24
    3b4a:	b5 97       	sbiw	r30, 0x25	; 37
    3b4c:	e4 35       	cpi	r30, 0x54	; 84
    3b4e:	f1 05       	cpc	r31, r1
    3b50:	78 f1       	brcs	.+94     	; 0x3bb0 <UARTvprintf+0x162>
    3b52:	81 ea       	ldi	r24, 0xA1	; 161
    3b54:	e8 2e       	mov	r14, r24
    3b56:	88 e0       	ldi	r24, 0x08	; 8
    3b58:	f8 2e       	mov	r15, r24

void	usart0_send_array(const char* str, uint8_t	len)
{
	uint8_t	udx;
	for(udx = 0;udx < len; udx++)
		usart0_send_char(*str++);
    3b5a:	f7 01       	movw	r30, r14
    3b5c:	81 91       	ld	r24, Z+
    3b5e:	7f 01       	movw	r14, r30
    3b60:	0e 94 f5 1a 	call	0x35ea	; 0x35ea <usart0_send_char>
}

void	usart0_send_array(const char* str, uint8_t	len)
{
	uint8_t	udx;
	for(udx = 0;udx < len; udx++)
    3b64:	2e 14       	cp	r2, r14
    3b66:	3f 04       	cpc	r3, r15
    3b68:	09 f4       	brne	.+2      	; 0x3b6c <UARTvprintf+0x11e>
    3b6a:	91 cf       	rjmp	.-222    	; 0x3a8e <UARTvprintf+0x40>
		usart0_send_char(*str++);
    3b6c:	f7 01       	movw	r30, r14
    3b6e:	81 91       	ld	r24, Z+
    3b70:	7f 01       	movw	r14, r30
    3b72:	0e 94 f5 1a 	call	0x35ea	; 0x35ea <usart0_send_char>
}

void	usart0_send_array(const char* str, uint8_t	len)
{
	uint8_t	udx;
	for(udx = 0;udx < len; udx++)
    3b76:	2e 14       	cp	r2, r14
    3b78:	3f 04       	cpc	r3, r15
    3b7a:	79 f7       	brne	.-34     	; 0x3b5a <UARTvprintf+0x10c>
    3b7c:	88 cf       	rjmp	.-240    	; 0x3a8e <UARTvprintf+0x40>
                    break;
                }
            }
        }
    }
}
    3b7e:	a8 96       	adiw	r28, 0x28	; 40
    3b80:	0f b6       	in	r0, 0x3f	; 63
    3b82:	f8 94       	cli
    3b84:	de bf       	out	0x3e, r29	; 62
    3b86:	0f be       	out	0x3f, r0	; 63
    3b88:	cd bf       	out	0x3d, r28	; 61
    3b8a:	df 91       	pop	r29
    3b8c:	cf 91       	pop	r28
    3b8e:	1f 91       	pop	r17
    3b90:	0f 91       	pop	r16
    3b92:	ff 90       	pop	r15
    3b94:	ef 90       	pop	r14
    3b96:	df 90       	pop	r13
    3b98:	cf 90       	pop	r12
    3b9a:	bf 90       	pop	r11
    3b9c:	af 90       	pop	r10
    3b9e:	9f 90       	pop	r9
    3ba0:	8f 90       	pop	r8
    3ba2:	7f 90       	pop	r7
    3ba4:	6f 90       	pop	r6
    3ba6:	5f 90       	pop	r5
    3ba8:	4f 90       	pop	r4
    3baa:	3f 90       	pop	r3
    3bac:	2f 90       	pop	r2
    3bae:	08 95       	ret
again:

            //
            // Determine how to handle the next character.
            //
            switch(*pcString++)
    3bb0:	ee 5d       	subi	r30, 0xDE	; 222
    3bb2:	fe 4f       	sbci	r31, 0xFE	; 254
    3bb4:	0c 94 61 33 	jmp	0x66c2	; 0x66c2 <__tablejump2__>

void	usart0_send_array(const char* str, uint8_t	len)
{
	uint8_t	udx;
	for(udx = 0;udx < len; udx++)
		usart0_send_char(*str++);
    3bb8:	85 e2       	ldi	r24, 0x25	; 37
    3bba:	0e 94 f5 1a 	call	0x35ea	; 0x35ea <usart0_send_char>
    3bbe:	67 cf       	rjmp	.-306    	; 0x3a8e <UARTvprintf+0x40>
                case 'u':
                {
                    //
                    // Get the value from the varargs.
                    //
                    ui32Value = va_arg(vaArgP, uint16_t);
    3bc0:	d6 01       	movw	r26, r12
    3bc2:	8d 91       	ld	r24, X+
    3bc4:	9c 91       	ld	r25, X
    3bc6:	a0 e0       	ldi	r26, 0x00	; 0
    3bc8:	b0 e0       	ldi	r27, 0x00	; 0
    3bca:	89 a3       	std	Y+33, r24	; 0x21
    3bcc:	9a a3       	std	Y+34, r25	; 0x22
    3bce:	ab a3       	std	Y+35, r26	; 0x23
    3bd0:	bc a3       	std	Y+36, r27	; 0x24

                    //
                    // Reset the buffer position.
                    //
                    ui32Pos = 0;
    3bd2:	1d 8e       	std	Y+29, r1	; 0x1d
    3bd4:	1e 8e       	std	Y+30, r1	; 0x1e
    3bd6:	1f 8e       	std	Y+31, r1	; 0x1f
    3bd8:	18 a2       	std	Y+32, r1	; 0x20

                    //
                    // Set the base to 10.
                    //
                    ui32Base = 10;
    3bda:	8a e0       	ldi	r24, 0x0A	; 10
    3bdc:	90 e0       	ldi	r25, 0x00	; 0
    3bde:	a0 e0       	ldi	r26, 0x00	; 0
    3be0:	b0 e0       	ldi	r27, 0x00	; 0
                    ui32Pos = 0;

                    //
                    // Set the base to 16.
                    //
                    ui32Base = 16;
    3be2:	8d 8b       	std	Y+21, r24	; 0x15
    3be4:	9e 8b       	std	Y+22, r25	; 0x16
    3be6:	af 8b       	std	Y+23, r26	; 0x17
    3be8:	b8 8f       	std	Y+24, r27	; 0x18

                    //
                    // Indicate that the value is positive so that a minus sign
                    // isn't inserted.
                    //
                    ui32Neg = 0;
    3bea:	19 8a       	std	Y+17, r1	; 0x11
    3bec:	1a 8a       	std	Y+18, r1	; 0x12
    3bee:	1b 8a       	std	Y+19, r1	; 0x13
    3bf0:	1c 8a       	std	Y+20, r1	; 0x14
                case 'p':
                {
                    //
                    // Get the value from the varargs.
                    //
                    ui32Value = va_arg(vaArgP, uint16_t);
    3bf2:	d6 01       	movw	r26, r12
    3bf4:	12 96       	adiw	r26, 0x02	; 2
    3bf6:	6d 01       	movw	r12, r26
                    //
                    // Determine the number of digits in the string version of
                    // the value.
                    //
convert:
                    for(ui32Idx = 1;
    3bf8:	81 e0       	ldi	r24, 0x01	; 1
    3bfa:	90 e0       	ldi	r25, 0x00	; 0
    3bfc:	a0 e0       	ldi	r26, 0x00	; 0
    3bfe:	b0 e0       	ldi	r27, 0x00	; 0
    3c00:	8d a3       	std	Y+37, r24	; 0x25
    3c02:	9e a3       	std	Y+38, r25	; 0x26
    3c04:	af a3       	std	Y+39, r26	; 0x27
    3c06:	b8 a7       	std	Y+40, r27	; 0x28
    3c08:	34 c0       	rjmp	.+104    	; 0x3c72 <UARTvprintf+0x224>
                        (((ui32Idx * ui32Base) <= ui32Value) &&
                         (((ui32Idx * ui32Base) / ui32Base) == ui32Idx));
    3c0a:	2d a1       	ldd	r18, Y+37	; 0x25
    3c0c:	3e a1       	ldd	r19, Y+38	; 0x26
    3c0e:	4f a1       	ldd	r20, Y+39	; 0x27
    3c10:	58 a5       	ldd	r21, Y+40	; 0x28
    3c12:	6d 89       	ldd	r22, Y+21	; 0x15
    3c14:	7e 89       	ldd	r23, Y+22	; 0x16
    3c16:	8f 89       	ldd	r24, Y+23	; 0x17
    3c18:	98 8d       	ldd	r25, Y+24	; 0x18
    3c1a:	4d 88       	ldd	r4, Y+21	; 0x15
    3c1c:	5e 88       	ldd	r5, Y+22	; 0x16
    3c1e:	6f 88       	ldd	r6, Y+23	; 0x17
    3c20:	78 8c       	ldd	r7, Y+24	; 0x18
    3c22:	8d a0       	ldd	r8, Y+37	; 0x25
    3c24:	9e a0       	ldd	r9, Y+38	; 0x26
    3c26:	af a0       	ldd	r10, Y+39	; 0x27
    3c28:	b8 a4       	ldd	r11, Y+40	; 0x28
                    // Determine the number of digits in the string version of
                    // the value.
                    //
convert:
                    for(ui32Idx = 1;
                        (((ui32Idx * ui32Base) <= ui32Value) &&
    3c2a:	0e 94 2f 33 	call	0x665e	; 0x665e <__mulsi3>
    3c2e:	a3 01       	movw	r20, r6
    3c30:	92 01       	movw	r18, r4
    3c32:	0e 94 3f 33 	call	0x667e	; 0x667e <__udivmodsi4>
    3c36:	28 15       	cp	r18, r8
    3c38:	39 05       	cpc	r19, r9
    3c3a:	4a 05       	cpc	r20, r10
    3c3c:	5b 05       	cpc	r21, r11
    3c3e:	69 f5       	brne	.+90     	; 0x3c9a <UARTvprintf+0x24c>
                         (((ui32Idx * ui32Base) / ui32Base) == ui32Idx));
                        ui32Idx *= ui32Base, ui32Count--)
    3c40:	2d 89       	ldd	r18, Y+21	; 0x15
    3c42:	3e 89       	ldd	r19, Y+22	; 0x16
    3c44:	4f 89       	ldd	r20, Y+23	; 0x17
    3c46:	58 8d       	ldd	r21, Y+24	; 0x18
    3c48:	6d a1       	ldd	r22, Y+37	; 0x25
    3c4a:	7e a1       	ldd	r23, Y+38	; 0x26
    3c4c:	8f a1       	ldd	r24, Y+39	; 0x27
    3c4e:	98 a5       	ldd	r25, Y+40	; 0x28
    3c50:	0e 94 2f 33 	call	0x665e	; 0x665e <__mulsi3>
    3c54:	6d a3       	std	Y+37, r22	; 0x25
    3c56:	7e a3       	std	Y+38, r23	; 0x26
    3c58:	8f a3       	std	Y+39, r24	; 0x27
    3c5a:	98 a7       	std	Y+40, r25	; 0x28
    3c5c:	89 8d       	ldd	r24, Y+25	; 0x19
    3c5e:	9a 8d       	ldd	r25, Y+26	; 0x1a
    3c60:	ab 8d       	ldd	r26, Y+27	; 0x1b
    3c62:	bc 8d       	ldd	r27, Y+28	; 0x1c
    3c64:	01 97       	sbiw	r24, 0x01	; 1
    3c66:	a1 09       	sbc	r26, r1
    3c68:	b1 09       	sbc	r27, r1
    3c6a:	89 8f       	std	Y+25, r24	; 0x19
    3c6c:	9a 8f       	std	Y+26, r25	; 0x1a
    3c6e:	ab 8f       	std	Y+27, r26	; 0x1b
    3c70:	bc 8f       	std	Y+28, r27	; 0x1c
                    // Determine the number of digits in the string version of
                    // the value.
                    //
convert:
                    for(ui32Idx = 1;
                        (((ui32Idx * ui32Base) <= ui32Value) &&
    3c72:	2d a1       	ldd	r18, Y+37	; 0x25
    3c74:	3e a1       	ldd	r19, Y+38	; 0x26
    3c76:	4f a1       	ldd	r20, Y+39	; 0x27
    3c78:	58 a5       	ldd	r21, Y+40	; 0x28
    3c7a:	6d 89       	ldd	r22, Y+21	; 0x15
    3c7c:	7e 89       	ldd	r23, Y+22	; 0x16
    3c7e:	8f 89       	ldd	r24, Y+23	; 0x17
    3c80:	98 8d       	ldd	r25, Y+24	; 0x18
    3c82:	89 a0       	ldd	r8, Y+33	; 0x21
    3c84:	9a a0       	ldd	r9, Y+34	; 0x22
    3c86:	ab a0       	ldd	r10, Y+35	; 0x23
    3c88:	bc a0       	ldd	r11, Y+36	; 0x24
                    //
                    // Determine the number of digits in the string version of
                    // the value.
                    //
convert:
                    for(ui32Idx = 1;
    3c8a:	0e 94 2f 33 	call	0x665e	; 0x665e <__mulsi3>
    3c8e:	86 16       	cp	r8, r22
    3c90:	97 06       	cpc	r9, r23
    3c92:	a8 06       	cpc	r10, r24
    3c94:	b9 06       	cpc	r11, r25
    3c96:	08 f0       	brcs	.+2      	; 0x3c9a <UARTvprintf+0x24c>
    3c98:	b8 cf       	rjmp	.-144    	; 0x3c0a <UARTvprintf+0x1bc>

                    //
                    // If the value is negative, reduce the count of padding
                    // characters needed.
                    //
                    if(ui32Neg)
    3c9a:	89 89       	ldd	r24, Y+17	; 0x11
    3c9c:	9a 89       	ldd	r25, Y+18	; 0x12
    3c9e:	ab 89       	ldd	r26, Y+19	; 0x13
    3ca0:	bc 89       	ldd	r27, Y+20	; 0x14
    3ca2:	89 2b       	or	r24, r25
    3ca4:	8a 2b       	or	r24, r26
    3ca6:	8b 2b       	or	r24, r27
    3ca8:	59 f0       	breq	.+22     	; 0x3cc0 <UARTvprintf+0x272>
                    {
                        ui32Count--;
    3caa:	89 8d       	ldd	r24, Y+25	; 0x19
    3cac:	9a 8d       	ldd	r25, Y+26	; 0x1a
    3cae:	ab 8d       	ldd	r26, Y+27	; 0x1b
    3cb0:	bc 8d       	ldd	r27, Y+28	; 0x1c
    3cb2:	01 97       	sbiw	r24, 0x01	; 1
    3cb4:	a1 09       	sbc	r26, r1
    3cb6:	b1 09       	sbc	r27, r1
    3cb8:	89 8f       	std	Y+25, r24	; 0x19
    3cba:	9a 8f       	std	Y+26, r25	; 0x1a
    3cbc:	ab 8f       	std	Y+27, r26	; 0x1b
    3cbe:	bc 8f       	std	Y+28, r27	; 0x1c

                    //
                    // If the value is negative and the value is padded with
                    // zeros, then place the minus sign before the padding.
                    //
                    if(ui32Neg && (cFill == '0'))
    3cc0:	89 89       	ldd	r24, Y+17	; 0x11
    3cc2:	9a 89       	ldd	r25, Y+18	; 0x12
    3cc4:	ab 89       	ldd	r26, Y+19	; 0x13
    3cc6:	bc 89       	ldd	r27, Y+20	; 0x14
    3cc8:	89 2b       	or	r24, r25
    3cca:	8a 2b       	or	r24, r26
    3ccc:	8b 2b       	or	r24, r27
    3cce:	21 f0       	breq	.+8      	; 0x3cd8 <UARTvprintf+0x28a>
    3cd0:	90 e3       	ldi	r25, 0x30	; 48
    3cd2:	f9 16       	cp	r15, r25
    3cd4:	09 f4       	brne	.+2      	; 0x3cd8 <UARTvprintf+0x28a>
    3cd6:	ac c1       	rjmp	.+856    	; 0x4030 <UARTvprintf+0x5e2>

                    //
                    // Provide additional padding at the beginning of the
                    // string conversion if needed.
                    //
                    if((ui32Count > 1) && (ui32Count < 16))
    3cd8:	89 8d       	ldd	r24, Y+25	; 0x19
    3cda:	9a 8d       	ldd	r25, Y+26	; 0x1a
    3cdc:	ab 8d       	ldd	r26, Y+27	; 0x1b
    3cde:	bc 8d       	ldd	r27, Y+28	; 0x1c
    3ce0:	02 97       	sbiw	r24, 0x02	; 2
    3ce2:	a1 05       	cpc	r26, r1
    3ce4:	b1 05       	cpc	r27, r1
    3ce6:	48 f0       	brcs	.+18     	; 0x3cfa <UARTvprintf+0x2ac>
    3ce8:	89 8d       	ldd	r24, Y+25	; 0x19
    3cea:	9a 8d       	ldd	r25, Y+26	; 0x1a
    3cec:	ab 8d       	ldd	r26, Y+27	; 0x1b
    3cee:	bc 8d       	ldd	r27, Y+28	; 0x1c
    3cf0:	40 97       	sbiw	r24, 0x10	; 16
    3cf2:	a1 05       	cpc	r26, r1
    3cf4:	b1 05       	cpc	r27, r1
    3cf6:	08 f4       	brcc	.+2      	; 0x3cfa <UARTvprintf+0x2ac>
    3cf8:	97 c0       	rjmp	.+302    	; 0x3e28 <UARTvprintf+0x3da>

                    //
                    // If the value is negative, then place the minus sign
                    // before the number.
                    //
                    if(ui32Neg)
    3cfa:	89 89       	ldd	r24, Y+17	; 0x11
    3cfc:	9a 89       	ldd	r25, Y+18	; 0x12
    3cfe:	ab 89       	ldd	r26, Y+19	; 0x13
    3d00:	bc 89       	ldd	r27, Y+20	; 0x14
    3d02:	89 2b       	or	r24, r25
    3d04:	8a 2b       	or	r24, r26
    3d06:	8b 2b       	or	r24, r27
    3d08:	09 f4       	brne	.+2      	; 0x3d0c <UARTvprintf+0x2be>
    3d0a:	54 c0       	rjmp	.+168    	; 0x3db4 <UARTvprintf+0x366>
                    {
                        //
                        // Place the minus sign in the output buffer.
                        //
                        pcBuf[ui32Pos++] = '-';
    3d0c:	8d 8d       	ldd	r24, Y+29	; 0x1d
    3d0e:	9e 8d       	ldd	r25, Y+30	; 0x1e
    3d10:	af 8d       	ldd	r26, Y+31	; 0x1f
    3d12:	b8 a1       	ldd	r27, Y+32	; 0x20
    3d14:	ac 01       	movw	r20, r24
    3d16:	bd 01       	movw	r22, r26
    3d18:	4f 5f       	subi	r20, 0xFF	; 255
    3d1a:	5f 4f       	sbci	r21, 0xFF	; 255
    3d1c:	6f 4f       	sbci	r22, 0xFF	; 255
    3d1e:	7f 4f       	sbci	r23, 0xFF	; 255
    3d20:	4d 8f       	std	Y+29, r20	; 0x1d
    3d22:	5e 8f       	std	Y+30, r21	; 0x1e
    3d24:	6f 8f       	std	Y+31, r22	; 0x1f
    3d26:	78 a3       	std	Y+32, r23	; 0x20
    3d28:	e1 e0       	ldi	r30, 0x01	; 1
    3d2a:	f0 e0       	ldi	r31, 0x00	; 0
    3d2c:	ec 0f       	add	r30, r28
    3d2e:	fd 1f       	adc	r31, r29
    3d30:	e8 0f       	add	r30, r24
    3d32:	f9 1f       	adc	r31, r25
    3d34:	bd e2       	ldi	r27, 0x2D	; 45
    3d36:	b0 83       	st	Z, r27
    3d38:	3d c0       	rjmp	.+122    	; 0x3db4 <UARTvprintf+0x366>
                    //
                    // Convert the value into a string.
                    //
                    for(; ui32Idx; ui32Idx /= ui32Base)
                    {
                        pcBuf[ui32Pos++] =
    3d3a:	4d 8c       	ldd	r4, Y+29	; 0x1d
    3d3c:	5e 8c       	ldd	r5, Y+30	; 0x1e
    3d3e:	6f 8c       	ldd	r6, Y+31	; 0x1f
    3d40:	78 a0       	ldd	r7, Y+32	; 0x20
    3d42:	b3 01       	movw	r22, r6
    3d44:	a2 01       	movw	r20, r4
    3d46:	4f 5f       	subi	r20, 0xFF	; 255
    3d48:	5f 4f       	sbci	r21, 0xFF	; 255
    3d4a:	6f 4f       	sbci	r22, 0xFF	; 255
    3d4c:	7f 4f       	sbci	r23, 0xFF	; 255
    3d4e:	4d 8f       	std	Y+29, r20	; 0x1d
    3d50:	5e 8f       	std	Y+30, r21	; 0x1e
    3d52:	6f 8f       	std	Y+31, r22	; 0x1f
    3d54:	78 a3       	std	Y+32, r23	; 0x20
                            g_pcHex[(ui32Value / ui32Idx) % ui32Base];
    3d56:	69 a1       	ldd	r22, Y+33	; 0x21
    3d58:	7a a1       	ldd	r23, Y+34	; 0x22
    3d5a:	8b a1       	ldd	r24, Y+35	; 0x23
    3d5c:	9c a1       	ldd	r25, Y+36	; 0x24
    3d5e:	2d a1       	ldd	r18, Y+37	; 0x25
    3d60:	3e a1       	ldd	r19, Y+38	; 0x26
    3d62:	4f a1       	ldd	r20, Y+39	; 0x27
    3d64:	58 a5       	ldd	r21, Y+40	; 0x28
    3d66:	8d 88       	ldd	r8, Y+21	; 0x15
    3d68:	9e 88       	ldd	r9, Y+22	; 0x16
    3d6a:	af 88       	ldd	r10, Y+23	; 0x17
    3d6c:	b8 8c       	ldd	r11, Y+24	; 0x18
                    //
                    // Convert the value into a string.
                    //
                    for(; ui32Idx; ui32Idx /= ui32Base)
                    {
                        pcBuf[ui32Pos++] =
    3d6e:	ee 24       	eor	r14, r14
    3d70:	e3 94       	inc	r14
    3d72:	f1 2c       	mov	r15, r1
    3d74:	ec 0e       	add	r14, r28
    3d76:	fd 1e       	adc	r15, r29
    3d78:	e4 0c       	add	r14, r4
    3d7a:	f5 1c       	adc	r15, r5
                            g_pcHex[(ui32Value / ui32Idx) % ui32Base];
    3d7c:	0e 94 3f 33 	call	0x667e	; 0x667e <__udivmodsi4>
    3d80:	ca 01       	movw	r24, r20
    3d82:	b9 01       	movw	r22, r18
    3d84:	a5 01       	movw	r20, r10
    3d86:	94 01       	movw	r18, r8
    3d88:	0e 94 3f 33 	call	0x667e	; 0x667e <__udivmodsi4>
    3d8c:	fb 01       	movw	r30, r22
    3d8e:	e9 55       	subi	r30, 0x59	; 89
    3d90:	f7 4f       	sbci	r31, 0xF7	; 247
                    //
                    // Convert the value into a string.
                    //
                    for(; ui32Idx; ui32Idx /= ui32Base)
                    {
                        pcBuf[ui32Pos++] =
    3d92:	80 81       	ld	r24, Z
    3d94:	f7 01       	movw	r30, r14
    3d96:	80 83       	st	Z, r24
                            g_pcHex[(ui32Value / ui32Idx) % ui32Base];
                    }
    3d98:	2d 89       	ldd	r18, Y+21	; 0x15
    3d9a:	3e 89       	ldd	r19, Y+22	; 0x16
    3d9c:	4f 89       	ldd	r20, Y+23	; 0x17
    3d9e:	58 8d       	ldd	r21, Y+24	; 0x18
                    }

                    //
                    // Convert the value into a string.
                    //
                    for(; ui32Idx; ui32Idx /= ui32Base)
    3da0:	6d a1       	ldd	r22, Y+37	; 0x25
    3da2:	7e a1       	ldd	r23, Y+38	; 0x26
    3da4:	8f a1       	ldd	r24, Y+39	; 0x27
    3da6:	98 a5       	ldd	r25, Y+40	; 0x28
    3da8:	0e 94 3f 33 	call	0x667e	; 0x667e <__udivmodsi4>
    3dac:	2d a3       	std	Y+37, r18	; 0x25
    3dae:	3e a3       	std	Y+38, r19	; 0x26
    3db0:	4f a3       	std	Y+39, r20	; 0x27
    3db2:	58 a7       	std	Y+40, r21	; 0x28
    3db4:	8d a1       	ldd	r24, Y+37	; 0x25
    3db6:	9e a1       	ldd	r25, Y+38	; 0x26
    3db8:	af a1       	ldd	r26, Y+39	; 0x27
    3dba:	b8 a5       	ldd	r27, Y+40	; 0x28
    3dbc:	89 2b       	or	r24, r25
    3dbe:	8a 2b       	or	r24, r26
    3dc0:	8b 2b       	or	r24, r27
    3dc2:	09 f0       	breq	.+2      	; 0x3dc6 <UARTvprintf+0x378>
    3dc4:	ba cf       	rjmp	.-140    	; 0x3d3a <UARTvprintf+0x2ec>
                    }

                    //
                    // Write the string.
                    //
                    CONSOLE_UART_WRITE(pcBuf, ui32Pos);
    3dc6:	8d 8d       	ldd	r24, Y+29	; 0x1d
    3dc8:	9e 8d       	ldd	r25, Y+30	; 0x1e
    3dca:	af 8d       	ldd	r26, Y+31	; 0x1f
    3dcc:	b8 a1       	ldd	r27, Y+32	; 0x20
}

void	usart0_send_array(const char* str, uint8_t	len)
{
	uint8_t	udx;
	for(udx = 0;udx < len; udx++)
    3dce:	88 23       	and	r24, r24
    3dd0:	09 f4       	brne	.+2      	; 0x3dd4 <UARTvprintf+0x386>
    3dd2:	5d ce       	rjmp	.-838    	; 0x3a8e <UARTvprintf+0x40>
    3dd4:	9e 01       	movw	r18, r28
    3dd6:	2f 5f       	subi	r18, 0xFF	; 255
    3dd8:	3f 4f       	sbci	r19, 0xFF	; 255
    3dda:	79 01       	movw	r14, r18
    3ddc:	81 50       	subi	r24, 0x01	; 1
    3dde:	90 e0       	ldi	r25, 0x00	; 0
    3de0:	5c 01       	movw	r10, r24
    3de2:	3f ef       	ldi	r19, 0xFF	; 255
    3de4:	a3 1a       	sub	r10, r19
    3de6:	b3 0a       	sbc	r11, r19
    3de8:	ae 0c       	add	r10, r14
    3dea:	bf 1c       	adc	r11, r15
		usart0_send_char(*str++);
    3dec:	d7 01       	movw	r26, r14
    3dee:	8d 91       	ld	r24, X+
    3df0:	7d 01       	movw	r14, r26
    3df2:	0e 94 f5 1a 	call	0x35ea	; 0x35ea <usart0_send_char>
}

void	usart0_send_array(const char* str, uint8_t	len)
{
	uint8_t	udx;
	for(udx = 0;udx < len; udx++)
    3df6:	ae 14       	cp	r10, r14
    3df8:	bf 04       	cpc	r11, r15
    3dfa:	c1 f7       	brne	.-16     	; 0x3dec <UARTvprintf+0x39e>
    3dfc:	48 ce       	rjmp	.-880    	; 0x3a8e <UARTvprintf+0x40>
                    //
                    if((ui32Count > 1) && (ui32Count < 16))
                    {
                        for(ui32Count--; ui32Count; ui32Count--)
                        {
                            pcBuf[ui32Pos++] = cFill;
    3dfe:	8d 8d       	ldd	r24, Y+29	; 0x1d
    3e00:	9e 8d       	ldd	r25, Y+30	; 0x1e
    3e02:	af 8d       	ldd	r26, Y+31	; 0x1f
    3e04:	b8 a1       	ldd	r27, Y+32	; 0x20
    3e06:	ac 01       	movw	r20, r24
    3e08:	bd 01       	movw	r22, r26
    3e0a:	4f 5f       	subi	r20, 0xFF	; 255
    3e0c:	5f 4f       	sbci	r21, 0xFF	; 255
    3e0e:	6f 4f       	sbci	r22, 0xFF	; 255
    3e10:	7f 4f       	sbci	r23, 0xFF	; 255
    3e12:	4d 8f       	std	Y+29, r20	; 0x1d
    3e14:	5e 8f       	std	Y+30, r21	; 0x1e
    3e16:	6f 8f       	std	Y+31, r22	; 0x1f
    3e18:	78 a3       	std	Y+32, r23	; 0x20
    3e1a:	e1 e0       	ldi	r30, 0x01	; 1
    3e1c:	f0 e0       	ldi	r31, 0x00	; 0
    3e1e:	ec 0f       	add	r30, r28
    3e20:	fd 1f       	adc	r31, r29
    3e22:	e8 0f       	add	r30, r24
    3e24:	f9 1f       	adc	r31, r25
    3e26:	f0 82       	st	Z, r15
                    // Provide additional padding at the beginning of the
                    // string conversion if needed.
                    //
                    if((ui32Count > 1) && (ui32Count < 16))
                    {
                        for(ui32Count--; ui32Count; ui32Count--)
    3e28:	89 8d       	ldd	r24, Y+25	; 0x19
    3e2a:	9a 8d       	ldd	r25, Y+26	; 0x1a
    3e2c:	ab 8d       	ldd	r26, Y+27	; 0x1b
    3e2e:	bc 8d       	ldd	r27, Y+28	; 0x1c
    3e30:	01 97       	sbiw	r24, 0x01	; 1
    3e32:	a1 09       	sbc	r26, r1
    3e34:	b1 09       	sbc	r27, r1
    3e36:	89 8f       	std	Y+25, r24	; 0x19
    3e38:	9a 8f       	std	Y+26, r25	; 0x1a
    3e3a:	ab 8f       	std	Y+27, r26	; 0x1b
    3e3c:	bc 8f       	std	Y+28, r27	; 0x1c
    3e3e:	89 8d       	ldd	r24, Y+25	; 0x19
    3e40:	9a 8d       	ldd	r25, Y+26	; 0x1a
    3e42:	ab 8d       	ldd	r26, Y+27	; 0x1b
    3e44:	bc 8d       	ldd	r27, Y+28	; 0x1c
    3e46:	89 2b       	or	r24, r25
    3e48:	8a 2b       	or	r24, r26
    3e4a:	8b 2b       	or	r24, r27
    3e4c:	c1 f6       	brne	.-80     	; 0x3dfe <UARTvprintf+0x3b0>
    3e4e:	55 cf       	rjmp	.-342    	; 0x3cfa <UARTvprintf+0x2ac>
                {
                    //
                    // If this is a zero, and it is the first digit, then the
                    // fill character is a zero instead of a space.
                    //
                    if((pcString[-1] == '0') && (ui32Count == 0))
    3e50:	20 33       	cpi	r18, 0x30	; 48
    3e52:	09 f4       	brne	.+2      	; 0x3e56 <UARTvprintf+0x408>
    3e54:	e1 c0       	rjmp	.+450    	; 0x4018 <UARTvprintf+0x5ca>
                    }

                    //
                    // Update the digit count.
                    //
                    ui32Count *= 10;
    3e56:	89 8d       	ldd	r24, Y+25	; 0x19
    3e58:	9a 8d       	ldd	r25, Y+26	; 0x1a
    3e5a:	ab 8d       	ldd	r26, Y+27	; 0x1b
    3e5c:	bc 8d       	ldd	r27, Y+28	; 0x1c
    3e5e:	88 0f       	add	r24, r24
    3e60:	99 1f       	adc	r25, r25
    3e62:	aa 1f       	adc	r26, r26
    3e64:	bb 1f       	adc	r27, r27
    3e66:	ac 01       	movw	r20, r24
    3e68:	bd 01       	movw	r22, r26
    3e6a:	44 0f       	add	r20, r20
    3e6c:	55 1f       	adc	r21, r21
    3e6e:	66 1f       	adc	r22, r22
    3e70:	77 1f       	adc	r23, r23
    3e72:	44 0f       	add	r20, r20
    3e74:	55 1f       	adc	r21, r21
    3e76:	66 1f       	adc	r22, r22
    3e78:	77 1f       	adc	r23, r23
    3e7a:	84 0f       	add	r24, r20
    3e7c:	95 1f       	adc	r25, r21
    3e7e:	a6 1f       	adc	r26, r22
    3e80:	b7 1f       	adc	r27, r23
    3e82:	89 8f       	std	Y+25, r24	; 0x19
    3e84:	9a 8f       	std	Y+26, r25	; 0x1a
    3e86:	ab 8f       	std	Y+27, r26	; 0x1b
    3e88:	bc 8f       	std	Y+28, r27	; 0x1c
                    ui32Count += pcString[-1] - '0';
    3e8a:	49 8d       	ldd	r20, Y+25	; 0x19
    3e8c:	5a 8d       	ldd	r21, Y+26	; 0x1a
    3e8e:	6b 8d       	ldd	r22, Y+27	; 0x1b
    3e90:	7c 8d       	ldd	r23, Y+28	; 0x1c
    3e92:	02 2e       	mov	r0, r18
    3e94:	00 0c       	add	r0, r0
    3e96:	33 0b       	sbc	r19, r19
    3e98:	c9 01       	movw	r24, r18
    3e9a:	c0 97       	sbiw	r24, 0x30	; 48
    3e9c:	09 2e       	mov	r0, r25
    3e9e:	00 0c       	add	r0, r0
    3ea0:	aa 0b       	sbc	r26, r26
    3ea2:	bb 0b       	sbc	r27, r27
    3ea4:	84 0f       	add	r24, r20
    3ea6:	95 1f       	adc	r25, r21
    3ea8:	a6 1f       	adc	r26, r22
    3eaa:	b7 1f       	adc	r27, r23
    3eac:	89 8f       	std	Y+25, r24	; 0x19
    3eae:	9a 8f       	std	Y+26, r25	; 0x1a
    3eb0:	ab 8f       	std	Y+27, r26	; 0x1b
    3eb2:	bc 8f       	std	Y+28, r27	; 0x1c

                    //
                    // Get the next character.
                    //
                    goto again;
    3eb4:	3e ce       	rjmp	.-900    	; 0x3b32 <UARTvprintf+0xe4>
                case 'p':
                {
                    //
                    // Get the value from the varargs.
                    //
                    ui32Value = va_arg(vaArgP, uint16_t);
    3eb6:	f6 01       	movw	r30, r12
    3eb8:	80 81       	ld	r24, Z
    3eba:	91 81       	ldd	r25, Z+1	; 0x01
    3ebc:	a0 e0       	ldi	r26, 0x00	; 0
    3ebe:	b0 e0       	ldi	r27, 0x00	; 0
    3ec0:	89 a3       	std	Y+33, r24	; 0x21
    3ec2:	9a a3       	std	Y+34, r25	; 0x22
    3ec4:	ab a3       	std	Y+35, r26	; 0x23
    3ec6:	bc a3       	std	Y+36, r27	; 0x24

                    //
                    // Reset the buffer position.
                    //
                    ui32Pos = 0;
    3ec8:	1d 8e       	std	Y+29, r1	; 0x1d
    3eca:	1e 8e       	std	Y+30, r1	; 0x1e
    3ecc:	1f 8e       	std	Y+31, r1	; 0x1f
    3ece:	18 a2       	std	Y+32, r1	; 0x20

                    //
                    // Set the base to 16.
                    //
                    ui32Base = 16;
    3ed0:	80 e1       	ldi	r24, 0x10	; 16
    3ed2:	90 e0       	ldi	r25, 0x00	; 0
    3ed4:	a0 e0       	ldi	r26, 0x00	; 0
    3ed6:	b0 e0       	ldi	r27, 0x00	; 0
    3ed8:	84 ce       	rjmp	.-760    	; 0x3be2 <UARTvprintf+0x194>
                case 'd':
                {
                    //
                    // Get the value from the varargs.
                    //
                    ui32Value = va_arg(vaArgP, int16_t);
    3eda:	96 01       	movw	r18, r12
    3edc:	2e 5f       	subi	r18, 0xFE	; 254
    3ede:	3f 4f       	sbci	r19, 0xFF	; 255
    3ee0:	d6 01       	movw	r26, r12
    3ee2:	8d 91       	ld	r24, X+
    3ee4:	9c 91       	ld	r25, X
    3ee6:	09 2e       	mov	r0, r25
    3ee8:	00 0c       	add	r0, r0
    3eea:	aa 0b       	sbc	r26, r26
    3eec:	bb 0b       	sbc	r27, r27
    3eee:	89 a3       	std	Y+33, r24	; 0x21
    3ef0:	9a a3       	std	Y+34, r25	; 0x22
    3ef2:	ab a3       	std	Y+35, r26	; 0x23
    3ef4:	bc a3       	std	Y+36, r27	; 0x24

                    //
                    // Reset the buffer position.
                    //
                    ui32Pos = 0;
    3ef6:	1d 8e       	std	Y+29, r1	; 0x1d
    3ef8:	1e 8e       	std	Y+30, r1	; 0x1e
    3efa:	1f 8e       	std	Y+31, r1	; 0x1f
    3efc:	18 a2       	std	Y+32, r1	; 0x20

                    //
                    // If the value is negative, make it positive and indicate
                    // that a minus sign is needed.
                    //
                    if((int32_t)ui32Value < 0)
    3efe:	89 a1       	ldd	r24, Y+33	; 0x21
    3f00:	9a a1       	ldd	r25, Y+34	; 0x22
    3f02:	ab a1       	ldd	r26, Y+35	; 0x23
    3f04:	bc a1       	ldd	r27, Y+36	; 0x24
    3f06:	b7 fd       	sbrc	r27, 7
    3f08:	ae c0       	rjmp	.+348    	; 0x4066 <UARTvprintf+0x618>
                    {
                        //
                        // Indicate that the value is positive so that a minus
                        // sign isn't inserted.
                        //
                        ui32Neg = 0;
    3f0a:	19 8a       	std	Y+17, r1	; 0x11
    3f0c:	1a 8a       	std	Y+18, r1	; 0x12
    3f0e:	1b 8a       	std	Y+19, r1	; 0x13
    3f10:	1c 8a       	std	Y+20, r1	; 0x14
                    }

                    //
                    // Set the base to 10.
                    //
                    ui32Base = 10;
    3f12:	8a e0       	ldi	r24, 0x0A	; 10
    3f14:	90 e0       	ldi	r25, 0x00	; 0
    3f16:	a0 e0       	ldi	r26, 0x00	; 0
    3f18:	b0 e0       	ldi	r27, 0x00	; 0
    3f1a:	8d 8b       	std	Y+21, r24	; 0x15
    3f1c:	9e 8b       	std	Y+22, r25	; 0x16
    3f1e:	af 8b       	std	Y+23, r26	; 0x17
    3f20:	b8 8f       	std	Y+24, r27	; 0x18
                case 'd':
                {
                    //
                    // Get the value from the varargs.
                    //
                    ui32Value = va_arg(vaArgP, int16_t);
    3f22:	69 01       	movw	r12, r18
                    ui32Base = 10;

                    //
                    // Convert the value to ASCII.
                    //
                    goto convert;
    3f24:	69 ce       	rjmp	.-814    	; 0x3bf8 <UARTvprintf+0x1aa>
                case 's':
                {
                    //
                    // Get the string pointer from the varargs.
                    //
                    pcStr = va_arg(vaArgP, char *);
    3f26:	76 01       	movw	r14, r12
    3f28:	92 e0       	ldi	r25, 0x02	; 2
    3f2a:	e9 0e       	add	r14, r25
    3f2c:	f1 1c       	adc	r15, r1
    3f2e:	d6 01       	movw	r26, r12
    3f30:	2d 91       	ld	r18, X+
    3f32:	3c 91       	ld	r19, X

                    //
                    // Determine the length of the string.
                    //
                    for(ui32Idx = 0; pcStr[ui32Idx] != '\0'; ui32Idx++)
    3f34:	1d a2       	std	Y+37, r1	; 0x25
    3f36:	1e a2       	std	Y+38, r1	; 0x26
    3f38:	1f a2       	std	Y+39, r1	; 0x27
    3f3a:	18 a6       	std	Y+40, r1	; 0x28
    3f3c:	0b c0       	rjmp	.+22     	; 0x3f54 <UARTvprintf+0x506>
    3f3e:	8d a1       	ldd	r24, Y+37	; 0x25
    3f40:	9e a1       	ldd	r25, Y+38	; 0x26
    3f42:	af a1       	ldd	r26, Y+39	; 0x27
    3f44:	b8 a5       	ldd	r27, Y+40	; 0x28
    3f46:	01 96       	adiw	r24, 0x01	; 1
    3f48:	a1 1d       	adc	r26, r1
    3f4a:	b1 1d       	adc	r27, r1
    3f4c:	8d a3       	std	Y+37, r24	; 0x25
    3f4e:	9e a3       	std	Y+38, r25	; 0x26
    3f50:	af a3       	std	Y+39, r26	; 0x27
    3f52:	b8 a7       	std	Y+40, r27	; 0x28
    3f54:	8d a1       	ldd	r24, Y+37	; 0x25
    3f56:	9e a1       	ldd	r25, Y+38	; 0x26
    3f58:	af a1       	ldd	r26, Y+39	; 0x27
    3f5a:	b8 a5       	ldd	r27, Y+40	; 0x28
    3f5c:	f9 01       	movw	r30, r18
    3f5e:	e8 0f       	add	r30, r24
    3f60:	f9 1f       	adc	r31, r25
    3f62:	80 81       	ld	r24, Z
    3f64:	81 11       	cpse	r24, r1
    3f66:	eb cf       	rjmp	.-42     	; 0x3f3e <UARTvprintf+0x4f0>
                    }

                    //
                    // Write the string.
                    //
                    CONSOLE_UART_WRITE(pcStr, ui32Idx);
    3f68:	8d a1       	ldd	r24, Y+37	; 0x25
    3f6a:	9e a1       	ldd	r25, Y+38	; 0x26
    3f6c:	af a1       	ldd	r26, Y+39	; 0x27
    3f6e:	b8 a5       	ldd	r27, Y+40	; 0x28
    3f70:	a8 2e       	mov	r10, r24
}

void	usart0_send_array(const char* str, uint8_t	len)
{
	uint8_t	udx;
	for(udx = 0;udx < len; udx++)
    3f72:	88 23       	and	r24, r24
    3f74:	51 f0       	breq	.+20     	; 0x3f8a <UARTvprintf+0x53c>
    3f76:	69 01       	movw	r12, r18
    3f78:	b1 2c       	mov	r11, r1
		usart0_send_char(*str++);
    3f7a:	f6 01       	movw	r30, r12
    3f7c:	81 91       	ld	r24, Z+
    3f7e:	6f 01       	movw	r12, r30
    3f80:	0e 94 f5 1a 	call	0x35ea	; 0x35ea <usart0_send_char>
}

void	usart0_send_array(const char* str, uint8_t	len)
{
	uint8_t	udx;
	for(udx = 0;udx < len; udx++)
    3f84:	b3 94       	inc	r11
    3f86:	ab 10       	cpse	r10, r11
    3f88:	f8 cf       	rjmp	.-16     	; 0x3f7a <UARTvprintf+0x52c>
                    CONSOLE_UART_WRITE(pcStr, ui32Idx);

                    //
                    // Write any required padding spaces
                    //
                    if(ui32Count > ui32Idx)
    3f8a:	49 8d       	ldd	r20, Y+25	; 0x19
    3f8c:	5a 8d       	ldd	r21, Y+26	; 0x1a
    3f8e:	6b 8d       	ldd	r22, Y+27	; 0x1b
    3f90:	7c 8d       	ldd	r23, Y+28	; 0x1c
    3f92:	8d a1       	ldd	r24, Y+37	; 0x25
    3f94:	9e a1       	ldd	r25, Y+38	; 0x26
    3f96:	af a1       	ldd	r26, Y+39	; 0x27
    3f98:	b8 a5       	ldd	r27, Y+40	; 0x28
    3f9a:	84 17       	cp	r24, r20
    3f9c:	95 07       	cpc	r25, r21
    3f9e:	a6 07       	cpc	r26, r22
    3fa0:	b7 07       	cpc	r27, r23
    3fa2:	30 f5       	brcc	.+76     	; 0x3ff0 <UARTvprintf+0x5a2>
                    {
                        ui32Count -= ui32Idx;
    3fa4:	4d a1       	ldd	r20, Y+37	; 0x25
    3fa6:	5e a1       	ldd	r21, Y+38	; 0x26
    3fa8:	6f a1       	ldd	r22, Y+39	; 0x27
    3faa:	78 a5       	ldd	r23, Y+40	; 0x28
    3fac:	89 8d       	ldd	r24, Y+25	; 0x19
    3fae:	9a 8d       	ldd	r25, Y+26	; 0x1a
    3fb0:	ab 8d       	ldd	r26, Y+27	; 0x1b
    3fb2:	bc 8d       	ldd	r27, Y+28	; 0x1c
    3fb4:	84 1b       	sub	r24, r20
    3fb6:	95 0b       	sbc	r25, r21
    3fb8:	a6 0b       	sbc	r26, r22
    3fba:	b7 0b       	sbc	r27, r23
    3fbc:	89 8f       	std	Y+25, r24	; 0x19
    3fbe:	9a 8f       	std	Y+26, r25	; 0x1a
    3fc0:	ab 8f       	std	Y+27, r26	; 0x1b
    3fc2:	bc 8f       	std	Y+28, r27	; 0x1c
    3fc4:	03 c0       	rjmp	.+6      	; 0x3fcc <UARTvprintf+0x57e>

void	usart0_send_array(const char* str, uint8_t	len)
{
	uint8_t	udx;
	for(udx = 0;udx < len; udx++)
		usart0_send_char(*str++);
    3fc6:	80 e2       	ldi	r24, 0x20	; 32
    3fc8:	0e 94 f5 1a 	call	0x35ea	; 0x35ea <usart0_send_char>
                    // Write any required padding spaces
                    //
                    if(ui32Count > ui32Idx)
                    {
                        ui32Count -= ui32Idx;
                        while(ui32Count--)
    3fcc:	89 8d       	ldd	r24, Y+25	; 0x19
    3fce:	9a 8d       	ldd	r25, Y+26	; 0x1a
    3fd0:	ab 8d       	ldd	r26, Y+27	; 0x1b
    3fd2:	bc 8d       	ldd	r27, Y+28	; 0x1c
    3fd4:	ac 01       	movw	r20, r24
    3fd6:	bd 01       	movw	r22, r26
    3fd8:	41 50       	subi	r20, 0x01	; 1
    3fda:	51 09       	sbc	r21, r1
    3fdc:	61 09       	sbc	r22, r1
    3fde:	71 09       	sbc	r23, r1
    3fe0:	49 8f       	std	Y+25, r20	; 0x19
    3fe2:	5a 8f       	std	Y+26, r21	; 0x1a
    3fe4:	6b 8f       	std	Y+27, r22	; 0x1b
    3fe6:	7c 8f       	std	Y+28, r23	; 0x1c
    3fe8:	89 2b       	or	r24, r25
    3fea:	8a 2b       	or	r24, r26
    3fec:	8b 2b       	or	r24, r27
    3fee:	59 f7       	brne	.-42     	; 0x3fc6 <UARTvprintf+0x578>
                case 's':
                {
                    //
                    // Get the string pointer from the varargs.
                    //
                    pcStr = va_arg(vaArgP, char *);
    3ff0:	67 01       	movw	r12, r14
    3ff2:	4d cd       	rjmp	.-1382   	; 0x3a8e <UARTvprintf+0x40>
                case 'c':
                {
                    //
                    // Get the value from the varargs.
                    //
                    ui32Value = va_arg(vaArgP, uint32_t);
    3ff4:	76 01       	movw	r14, r12
    3ff6:	f4 e0       	ldi	r31, 0x04	; 4
    3ff8:	ef 0e       	add	r14, r31
    3ffa:	f1 1c       	adc	r15, r1
    3ffc:	f6 01       	movw	r30, r12
    3ffe:	80 81       	ld	r24, Z
    4000:	91 81       	ldd	r25, Z+1	; 0x01
    4002:	a2 81       	ldd	r26, Z+2	; 0x02
    4004:	b3 81       	ldd	r27, Z+3	; 0x03
    4006:	89 a3       	std	Y+33, r24	; 0x21
    4008:	9a a3       	std	Y+34, r25	; 0x22
    400a:	ab a3       	std	Y+35, r26	; 0x23
    400c:	bc a3       	std	Y+36, r27	; 0x24

void	usart0_send_array(const char* str, uint8_t	len)
{
	uint8_t	udx;
	for(udx = 0;udx < len; udx++)
		usart0_send_char(*str++);
    400e:	89 a1       	ldd	r24, Y+33	; 0x21
    4010:	0e 94 f5 1a 	call	0x35ea	; 0x35ea <usart0_send_char>
                case 'c':
                {
                    //
                    // Get the value from the varargs.
                    //
                    ui32Value = va_arg(vaArgP, uint32_t);
    4014:	67 01       	movw	r12, r14
    4016:	3b cd       	rjmp	.-1418   	; 0x3a8e <UARTvprintf+0x40>
                {
                    //
                    // If this is a zero, and it is the first digit, then the
                    // fill character is a zero instead of a space.
                    //
                    if((pcString[-1] == '0') && (ui32Count == 0))
    4018:	89 8d       	ldd	r24, Y+25	; 0x19
    401a:	9a 8d       	ldd	r25, Y+26	; 0x1a
    401c:	ab 8d       	ldd	r26, Y+27	; 0x1b
    401e:	bc 8d       	ldd	r27, Y+28	; 0x1c
    4020:	89 2b       	or	r24, r25
    4022:	8a 2b       	or	r24, r26
    4024:	8b 2b       	or	r24, r27
    4026:	09 f0       	breq	.+2      	; 0x402a <UARTvprintf+0x5dc>
    4028:	16 cf       	rjmp	.-468    	; 0x3e56 <UARTvprintf+0x408>
                    {
                        cFill = '0';
    402a:	40 e3       	ldi	r20, 0x30	; 48
    402c:	f4 2e       	mov	r15, r20
    402e:	13 cf       	rjmp	.-474    	; 0x3e56 <UARTvprintf+0x408>
                    if(ui32Neg && (cFill == '0'))
                    {
                        //
                        // Place the minus sign in the output buffer.
                        //
                        pcBuf[ui32Pos++] = '-';
    4030:	8d 8d       	ldd	r24, Y+29	; 0x1d
    4032:	9e 8d       	ldd	r25, Y+30	; 0x1e
    4034:	af 8d       	ldd	r26, Y+31	; 0x1f
    4036:	b8 a1       	ldd	r27, Y+32	; 0x20
    4038:	ac 01       	movw	r20, r24
    403a:	bd 01       	movw	r22, r26
    403c:	4f 5f       	subi	r20, 0xFF	; 255
    403e:	5f 4f       	sbci	r21, 0xFF	; 255
    4040:	6f 4f       	sbci	r22, 0xFF	; 255
    4042:	7f 4f       	sbci	r23, 0xFF	; 255
    4044:	4d 8f       	std	Y+29, r20	; 0x1d
    4046:	5e 8f       	std	Y+30, r21	; 0x1e
    4048:	6f 8f       	std	Y+31, r22	; 0x1f
    404a:	78 a3       	std	Y+32, r23	; 0x20
    404c:	e1 e0       	ldi	r30, 0x01	; 1
    404e:	f0 e0       	ldi	r31, 0x00	; 0
    4050:	ec 0f       	add	r30, r28
    4052:	fd 1f       	adc	r31, r29
    4054:	e8 0f       	add	r30, r24
    4056:	f9 1f       	adc	r31, r25
    4058:	ad e2       	ldi	r26, 0x2D	; 45
    405a:	a0 83       	st	Z, r26

                        //
                        // The minus sign has been placed, so turn off the
                        // negative flag.
                        //
                        ui32Neg = 0;
    405c:	19 8a       	std	Y+17, r1	; 0x11
    405e:	1a 8a       	std	Y+18, r1	; 0x12
    4060:	1b 8a       	std	Y+19, r1	; 0x13
    4062:	1c 8a       	std	Y+20, r1	; 0x14
    4064:	39 ce       	rjmp	.-910    	; 0x3cd8 <UARTvprintf+0x28a>
                    if((int32_t)ui32Value < 0)
                    {
                        //
                        // Make the value positive.
                        //
                        ui32Value = -(int32_t)ui32Value;
    4066:	89 a1       	ldd	r24, Y+33	; 0x21
    4068:	9a a1       	ldd	r25, Y+34	; 0x22
    406a:	ab a1       	ldd	r26, Y+35	; 0x23
    406c:	bc a1       	ldd	r27, Y+36	; 0x24
    406e:	b0 95       	com	r27
    4070:	a0 95       	com	r26
    4072:	90 95       	com	r25
    4074:	81 95       	neg	r24
    4076:	9f 4f       	sbci	r25, 0xFF	; 255
    4078:	af 4f       	sbci	r26, 0xFF	; 255
    407a:	bf 4f       	sbci	r27, 0xFF	; 255
    407c:	89 a3       	std	Y+33, r24	; 0x21
    407e:	9a a3       	std	Y+34, r25	; 0x22
    4080:	ab a3       	std	Y+35, r26	; 0x23
    4082:	bc a3       	std	Y+36, r27	; 0x24

                        //
                        // Indicate that the value is negative.
                        //
                        ui32Neg = 1;
    4084:	81 e0       	ldi	r24, 0x01	; 1
    4086:	90 e0       	ldi	r25, 0x00	; 0
    4088:	a0 e0       	ldi	r26, 0x00	; 0
    408a:	b0 e0       	ldi	r27, 0x00	; 0
    408c:	89 8b       	std	Y+17, r24	; 0x11
    408e:	9a 8b       	std	Y+18, r25	; 0x12
    4090:	ab 8b       	std	Y+19, r26	; 0x13
    4092:	bc 8b       	std	Y+20, r27	; 0x14
    4094:	3e cf       	rjmp	.-388    	; 0x3f12 <UARTvprintf+0x4c4>

00004096 <UARTprintf>:
//! \return None.
//
//*****************************************************************************
void
UARTprintf(const char *pcString, ...)
{
    4096:	cf 93       	push	r28
    4098:	df 93       	push	r29
    409a:	cd b7       	in	r28, 0x3d	; 61
    409c:	de b7       	in	r29, 0x3e	; 62
    409e:	be 01       	movw	r22, r28
    40a0:	6b 5f       	subi	r22, 0xFB	; 251
    40a2:	7f 4f       	sbci	r23, 0xFF	; 255
    40a4:	fb 01       	movw	r30, r22
    40a6:	81 91       	ld	r24, Z+
    40a8:	91 91       	ld	r25, Z+
    40aa:	bf 01       	movw	r22, r30
    //
    // Start the varargs processing.
    //
    va_start(vaArgP, pcString);

    UARTvprintf(pcString, vaArgP);
    40ac:	0e 94 27 1d 	call	0x3a4e	; 0x3a4e <UARTvprintf>

    //
    // We're finished with the varargs now.
    //
    va_end(vaArgP);
    40b0:	df 91       	pop	r29
    40b2:	cf 91       	pop	r28
    40b4:	08 95       	ret

000040b6 <BMP390_read_raw_calibration>:
	
	partial_data1 = (float)(data->temperature_raw-data->PAR.f_PAR_T1);
	partial_data2 = (float)(partial_data1*data->PAR.f_PAR_T2);
	
	data->temperature = partial_data2+(partial_data1*partial_data1)*data->PAR.f_PAR_T3;
}
    40b6:	af 92       	push	r10
    40b8:	bf 92       	push	r11
    40ba:	cf 92       	push	r12
    40bc:	df 92       	push	r13
    40be:	ef 92       	push	r14
    40c0:	ff 92       	push	r15
    40c2:	0f 93       	push	r16
    40c4:	1f 93       	push	r17
    40c6:	cf 93       	push	r28
    40c8:	df 93       	push	r29
    40ca:	cd b7       	in	r28, 0x3d	; 61
    40cc:	de b7       	in	r29, 0x3e	; 62
    40ce:	65 97       	sbiw	r28, 0x15	; 21
    40d0:	0f b6       	in	r0, 0x3f	; 63
    40d2:	f8 94       	cli
    40d4:	de bf       	out	0x3e, r29	; 62
    40d6:	0f be       	out	0x3f, r0	; 63
    40d8:	cd bf       	out	0x3d, r28	; 61
    40da:	5c 01       	movw	r10, r24
    40dc:	0e 94 08 19 	call	0x3210	; 0x3210 <twi_start>
    40e0:	8e ee       	ldi	r24, 0xEE	; 238
    40e2:	0e 94 27 19 	call	0x324e	; 0x324e <twi_write>
    40e6:	81 e3       	ldi	r24, 0x31	; 49
    40e8:	0e 94 27 19 	call	0x324e	; 0x324e <twi_write>
    40ec:	0e 94 08 19 	call	0x3210	; 0x3210 <twi_start>
    40f0:	8f ee       	ldi	r24, 0xEF	; 239
    40f2:	0e 94 27 19 	call	0x324e	; 0x324e <twi_write>
    40f6:	ce 01       	movw	r24, r28
    40f8:	01 96       	adiw	r24, 0x01	; 1
    40fa:	7c 01       	movw	r14, r24
    40fc:	6e 01       	movw	r12, r28
    40fe:	95 e1       	ldi	r25, 0x15	; 21
    4100:	c9 0e       	add	r12, r25
    4102:	d1 1c       	adc	r13, r1
    4104:	0e 94 38 19 	call	0x3270	; 0x3270 <twi_read_ack>
    4108:	09 2f       	mov	r16, r25
    410a:	10 e0       	ldi	r17, 0x00	; 0
    410c:	01 2b       	or	r16, r17
    410e:	61 f4       	brne	.+24     	; 0x4128 <BMP390_read_raw_calibration+0x72>
    4110:	f7 01       	movw	r30, r14
    4112:	81 93       	st	Z+, r24
    4114:	7f 01       	movw	r14, r30
    4116:	ec 15       	cp	r30, r12
    4118:	fd 05       	cpc	r31, r13
    411a:	a1 f7       	brne	.-24     	; 0x4104 <BMP390_read_raw_calibration+0x4e>
    411c:	0e 94 4a 19 	call	0x3294	; 0x3294 <twi_read_nack>
    4120:	29 2f       	mov	r18, r25
    4122:	30 e0       	ldi	r19, 0x00	; 0
    4124:	23 2b       	or	r18, r19
    4126:	c1 f0       	breq	.+48     	; 0x4158 <BMP390_read_raw_calibration+0xa2>
    4128:	81 e0       	ldi	r24, 0x01	; 1
    412a:	80 93 3c 0d 	sts	0x0D3C, r24	; 0x800d3c <TempPress_data+0x5e>
    412e:	83 e0       	ldi	r24, 0x03	; 3
    4130:	80 93 3d 0d 	sts	0x0D3D, r24	; 0x800d3d <TempPress_data+0x5f>
    4134:	80 e0       	ldi	r24, 0x00	; 0
    4136:	65 96       	adiw	r28, 0x15	; 21
    4138:	0f b6       	in	r0, 0x3f	; 63
    413a:	f8 94       	cli
    413c:	de bf       	out	0x3e, r29	; 62
    413e:	0f be       	out	0x3f, r0	; 63
    4140:	cd bf       	out	0x3d, r28	; 61
    4142:	df 91       	pop	r29
    4144:	cf 91       	pop	r28
    4146:	1f 91       	pop	r17
    4148:	0f 91       	pop	r16
    414a:	ff 90       	pop	r15
    414c:	ef 90       	pop	r14
    414e:	df 90       	pop	r13
    4150:	cf 90       	pop	r12
    4152:	bf 90       	pop	r11
    4154:	af 90       	pop	r10
    4156:	08 95       	ret
    4158:	29 81       	ldd	r18, Y+1	; 0x01
    415a:	3a 81       	ldd	r19, Y+2	; 0x02
    415c:	f5 01       	movw	r30, r10
    415e:	32 8b       	std	Z+18, r19	; 0x12
    4160:	21 8b       	std	Z+17, r18	; 0x11
    4162:	2b 81       	ldd	r18, Y+3	; 0x03
    4164:	3c 81       	ldd	r19, Y+4	; 0x04
    4166:	34 8b       	std	Z+20, r19	; 0x14
    4168:	23 8b       	std	Z+19, r18	; 0x13
    416a:	9d 81       	ldd	r25, Y+5	; 0x05
    416c:	95 8b       	std	Z+21, r25	; 0x15
    416e:	2e 81       	ldd	r18, Y+6	; 0x06
    4170:	3f 81       	ldd	r19, Y+7	; 0x07
    4172:	37 8b       	std	Z+23, r19	; 0x17
    4174:	26 8b       	std	Z+22, r18	; 0x16
    4176:	28 85       	ldd	r18, Y+8	; 0x08
    4178:	39 85       	ldd	r19, Y+9	; 0x09
    417a:	31 8f       	std	Z+25, r19	; 0x19
    417c:	20 8f       	std	Z+24, r18	; 0x18
    417e:	9a 85       	ldd	r25, Y+10	; 0x0a
    4180:	92 8f       	std	Z+26, r25	; 0x1a
    4182:	9b 85       	ldd	r25, Y+11	; 0x0b
    4184:	93 8f       	std	Z+27, r25	; 0x1b
    4186:	2c 85       	ldd	r18, Y+12	; 0x0c
    4188:	3d 85       	ldd	r19, Y+13	; 0x0d
    418a:	35 8f       	std	Z+29, r19	; 0x1d
    418c:	24 8f       	std	Z+28, r18	; 0x1c
    418e:	2e 85       	ldd	r18, Y+14	; 0x0e
    4190:	3f 85       	ldd	r19, Y+15	; 0x0f
    4192:	37 8f       	std	Z+31, r19	; 0x1f
    4194:	26 8f       	std	Z+30, r18	; 0x1e
    4196:	98 89       	ldd	r25, Y+16	; 0x10
    4198:	90 a3       	std	Z+32, r25	; 0x20
    419a:	99 89       	ldd	r25, Y+17	; 0x11
    419c:	91 a3       	std	Z+33, r25	; 0x21
    419e:	2a 89       	ldd	r18, Y+18	; 0x12
    41a0:	3b 89       	ldd	r19, Y+19	; 0x13
    41a2:	33 a3       	std	Z+35, r19	; 0x23
    41a4:	22 a3       	std	Z+34, r18	; 0x22
    41a6:	9c 89       	ldd	r25, Y+20	; 0x14
    41a8:	94 a3       	std	Z+36, r25	; 0x24
    41aa:	85 a3       	std	Z+37, r24	; 0x25
    41ac:	0e 94 17 19 	call	0x322e	; 0x322e <twi_stop>
    41b0:	10 92 3c 0d 	sts	0x0D3C, r1	; 0x800d3c <TempPress_data+0x5e>
    41b4:	10 92 3d 0d 	sts	0x0D3D, r1	; 0x800d3d <TempPress_data+0x5f>
    41b8:	81 e0       	ldi	r24, 0x01	; 1
    41ba:	bd cf       	rjmp	.-134    	; 0x4136 <BMP390_read_raw_calibration+0x80>

000041bc <BMP390_convert_calibration>:
    41bc:	0f 93       	push	r16
    41be:	1f 93       	push	r17
    41c0:	cf 93       	push	r28
    41c2:	df 93       	push	r29
    41c4:	ec 01       	movw	r28, r24
    41c6:	69 89       	ldd	r22, Y+17	; 0x11
    41c8:	7a 89       	ldd	r23, Y+18	; 0x12
    41ca:	80 e0       	ldi	r24, 0x00	; 0
    41cc:	90 e0       	ldi	r25, 0x00	; 0
    41ce:	0e 94 b7 2e 	call	0x5d6e	; 0x5d6e <__floatunsisf>
    41d2:	20 e0       	ldi	r18, 0x00	; 0
    41d4:	30 e0       	ldi	r19, 0x00	; 0
    41d6:	40 e8       	ldi	r20, 0x80	; 128
    41d8:	53 e4       	ldi	r21, 0x43	; 67
    41da:	0e 94 45 2f 	call	0x5e8a	; 0x5e8a <__mulsf3>
    41de:	6e a3       	std	Y+38, r22	; 0x26
    41e0:	7f a3       	std	Y+39, r23	; 0x27
    41e2:	88 a7       	std	Y+40, r24	; 0x28
    41e4:	99 a7       	std	Y+41, r25	; 0x29
    41e6:	6b 89       	ldd	r22, Y+19	; 0x13
    41e8:	7c 89       	ldd	r23, Y+20	; 0x14
    41ea:	80 e0       	ldi	r24, 0x00	; 0
    41ec:	90 e0       	ldi	r25, 0x00	; 0
    41ee:	0e 94 b7 2e 	call	0x5d6e	; 0x5d6e <__floatunsisf>
    41f2:	20 e0       	ldi	r18, 0x00	; 0
    41f4:	30 e0       	ldi	r19, 0x00	; 0
    41f6:	40 e8       	ldi	r20, 0x80	; 128
    41f8:	50 e3       	ldi	r21, 0x30	; 48
    41fa:	0e 94 45 2f 	call	0x5e8a	; 0x5e8a <__mulsf3>
    41fe:	6a a7       	std	Y+42, r22	; 0x2a
    4200:	7b a7       	std	Y+43, r23	; 0x2b
    4202:	8c a7       	std	Y+44, r24	; 0x2c
    4204:	9d a7       	std	Y+45, r25	; 0x2d
    4206:	6d 89       	ldd	r22, Y+21	; 0x15
    4208:	06 2e       	mov	r0, r22
    420a:	00 0c       	add	r0, r0
    420c:	77 0b       	sbc	r23, r23
    420e:	88 0b       	sbc	r24, r24
    4210:	99 0b       	sbc	r25, r25
    4212:	0e 94 b9 2e 	call	0x5d72	; 0x5d72 <__floatsisf>
    4216:	20 e0       	ldi	r18, 0x00	; 0
    4218:	30 e0       	ldi	r19, 0x00	; 0
    421a:	40 e8       	ldi	r20, 0x80	; 128
    421c:	57 e2       	ldi	r21, 0x27	; 39
    421e:	0e 94 45 2f 	call	0x5e8a	; 0x5e8a <__mulsf3>
    4222:	6e a7       	std	Y+46, r22	; 0x2e
    4224:	7f a7       	std	Y+47, r23	; 0x2f
    4226:	88 ab       	std	Y+48, r24	; 0x30
    4228:	99 ab       	std	Y+49, r25	; 0x31
    422a:	6e 89       	ldd	r22, Y+22	; 0x16
    422c:	7f 89       	ldd	r23, Y+23	; 0x17
    422e:	70 54       	subi	r23, 0x40	; 64
    4230:	07 2e       	mov	r0, r23
    4232:	00 0c       	add	r0, r0
    4234:	88 0b       	sbc	r24, r24
    4236:	99 0b       	sbc	r25, r25
    4238:	0e 94 b9 2e 	call	0x5d72	; 0x5d72 <__floatsisf>
    423c:	20 e0       	ldi	r18, 0x00	; 0
    423e:	30 e0       	ldi	r19, 0x00	; 0
    4240:	40 e8       	ldi	r20, 0x80	; 128
    4242:	55 e3       	ldi	r21, 0x35	; 53
    4244:	0e 94 45 2f 	call	0x5e8a	; 0x5e8a <__mulsf3>
    4248:	6a ab       	std	Y+50, r22	; 0x32
    424a:	7b ab       	std	Y+51, r23	; 0x33
    424c:	8c ab       	std	Y+52, r24	; 0x34
    424e:	9d ab       	std	Y+53, r25	; 0x35
    4250:	68 8d       	ldd	r22, Y+24	; 0x18
    4252:	79 8d       	ldd	r23, Y+25	; 0x19
    4254:	70 54       	subi	r23, 0x40	; 64
    4256:	07 2e       	mov	r0, r23
    4258:	00 0c       	add	r0, r0
    425a:	88 0b       	sbc	r24, r24
    425c:	99 0b       	sbc	r25, r25
    425e:	0e 94 b9 2e 	call	0x5d72	; 0x5d72 <__floatsisf>
    4262:	20 e0       	ldi	r18, 0x00	; 0
    4264:	30 e0       	ldi	r19, 0x00	; 0
    4266:	40 e0       	ldi	r20, 0x00	; 0
    4268:	51 e3       	ldi	r21, 0x31	; 49
    426a:	0e 94 45 2f 	call	0x5e8a	; 0x5e8a <__mulsf3>
    426e:	6e ab       	std	Y+54, r22	; 0x36
    4270:	7f ab       	std	Y+55, r23	; 0x37
    4272:	88 af       	std	Y+56, r24	; 0x38
    4274:	99 af       	std	Y+57, r25	; 0x39
    4276:	6a 8d       	ldd	r22, Y+26	; 0x1a
    4278:	06 2e       	mov	r0, r22
    427a:	00 0c       	add	r0, r0
    427c:	77 0b       	sbc	r23, r23
    427e:	88 0b       	sbc	r24, r24
    4280:	99 0b       	sbc	r25, r25
    4282:	0e 94 b9 2e 	call	0x5d72	; 0x5d72 <__floatsisf>
    4286:	20 e0       	ldi	r18, 0x00	; 0
    4288:	30 e0       	ldi	r19, 0x00	; 0
    428a:	40 e8       	ldi	r20, 0x80	; 128
    428c:	5f e2       	ldi	r21, 0x2F	; 47
    428e:	0e 94 45 2f 	call	0x5e8a	; 0x5e8a <__mulsf3>
    4292:	6a af       	std	Y+58, r22	; 0x3a
    4294:	7b af       	std	Y+59, r23	; 0x3b
    4296:	8c af       	std	Y+60, r24	; 0x3c
    4298:	9d af       	std	Y+61, r25	; 0x3d
    429a:	8e 01       	movw	r16, r28
    429c:	02 5c       	subi	r16, 0xC2	; 194
    429e:	1f 4f       	sbci	r17, 0xFF	; 255
    42a0:	6b 8d       	ldd	r22, Y+27	; 0x1b
    42a2:	06 2e       	mov	r0, r22
    42a4:	00 0c       	add	r0, r0
    42a6:	77 0b       	sbc	r23, r23
    42a8:	88 0b       	sbc	r24, r24
    42aa:	99 0b       	sbc	r25, r25
    42ac:	0e 94 b9 2e 	call	0x5d72	; 0x5d72 <__floatsisf>
    42b0:	20 e0       	ldi	r18, 0x00	; 0
    42b2:	30 e0       	ldi	r19, 0x00	; 0
    42b4:	40 e0       	ldi	r20, 0x00	; 0
    42b6:	5d e2       	ldi	r21, 0x2D	; 45
    42b8:	0e 94 45 2f 	call	0x5e8a	; 0x5e8a <__mulsf3>
    42bc:	f8 01       	movw	r30, r16
    42be:	60 83       	st	Z, r22
    42c0:	71 83       	std	Z+1, r23	; 0x01
    42c2:	82 83       	std	Z+2, r24	; 0x02
    42c4:	93 83       	std	Z+3, r25	; 0x03
    42c6:	0c 5f       	subi	r16, 0xFC	; 252
    42c8:	1f 4f       	sbci	r17, 0xFF	; 255
    42ca:	6c 8d       	ldd	r22, Y+28	; 0x1c
    42cc:	7d 8d       	ldd	r23, Y+29	; 0x1d
    42ce:	80 e0       	ldi	r24, 0x00	; 0
    42d0:	90 e0       	ldi	r25, 0x00	; 0
    42d2:	0e 94 b7 2e 	call	0x5d6e	; 0x5d6e <__floatunsisf>
    42d6:	20 e0       	ldi	r18, 0x00	; 0
    42d8:	30 e0       	ldi	r19, 0x00	; 0
    42da:	40 e0       	ldi	r20, 0x00	; 0
    42dc:	51 e4       	ldi	r21, 0x41	; 65
    42de:	0e 94 45 2f 	call	0x5e8a	; 0x5e8a <__mulsf3>
    42e2:	f8 01       	movw	r30, r16
    42e4:	60 83       	st	Z, r22
    42e6:	71 83       	std	Z+1, r23	; 0x01
    42e8:	82 83       	std	Z+2, r24	; 0x02
    42ea:	93 83       	std	Z+3, r25	; 0x03
    42ec:	0c 5f       	subi	r16, 0xFC	; 252
    42ee:	1f 4f       	sbci	r17, 0xFF	; 255
    42f0:	6e 8d       	ldd	r22, Y+30	; 0x1e
    42f2:	7f 8d       	ldd	r23, Y+31	; 0x1f
    42f4:	80 e0       	ldi	r24, 0x00	; 0
    42f6:	90 e0       	ldi	r25, 0x00	; 0
    42f8:	0e 94 b7 2e 	call	0x5d6e	; 0x5d6e <__floatunsisf>
    42fc:	20 e0       	ldi	r18, 0x00	; 0
    42fe:	30 e0       	ldi	r19, 0x00	; 0
    4300:	40 e8       	ldi	r20, 0x80	; 128
    4302:	5c e3       	ldi	r21, 0x3C	; 60
    4304:	0e 94 45 2f 	call	0x5e8a	; 0x5e8a <__mulsf3>
    4308:	f8 01       	movw	r30, r16
    430a:	60 83       	st	Z, r22
    430c:	71 83       	std	Z+1, r23	; 0x01
    430e:	82 83       	std	Z+2, r24	; 0x02
    4310:	93 83       	std	Z+3, r25	; 0x03
    4312:	0c 5f       	subi	r16, 0xFC	; 252
    4314:	1f 4f       	sbci	r17, 0xFF	; 255
    4316:	68 a1       	ldd	r22, Y+32	; 0x20
    4318:	06 2e       	mov	r0, r22
    431a:	00 0c       	add	r0, r0
    431c:	77 0b       	sbc	r23, r23
    431e:	88 0b       	sbc	r24, r24
    4320:	99 0b       	sbc	r25, r25
    4322:	0e 94 b9 2e 	call	0x5d72	; 0x5d72 <__floatsisf>
    4326:	20 e0       	ldi	r18, 0x00	; 0
    4328:	30 e0       	ldi	r19, 0x00	; 0
    432a:	40 e8       	ldi	r20, 0x80	; 128
    432c:	5b e3       	ldi	r21, 0x3B	; 59
    432e:	0e 94 45 2f 	call	0x5e8a	; 0x5e8a <__mulsf3>
    4332:	f8 01       	movw	r30, r16
    4334:	60 83       	st	Z, r22
    4336:	71 83       	std	Z+1, r23	; 0x01
    4338:	82 83       	std	Z+2, r24	; 0x02
    433a:	93 83       	std	Z+3, r25	; 0x03
    433c:	0c 5f       	subi	r16, 0xFC	; 252
    433e:	1f 4f       	sbci	r17, 0xFF	; 255
    4340:	69 a1       	ldd	r22, Y+33	; 0x21
    4342:	06 2e       	mov	r0, r22
    4344:	00 0c       	add	r0, r0
    4346:	77 0b       	sbc	r23, r23
    4348:	88 0b       	sbc	r24, r24
    434a:	99 0b       	sbc	r25, r25
    434c:	0e 94 b9 2e 	call	0x5d72	; 0x5d72 <__floatsisf>
    4350:	20 e0       	ldi	r18, 0x00	; 0
    4352:	30 e0       	ldi	r19, 0x00	; 0
    4354:	40 e0       	ldi	r20, 0x00	; 0
    4356:	58 e3       	ldi	r21, 0x38	; 56
    4358:	0e 94 45 2f 	call	0x5e8a	; 0x5e8a <__mulsf3>
    435c:	f8 01       	movw	r30, r16
    435e:	60 83       	st	Z, r22
    4360:	71 83       	std	Z+1, r23	; 0x01
    4362:	82 83       	std	Z+2, r24	; 0x02
    4364:	93 83       	std	Z+3, r25	; 0x03
    4366:	0c 5f       	subi	r16, 0xFC	; 252
    4368:	1f 4f       	sbci	r17, 0xFF	; 255
    436a:	6a a1       	ldd	r22, Y+34	; 0x22
    436c:	7b a1       	ldd	r23, Y+35	; 0x23
    436e:	80 e0       	ldi	r24, 0x00	; 0
    4370:	90 e0       	ldi	r25, 0x00	; 0
    4372:	0e 94 b7 2e 	call	0x5d6e	; 0x5d6e <__floatunsisf>
    4376:	20 e0       	ldi	r18, 0x00	; 0
    4378:	30 e0       	ldi	r19, 0x00	; 0
    437a:	40 e8       	ldi	r20, 0x80	; 128
    437c:	57 e2       	ldi	r21, 0x27	; 39
    437e:	0e 94 45 2f 	call	0x5e8a	; 0x5e8a <__mulsf3>
    4382:	f8 01       	movw	r30, r16
    4384:	60 83       	st	Z, r22
    4386:	71 83       	std	Z+1, r23	; 0x01
    4388:	82 83       	std	Z+2, r24	; 0x02
    438a:	93 83       	std	Z+3, r25	; 0x03
    438c:	0c 5f       	subi	r16, 0xFC	; 252
    438e:	1f 4f       	sbci	r17, 0xFF	; 255
    4390:	6c a1       	ldd	r22, Y+36	; 0x24
    4392:	06 2e       	mov	r0, r22
    4394:	00 0c       	add	r0, r0
    4396:	77 0b       	sbc	r23, r23
    4398:	88 0b       	sbc	r24, r24
    439a:	99 0b       	sbc	r25, r25
    439c:	0e 94 b9 2e 	call	0x5d72	; 0x5d72 <__floatsisf>
    43a0:	20 e0       	ldi	r18, 0x00	; 0
    43a2:	30 e0       	ldi	r19, 0x00	; 0
    43a4:	40 e8       	ldi	r20, 0x80	; 128
    43a6:	57 e2       	ldi	r21, 0x27	; 39
    43a8:	0e 94 45 2f 	call	0x5e8a	; 0x5e8a <__mulsf3>
    43ac:	f8 01       	movw	r30, r16
    43ae:	60 83       	st	Z, r22
    43b0:	71 83       	std	Z+1, r23	; 0x01
    43b2:	82 83       	std	Z+2, r24	; 0x02
    43b4:	93 83       	std	Z+3, r25	; 0x03
    43b6:	0c 5f       	subi	r16, 0xFC	; 252
    43b8:	1f 4f       	sbci	r17, 0xFF	; 255
    43ba:	6d a1       	ldd	r22, Y+37	; 0x25
    43bc:	06 2e       	mov	r0, r22
    43be:	00 0c       	add	r0, r0
    43c0:	77 0b       	sbc	r23, r23
    43c2:	88 0b       	sbc	r24, r24
    43c4:	99 0b       	sbc	r25, r25
    43c6:	0e 94 b9 2e 	call	0x5d72	; 0x5d72 <__floatsisf>
    43ca:	20 e0       	ldi	r18, 0x00	; 0
    43cc:	30 e0       	ldi	r19, 0x00	; 0
    43ce:	40 e0       	ldi	r20, 0x00	; 0
    43d0:	5f e1       	ldi	r21, 0x1F	; 31
    43d2:	0e 94 45 2f 	call	0x5e8a	; 0x5e8a <__mulsf3>
    43d6:	f8 01       	movw	r30, r16
    43d8:	60 83       	st	Z, r22
    43da:	71 83       	std	Z+1, r23	; 0x01
    43dc:	82 83       	std	Z+2, r24	; 0x02
    43de:	93 83       	std	Z+3, r25	; 0x03
    43e0:	df 91       	pop	r29
    43e2:	cf 91       	pop	r28
    43e4:	1f 91       	pop	r17
    43e6:	0f 91       	pop	r16
    43e8:	08 95       	ret

000043ea <BMP390_set_mode>:
    43ea:	cf 93       	push	r28
    43ec:	c8 2f       	mov	r28, r24
    43ee:	0e 94 08 19 	call	0x3210	; 0x3210 <twi_start>
    43f2:	8e ee       	ldi	r24, 0xEE	; 238
    43f4:	0e 94 27 19 	call	0x324e	; 0x324e <twi_write>
    43f8:	8b e1       	ldi	r24, 0x1B	; 27
    43fa:	0e 94 27 19 	call	0x324e	; 0x324e <twi_write>
    43fe:	0e 94 08 19 	call	0x3210	; 0x3210 <twi_start>
    4402:	8f ee       	ldi	r24, 0xEF	; 239
    4404:	0e 94 27 19 	call	0x324e	; 0x324e <twi_write>
    4408:	0e 94 4a 19 	call	0x3294	; 0x3294 <twi_read_nack>
    440c:	29 2f       	mov	r18, r25
    440e:	30 e0       	ldi	r19, 0x00	; 0
    4410:	23 2b       	or	r18, r19
    4412:	41 f0       	breq	.+16     	; 0x4424 <BMP390_set_mode+0x3a>
    4414:	81 e0       	ldi	r24, 0x01	; 1
    4416:	80 93 3c 0d 	sts	0x0D3C, r24	; 0x800d3c <TempPress_data+0x5e>
    441a:	82 e0       	ldi	r24, 0x02	; 2
    441c:	80 93 3d 0d 	sts	0x0D3D, r24	; 0x800d3d <TempPress_data+0x5f>
    4420:	cf 91       	pop	r28
    4422:	08 95       	ret
    4424:	90 e1       	ldi	r25, 0x10	; 16
    4426:	c9 9f       	mul	r28, r25
    4428:	90 01       	movw	r18, r0
    442a:	11 24       	eor	r1, r1
    442c:	8f 7c       	andi	r24, 0xCF	; 207
    442e:	c8 2f       	mov	r28, r24
    4430:	c2 2b       	or	r28, r18
    4432:	0e 94 17 19 	call	0x322e	; 0x322e <twi_stop>
    4436:	0e 94 08 19 	call	0x3210	; 0x3210 <twi_start>
    443a:	8e ee       	ldi	r24, 0xEE	; 238
    443c:	0e 94 27 19 	call	0x324e	; 0x324e <twi_write>
    4440:	8b e1       	ldi	r24, 0x1B	; 27
    4442:	0e 94 27 19 	call	0x324e	; 0x324e <twi_write>
    4446:	8c 2f       	mov	r24, r28
    4448:	83 60       	ori	r24, 0x03	; 3
    444a:	0e 94 27 19 	call	0x324e	; 0x324e <twi_write>
    444e:	cf 91       	pop	r28
    4450:	0c 94 17 19 	jmp	0x322e	; 0x322e <twi_stop>

00004454 <BMP390_init>:
    4454:	cf 93       	push	r28
    4456:	10 92 3c 0d 	sts	0x0D3C, r1	; 0x800d3c <TempPress_data+0x5e>
    445a:	10 92 3d 0d 	sts	0x0D3D, r1	; 0x800d3d <TempPress_data+0x5f>
    445e:	83 e0       	ldi	r24, 0x03	; 3
    4460:	0e 94 f5 21 	call	0x43ea	; 0x43ea <BMP390_set_mode>
    4464:	8e ed       	ldi	r24, 0xDE	; 222
    4466:	9c e0       	ldi	r25, 0x0C	; 12
    4468:	0e 94 5b 20 	call	0x40b6	; 0x40b6 <BMP390_read_raw_calibration>
    446c:	c8 2f       	mov	r28, r24
    446e:	8e ed       	ldi	r24, 0xDE	; 222
    4470:	9c e0       	ldi	r25, 0x0C	; 12
    4472:	0e 94 de 20 	call	0x41bc	; 0x41bc <BMP390_convert_calibration>
    4476:	8c 2f       	mov	r24, r28
    4478:	cf 91       	pop	r28
    447a:	08 95       	ret

0000447c <BMP390_read_raw_temp_press>:
    447c:	af 92       	push	r10
    447e:	bf 92       	push	r11
    4480:	cf 92       	push	r12
    4482:	df 92       	push	r13
    4484:	ef 92       	push	r14
    4486:	ff 92       	push	r15
    4488:	0f 93       	push	r16
    448a:	1f 93       	push	r17
    448c:	cf 93       	push	r28
    448e:	df 93       	push	r29
    4490:	00 d0       	rcall	.+0      	; 0x4492 <BMP390_read_raw_temp_press+0x16>
    4492:	00 d0       	rcall	.+0      	; 0x4494 <BMP390_read_raw_temp_press+0x18>
    4494:	00 d0       	rcall	.+0      	; 0x4496 <BMP390_read_raw_temp_press+0x1a>
    4496:	cd b7       	in	r28, 0x3d	; 61
    4498:	de b7       	in	r29, 0x3e	; 62
    449a:	5c 01       	movw	r10, r24
    449c:	0e 94 08 19 	call	0x3210	; 0x3210 <twi_start>
    44a0:	8e ee       	ldi	r24, 0xEE	; 238
    44a2:	0e 94 27 19 	call	0x324e	; 0x324e <twi_write>
    44a6:	84 e0       	ldi	r24, 0x04	; 4
    44a8:	0e 94 27 19 	call	0x324e	; 0x324e <twi_write>
    44ac:	0e 94 08 19 	call	0x3210	; 0x3210 <twi_start>
    44b0:	8f ee       	ldi	r24, 0xEF	; 239
    44b2:	0e 94 27 19 	call	0x324e	; 0x324e <twi_write>
    44b6:	8e 01       	movw	r16, r28
    44b8:	0f 5f       	subi	r16, 0xFF	; 255
    44ba:	1f 4f       	sbci	r17, 0xFF	; 255
    44bc:	6e 01       	movw	r12, r28
    44be:	86 e0       	ldi	r24, 0x06	; 6
    44c0:	c8 0e       	add	r12, r24
    44c2:	d1 1c       	adc	r13, r1
    44c4:	0e 94 38 19 	call	0x3270	; 0x3270 <twi_read_ack>
    44c8:	e9 2e       	mov	r14, r25
    44ca:	f1 2c       	mov	r15, r1
    44cc:	ef 28       	or	r14, r15
    44ce:	69 f4       	brne	.+26     	; 0x44ea <BMP390_read_raw_temp_press+0x6e>
    44d0:	f8 01       	movw	r30, r16
    44d2:	81 93       	st	Z+, r24
    44d4:	8f 01       	movw	r16, r30
    44d6:	ec 15       	cp	r30, r12
    44d8:	fd 05       	cpc	r31, r13
    44da:	a1 f7       	brne	.-24     	; 0x44c4 <BMP390_read_raw_temp_press+0x48>
    44dc:	0e 94 4a 19 	call	0x3294	; 0x3294 <twi_read_nack>
    44e0:	9c 01       	movw	r18, r24
    44e2:	89 2f       	mov	r24, r25
    44e4:	99 27       	eor	r25, r25
    44e6:	89 2b       	or	r24, r25
    44e8:	a1 f0       	breq	.+40     	; 0x4512 <BMP390_read_raw_temp_press+0x96>
    44ea:	84 e0       	ldi	r24, 0x04	; 4
    44ec:	80 93 3d 0d 	sts	0x0D3D, r24	; 0x800d3d <TempPress_data+0x5f>
    44f0:	26 96       	adiw	r28, 0x06	; 6
    44f2:	0f b6       	in	r0, 0x3f	; 63
    44f4:	f8 94       	cli
    44f6:	de bf       	out	0x3e, r29	; 62
    44f8:	0f be       	out	0x3f, r0	; 63
    44fa:	cd bf       	out	0x3d, r28	; 61
    44fc:	df 91       	pop	r29
    44fe:	cf 91       	pop	r28
    4500:	1f 91       	pop	r17
    4502:	0f 91       	pop	r16
    4504:	ff 90       	pop	r15
    4506:	ef 90       	pop	r14
    4508:	df 90       	pop	r13
    450a:	cf 90       	pop	r12
    450c:	bf 90       	pop	r11
    450e:	af 90       	pop	r10
    4510:	08 95       	ret
    4512:	8b 81       	ldd	r24, Y+3	; 0x03
    4514:	4a 81       	ldd	r20, Y+2	; 0x02
    4516:	50 e0       	ldi	r21, 0x00	; 0
    4518:	60 e0       	ldi	r22, 0x00	; 0
    451a:	70 e0       	ldi	r23, 0x00	; 0
    451c:	76 2f       	mov	r23, r22
    451e:	65 2f       	mov	r22, r21
    4520:	54 2f       	mov	r21, r20
    4522:	44 27       	eor	r20, r20
    4524:	68 2b       	or	r22, r24
    4526:	89 81       	ldd	r24, Y+1	; 0x01
    4528:	48 2b       	or	r20, r24
    452a:	8c 81       	ldd	r24, Y+4	; 0x04
    452c:	9d 81       	ldd	r25, Y+5	; 0x05
    452e:	6c 01       	movw	r12, r24
    4530:	e1 2c       	mov	r14, r1
    4532:	f1 2c       	mov	r15, r1
    4534:	c9 01       	movw	r24, r18
    4536:	a0 e0       	ldi	r26, 0x00	; 0
    4538:	b0 e0       	ldi	r27, 0x00	; 0
    453a:	dc 01       	movw	r26, r24
    453c:	99 27       	eor	r25, r25
    453e:	88 27       	eor	r24, r24
    4540:	8c 29       	or	r24, r12
    4542:	9d 29       	or	r25, r13
    4544:	ae 29       	or	r26, r14
    4546:	bf 29       	or	r27, r15
    4548:	f5 01       	movw	r30, r10
    454a:	80 83       	st	Z, r24
    454c:	91 83       	std	Z+1, r25	; 0x01
    454e:	a2 83       	std	Z+2, r26	; 0x02
    4550:	b3 83       	std	Z+3, r27	; 0x03
    4552:	40 87       	std	Z+8, r20	; 0x08
    4554:	51 87       	std	Z+9, r21	; 0x09
    4556:	62 87       	std	Z+10, r22	; 0x0a
    4558:	73 87       	std	Z+11, r23	; 0x0b
    455a:	0e 94 17 19 	call	0x322e	; 0x322e <twi_stop>
    455e:	10 92 3c 0d 	sts	0x0D3C, r1	; 0x800d3c <TempPress_data+0x5e>
    4562:	10 92 3d 0d 	sts	0x0D3D, r1	; 0x800d3d <TempPress_data+0x5f>
    4566:	c4 cf       	rjmp	.-120    	; 0x44f0 <BMP390_read_raw_temp_press+0x74>

00004568 <BMP390_compensate_pressure>:
	float partial_data3;
	float partial_data4;
	float partial_out1;
	float partial_out2;
// Function to compensate pressure reading
void BMP390_compensate_pressure(BMP390_Data *data) {
    4568:	4f 92       	push	r4
    456a:	5f 92       	push	r5
    456c:	6f 92       	push	r6
    456e:	7f 92       	push	r7
    4570:	8f 92       	push	r8
    4572:	9f 92       	push	r9
    4574:	af 92       	push	r10
    4576:	bf 92       	push	r11
    4578:	cf 92       	push	r12
    457a:	df 92       	push	r13
    457c:	ef 92       	push	r14
    457e:	ff 92       	push	r15
    4580:	0f 93       	push	r16
    4582:	1f 93       	push	r17
    4584:	cf 93       	push	r28
    4586:	df 93       	push	r29
    4588:	cd b7       	in	r28, 0x3d	; 61
    458a:	de b7       	in	r29, 0x3e	; 62
    458c:	2e 97       	sbiw	r28, 0x0e	; 14
    458e:	0f b6       	in	r0, 0x3f	; 63
    4590:	f8 94       	cli
    4592:	de bf       	out	0x3e, r29	; 62
    4594:	0f be       	out	0x3f, r0	; 63
    4596:	cd bf       	out	0x3d, r28	; 61
    4598:	9e 87       	std	Y+14, r25	; 0x0e
    459a:	8d 87       	std	Y+13, r24	; 0x0d

	
	partial_data1=data->PAR.f_PAR_P6*(data->temperature);
    459c:	dc 01       	movw	r26, r24
    459e:	14 96       	adiw	r26, 0x04	; 4
    45a0:	cd 90       	ld	r12, X+
    45a2:	dd 90       	ld	r13, X+
    45a4:	ed 90       	ld	r14, X+
    45a6:	fc 90       	ld	r15, X
    45a8:	17 97       	sbiw	r26, 0x07	; 7
	partial_data2=data->PAR.f_PAR_P7*(data->temperature*data->temperature);
    45aa:	a7 01       	movw	r20, r14
    45ac:	96 01       	movw	r18, r12
    45ae:	c7 01       	movw	r24, r14
    45b0:	b6 01       	movw	r22, r12
    45b2:	0e 94 45 2f 	call	0x5e8a	; 0x5e8a <__mulsf3>
    45b6:	2b 01       	movw	r4, r22
    45b8:	3c 01       	movw	r6, r24
	partial_data3=data->PAR.f_PAR_P8*(data->temperature*data->temperature*data->temperature);
    45ba:	9b 01       	movw	r18, r22
    45bc:	ac 01       	movw	r20, r24
    45be:	c7 01       	movw	r24, r14
    45c0:	b6 01       	movw	r22, r12
    45c2:	0e 94 45 2f 	call	0x5e8a	; 0x5e8a <__mulsf3>
    45c6:	69 83       	std	Y+1, r22	; 0x01
    45c8:	7a 83       	std	Y+2, r23	; 0x02
    45ca:	8b 83       	std	Y+3, r24	; 0x03
    45cc:	9c 83       	std	Y+4, r25	; 0x04
	float partial_out2;
// Function to compensate pressure reading
void BMP390_compensate_pressure(BMP390_Data *data) {

	
	partial_data1=data->PAR.f_PAR_P6*(data->temperature);
    45ce:	ed 85       	ldd	r30, Y+13	; 0x0d
    45d0:	fe 85       	ldd	r31, Y+14	; 0x0e
    45d2:	ea 5b       	subi	r30, 0xBA	; 186
    45d4:	ff 4f       	sbci	r31, 0xFF	; 255
	partial_data2=data->PAR.f_PAR_P7*(data->temperature*data->temperature);
	partial_data3=data->PAR.f_PAR_P8*(data->temperature*data->temperature*data->temperature);
	partial_out1=data->PAR.f_PAR_P5 + partial_data1 + partial_data2 + partial_data3;
    45d6:	20 81       	ld	r18, Z
    45d8:	31 81       	ldd	r19, Z+1	; 0x01
    45da:	42 81       	ldd	r20, Z+2	; 0x02
    45dc:	53 81       	ldd	r21, Z+3	; 0x03
    45de:	c7 01       	movw	r24, r14
    45e0:	b6 01       	movw	r22, r12
    45e2:	0e 94 45 2f 	call	0x5e8a	; 0x5e8a <__mulsf3>
    45e6:	ed 85       	ldd	r30, Y+13	; 0x0d
    45e8:	fe 85       	ldd	r31, Y+14	; 0x0e
    45ea:	ee 5b       	subi	r30, 0xBE	; 190
    45ec:	ff 4f       	sbci	r31, 0xFF	; 255
    45ee:	20 81       	ld	r18, Z
    45f0:	31 81       	ldd	r19, Z+1	; 0x01
    45f2:	42 81       	ldd	r20, Z+2	; 0x02
    45f4:	53 81       	ldd	r21, Z+3	; 0x03
    45f6:	0e 94 a3 2d 	call	0x5b46	; 0x5b46 <__addsf3>
    45fa:	4b 01       	movw	r8, r22
    45fc:	5c 01       	movw	r10, r24
// Function to compensate pressure reading
void BMP390_compensate_pressure(BMP390_Data *data) {

	
	partial_data1=data->PAR.f_PAR_P6*(data->temperature);
	partial_data2=data->PAR.f_PAR_P7*(data->temperature*data->temperature);
    45fe:	ed 85       	ldd	r30, Y+13	; 0x0d
    4600:	fe 85       	ldd	r31, Y+14	; 0x0e
    4602:	e6 5b       	subi	r30, 0xB6	; 182
    4604:	ff 4f       	sbci	r31, 0xFF	; 255
	partial_data3=data->PAR.f_PAR_P8*(data->temperature*data->temperature*data->temperature);
	partial_out1=data->PAR.f_PAR_P5 + partial_data1 + partial_data2 + partial_data3;
    4606:	20 81       	ld	r18, Z
    4608:	31 81       	ldd	r19, Z+1	; 0x01
    460a:	42 81       	ldd	r20, Z+2	; 0x02
    460c:	53 81       	ldd	r21, Z+3	; 0x03
    460e:	c3 01       	movw	r24, r6
    4610:	b2 01       	movw	r22, r4
    4612:	0e 94 45 2f 	call	0x5e8a	; 0x5e8a <__mulsf3>
    4616:	9b 01       	movw	r18, r22
    4618:	ac 01       	movw	r20, r24
    461a:	c5 01       	movw	r24, r10
    461c:	b4 01       	movw	r22, r8
    461e:	0e 94 a3 2d 	call	0x5b46	; 0x5b46 <__addsf3>
    4622:	4b 01       	movw	r8, r22
    4624:	5c 01       	movw	r10, r24
void BMP390_compensate_pressure(BMP390_Data *data) {

	
	partial_data1=data->PAR.f_PAR_P6*(data->temperature);
	partial_data2=data->PAR.f_PAR_P7*(data->temperature*data->temperature);
	partial_data3=data->PAR.f_PAR_P8*(data->temperature*data->temperature*data->temperature);
    4626:	ed 85       	ldd	r30, Y+13	; 0x0d
    4628:	fe 85       	ldd	r31, Y+14	; 0x0e
    462a:	e2 5b       	subi	r30, 0xB2	; 178
    462c:	ff 4f       	sbci	r31, 0xFF	; 255
	partial_out1=data->PAR.f_PAR_P5 + partial_data1 + partial_data2 + partial_data3;
    462e:	20 81       	ld	r18, Z
    4630:	31 81       	ldd	r19, Z+1	; 0x01
    4632:	42 81       	ldd	r20, Z+2	; 0x02
    4634:	53 81       	ldd	r21, Z+3	; 0x03
    4636:	69 81       	ldd	r22, Y+1	; 0x01
    4638:	7a 81       	ldd	r23, Y+2	; 0x02
    463a:	8b 81       	ldd	r24, Y+3	; 0x03
    463c:	9c 81       	ldd	r25, Y+4	; 0x04
    463e:	0e 94 45 2f 	call	0x5e8a	; 0x5e8a <__mulsf3>
    4642:	9b 01       	movw	r18, r22
    4644:	ac 01       	movw	r20, r24
    4646:	c5 01       	movw	r24, r10
    4648:	b4 01       	movw	r22, r8
    464a:	0e 94 a3 2d 	call	0x5b46	; 0x5b46 <__addsf3>
    464e:	6d 83       	std	Y+5, r22	; 0x05
    4650:	7e 83       	std	Y+6, r23	; 0x06
    4652:	8f 83       	std	Y+7, r24	; 0x07
    4654:	98 87       	std	Y+8, r25	; 0x08
    4656:	60 93 4a 0d 	sts	0x0D4A, r22	; 0x800d4a <partial_out1>
    465a:	70 93 4b 0d 	sts	0x0D4B, r23	; 0x800d4b <partial_out1+0x1>
    465e:	80 93 4c 0d 	sts	0x0D4C, r24	; 0x800d4c <partial_out1+0x2>
    4662:	90 93 4d 0d 	sts	0x0D4D, r25	; 0x800d4d <partial_out1+0x3>
	
	partial_data1=data->PAR.f_PAR_P2*data->temperature;
	partial_data2=data->PAR.f_PAR_P3*(data->temperature*data->temperature);
	partial_data3=data->PAR.f_PAR_P4*(data->temperature*data->temperature*data->temperature);
	partial_out2=(float)data->pressure_raw*(data->PAR.f_PAR_P1 + partial_data1 + partial_data2 + partial_data3);
    4666:	ed 85       	ldd	r30, Y+13	; 0x0d
    4668:	fe 85       	ldd	r31, Y+14	; 0x0e
    466a:	60 85       	ldd	r22, Z+8	; 0x08
    466c:	71 85       	ldd	r23, Z+9	; 0x09
    466e:	82 85       	ldd	r24, Z+10	; 0x0a
    4670:	93 85       	ldd	r25, Z+11	; 0x0b
    4672:	0e 94 b9 2e 	call	0x5d72	; 0x5d72 <__floatsisf>
    4676:	4b 01       	movw	r8, r22
    4678:	5c 01       	movw	r10, r24
    467a:	ad 85       	ldd	r26, Y+13	; 0x0d
    467c:	be 85       	ldd	r27, Y+14	; 0x0e
    467e:	d6 96       	adiw	r26, 0x36	; 54
    4680:	2d 91       	ld	r18, X+
    4682:	3d 91       	ld	r19, X+
    4684:	4d 91       	ld	r20, X+
    4686:	5c 91       	ld	r21, X
    4688:	d9 97       	sbiw	r26, 0x39	; 57
    468a:	c7 01       	movw	r24, r14
    468c:	b6 01       	movw	r22, r12
    468e:	0e 94 45 2f 	call	0x5e8a	; 0x5e8a <__mulsf3>
    4692:	ed 85       	ldd	r30, Y+13	; 0x0d
    4694:	fe 85       	ldd	r31, Y+14	; 0x0e
    4696:	22 a9       	ldd	r18, Z+50	; 0x32
    4698:	33 a9       	ldd	r19, Z+51	; 0x33
    469a:	44 a9       	ldd	r20, Z+52	; 0x34
    469c:	55 a9       	ldd	r21, Z+53	; 0x35
    469e:	0e 94 a3 2d 	call	0x5b46	; 0x5b46 <__addsf3>
    46a2:	69 87       	std	Y+9, r22	; 0x09
    46a4:	7a 87       	std	Y+10, r23	; 0x0a
    46a6:	8b 87       	std	Y+11, r24	; 0x0b
    46a8:	9c 87       	std	Y+12, r25	; 0x0c
    46aa:	ad 85       	ldd	r26, Y+13	; 0x0d
    46ac:	be 85       	ldd	r27, Y+14	; 0x0e
    46ae:	da 96       	adiw	r26, 0x3a	; 58
    46b0:	2d 91       	ld	r18, X+
    46b2:	3d 91       	ld	r19, X+
    46b4:	4d 91       	ld	r20, X+
    46b6:	5c 91       	ld	r21, X
    46b8:	dd 97       	sbiw	r26, 0x3d	; 61
    46ba:	c3 01       	movw	r24, r6
    46bc:	b2 01       	movw	r22, r4
    46be:	0e 94 45 2f 	call	0x5e8a	; 0x5e8a <__mulsf3>
    46c2:	9b 01       	movw	r18, r22
    46c4:	ac 01       	movw	r20, r24
    46c6:	69 85       	ldd	r22, Y+9	; 0x09
    46c8:	7a 85       	ldd	r23, Y+10	; 0x0a
    46ca:	8b 85       	ldd	r24, Y+11	; 0x0b
    46cc:	9c 85       	ldd	r25, Y+12	; 0x0c
    46ce:	0e 94 a3 2d 	call	0x5b46	; 0x5b46 <__addsf3>
    46d2:	2b 01       	movw	r4, r22
    46d4:	3c 01       	movw	r6, r24
	partial_data3=data->PAR.f_PAR_P8*(data->temperature*data->temperature*data->temperature);
	partial_out1=data->PAR.f_PAR_P5 + partial_data1 + partial_data2 + partial_data3;
	
	partial_data1=data->PAR.f_PAR_P2*data->temperature;
	partial_data2=data->PAR.f_PAR_P3*(data->temperature*data->temperature);
	partial_data3=data->PAR.f_PAR_P4*(data->temperature*data->temperature*data->temperature);
    46d6:	ed 85       	ldd	r30, Y+13	; 0x0d
    46d8:	fe 85       	ldd	r31, Y+14	; 0x0e
    46da:	fe 96       	adiw	r30, 0x3e	; 62
	partial_out2=(float)data->pressure_raw*(data->PAR.f_PAR_P1 + partial_data1 + partial_data2 + partial_data3);
    46dc:	20 81       	ld	r18, Z
    46de:	31 81       	ldd	r19, Z+1	; 0x01
    46e0:	42 81       	ldd	r20, Z+2	; 0x02
    46e2:	53 81       	ldd	r21, Z+3	; 0x03
    46e4:	69 81       	ldd	r22, Y+1	; 0x01
    46e6:	7a 81       	ldd	r23, Y+2	; 0x02
    46e8:	8b 81       	ldd	r24, Y+3	; 0x03
    46ea:	9c 81       	ldd	r25, Y+4	; 0x04
    46ec:	0e 94 45 2f 	call	0x5e8a	; 0x5e8a <__mulsf3>
    46f0:	9b 01       	movw	r18, r22
    46f2:	ac 01       	movw	r20, r24
    46f4:	c3 01       	movw	r24, r6
    46f6:	b2 01       	movw	r22, r4
    46f8:	0e 94 a3 2d 	call	0x5b46	; 0x5b46 <__addsf3>
    46fc:	a5 01       	movw	r20, r10
    46fe:	94 01       	movw	r18, r8
    4700:	0e 94 45 2f 	call	0x5e8a	; 0x5e8a <__mulsf3>
    4704:	69 83       	std	Y+1, r22	; 0x01
    4706:	7a 83       	std	Y+2, r23	; 0x02
    4708:	8b 83       	std	Y+3, r24	; 0x03
    470a:	9c 83       	std	Y+4, r25	; 0x04
    470c:	60 93 da 0c 	sts	0x0CDA, r22	; 0x800cda <partial_out2>
    4710:	70 93 db 0c 	sts	0x0CDB, r23	; 0x800cdb <partial_out2+0x1>
    4714:	80 93 dc 0c 	sts	0x0CDC, r24	; 0x800cdc <partial_out2+0x2>
    4718:	90 93 dd 0c 	sts	0x0CDD, r25	; 0x800cdd <partial_out2+0x3>
	
	partial_data1=(float)data->pressure_raw*(float)data->pressure_raw;
    471c:	a5 01       	movw	r20, r10
    471e:	94 01       	movw	r18, r8
    4720:	c5 01       	movw	r24, r10
    4722:	b4 01       	movw	r22, r8
    4724:	0e 94 45 2f 	call	0x5e8a	; 0x5e8a <__mulsf3>
    4728:	2b 01       	movw	r4, r22
    472a:	3c 01       	movw	r6, r24
    472c:	60 93 46 0d 	sts	0x0D46, r22	; 0x800d46 <partial_data1>
    4730:	70 93 47 0d 	sts	0x0D47, r23	; 0x800d47 <partial_data1+0x1>
    4734:	80 93 48 0d 	sts	0x0D48, r24	; 0x800d48 <partial_data1+0x2>
    4738:	90 93 49 0d 	sts	0x0D49, r25	; 0x800d49 <partial_data1+0x3>
	partial_data2=data->PAR.f_PAR_P9 + data->PAR.f_PAR_P10*data->temperature;
    473c:	ed 85       	ldd	r30, Y+13	; 0x0d
    473e:	fe 85       	ldd	r31, Y+14	; 0x0e
    4740:	ea 5a       	subi	r30, 0xAA	; 170
    4742:	ff 4f       	sbci	r31, 0xFF	; 255
    4744:	20 81       	ld	r18, Z
    4746:	31 81       	ldd	r19, Z+1	; 0x01
    4748:	42 81       	ldd	r20, Z+2	; 0x02
    474a:	53 81       	ldd	r21, Z+3	; 0x03
    474c:	c7 01       	movw	r24, r14
    474e:	b6 01       	movw	r22, r12
    4750:	0e 94 45 2f 	call	0x5e8a	; 0x5e8a <__mulsf3>
    4754:	ed 85       	ldd	r30, Y+13	; 0x0d
    4756:	fe 85       	ldd	r31, Y+14	; 0x0e
    4758:	ee 5a       	subi	r30, 0xAE	; 174
    475a:	ff 4f       	sbci	r31, 0xFF	; 255
    475c:	20 81       	ld	r18, Z
    475e:	31 81       	ldd	r19, Z+1	; 0x01
    4760:	42 81       	ldd	r20, Z+2	; 0x02
    4762:	53 81       	ldd	r21, Z+3	; 0x03
    4764:	0e 94 a3 2d 	call	0x5b46	; 0x5b46 <__addsf3>
    4768:	9b 01       	movw	r18, r22
    476a:	ac 01       	movw	r20, r24
    476c:	60 93 4e 0d 	sts	0x0D4E, r22	; 0x800d4e <partial_data2>
    4770:	70 93 4f 0d 	sts	0x0D4F, r23	; 0x800d4f <partial_data2+0x1>
    4774:	80 93 50 0d 	sts	0x0D50, r24	; 0x800d50 <partial_data2+0x2>
    4778:	90 93 51 0d 	sts	0x0D51, r25	; 0x800d51 <partial_data2+0x3>
	partial_data3=partial_data1*partial_data2;
    477c:	c3 01       	movw	r24, r6
    477e:	b2 01       	movw	r22, r4
    4780:	0e 94 45 2f 	call	0x5e8a	; 0x5e8a <__mulsf3>
    4784:	6b 01       	movw	r12, r22
    4786:	7c 01       	movw	r14, r24
    4788:	60 93 3e 0d 	sts	0x0D3E, r22	; 0x800d3e <partial_data3>
    478c:	70 93 3f 0d 	sts	0x0D3F, r23	; 0x800d3f <partial_data3+0x1>
    4790:	80 93 40 0d 	sts	0x0D40, r24	; 0x800d40 <partial_data3+0x2>
    4794:	90 93 41 0d 	sts	0x0D41, r25	; 0x800d41 <partial_data3+0x3>
	partial_data4=((float)data->pressure_raw*(float)data->pressure_raw*(float)data->pressure_raw)*data->PAR.f_PAR_P11;
    4798:	0d 85       	ldd	r16, Y+13	; 0x0d
    479a:	1e 85       	ldd	r17, Y+14	; 0x0e
    479c:	06 5a       	subi	r16, 0xA6	; 166
    479e:	1f 4f       	sbci	r17, 0xFF	; 255
    47a0:	a3 01       	movw	r20, r6
    47a2:	92 01       	movw	r18, r4
    47a4:	c5 01       	movw	r24, r10
    47a6:	b4 01       	movw	r22, r8
    47a8:	0e 94 45 2f 	call	0x5e8a	; 0x5e8a <__mulsf3>
    47ac:	f8 01       	movw	r30, r16
    47ae:	20 81       	ld	r18, Z
    47b0:	31 81       	ldd	r19, Z+1	; 0x01
    47b2:	42 81       	ldd	r20, Z+2	; 0x02
    47b4:	53 81       	ldd	r21, Z+3	; 0x03
    47b6:	0e 94 45 2f 	call	0x5e8a	; 0x5e8a <__mulsf3>
    47ba:	4b 01       	movw	r8, r22
    47bc:	5c 01       	movw	r10, r24
    47be:	60 93 42 0d 	sts	0x0D42, r22	; 0x800d42 <partial_data4>
    47c2:	70 93 43 0d 	sts	0x0D43, r23	; 0x800d43 <partial_data4+0x1>
    47c6:	80 93 44 0d 	sts	0x0D44, r24	; 0x800d44 <partial_data4+0x2>
    47ca:	90 93 45 0d 	sts	0x0D45, r25	; 0x800d45 <partial_data4+0x3>
	
	data->pressure = partial_out1 + partial_out2 + partial_data3 + partial_data4;
    47ce:	29 81       	ldd	r18, Y+1	; 0x01
    47d0:	3a 81       	ldd	r19, Y+2	; 0x02
    47d2:	4b 81       	ldd	r20, Y+3	; 0x03
    47d4:	5c 81       	ldd	r21, Y+4	; 0x04
    47d6:	6d 81       	ldd	r22, Y+5	; 0x05
    47d8:	7e 81       	ldd	r23, Y+6	; 0x06
    47da:	8f 81       	ldd	r24, Y+7	; 0x07
    47dc:	98 85       	ldd	r25, Y+8	; 0x08
    47de:	0e 94 a3 2d 	call	0x5b46	; 0x5b46 <__addsf3>
    47e2:	a7 01       	movw	r20, r14
    47e4:	96 01       	movw	r18, r12
    47e6:	0e 94 a3 2d 	call	0x5b46	; 0x5b46 <__addsf3>
    47ea:	a5 01       	movw	r20, r10
    47ec:	94 01       	movw	r18, r8
    47ee:	0e 94 a3 2d 	call	0x5b46	; 0x5b46 <__addsf3>
    47f2:	ad 85       	ldd	r26, Y+13	; 0x0d
    47f4:	be 85       	ldd	r27, Y+14	; 0x0e
    47f6:	1c 96       	adiw	r26, 0x0c	; 12
    47f8:	6d 93       	st	X+, r22
    47fa:	7d 93       	st	X+, r23
    47fc:	8d 93       	st	X+, r24
    47fe:	9c 93       	st	X, r25
    4800:	1f 97       	sbiw	r26, 0x0f	; 15
}
    4802:	2e 96       	adiw	r28, 0x0e	; 14
    4804:	0f b6       	in	r0, 0x3f	; 63
    4806:	f8 94       	cli
    4808:	de bf       	out	0x3e, r29	; 62
    480a:	0f be       	out	0x3f, r0	; 63
    480c:	cd bf       	out	0x3d, r28	; 61
    480e:	df 91       	pop	r29
    4810:	cf 91       	pop	r28
    4812:	1f 91       	pop	r17
    4814:	0f 91       	pop	r16
    4816:	ff 90       	pop	r15
    4818:	ef 90       	pop	r14
    481a:	df 90       	pop	r13
    481c:	cf 90       	pop	r12
    481e:	bf 90       	pop	r11
    4820:	af 90       	pop	r10
    4822:	9f 90       	pop	r9
    4824:	8f 90       	pop	r8
    4826:	7f 90       	pop	r7
    4828:	6f 90       	pop	r6
    482a:	5f 90       	pop	r5
    482c:	4f 90       	pop	r4
    482e:	08 95       	ret

00004830 <BMP390_temp_press_update>:

void BMP390_temp_press_update()
{
    4830:	8f 92       	push	r8
    4832:	9f 92       	push	r9
    4834:	af 92       	push	r10
    4836:	bf 92       	push	r11
    4838:	cf 92       	push	r12
    483a:	df 92       	push	r13
    483c:	ef 92       	push	r14
    483e:	ff 92       	push	r15
    4840:	cf 93       	push	r28
    4842:	df 93       	push	r29
	BMP390_init();
    4844:	0e 94 2a 22 	call	0x4454	; 0x4454 <BMP390_init>
	BMP390_read_raw_temp_press(&TempPress_data);
    4848:	8e ed       	ldi	r24, 0xDE	; 222
    484a:	9c e0       	ldi	r25, 0x0C	; 12
    484c:	0e 94 3e 22 	call	0x447c	; 0x447c <BMP390_read_raw_temp_press>
// Function to compensate temperature reading
void BMP390_compensate_temperature(BMP390_Data *data) {
	float partial_data1;
	float partial_data2;
	
	partial_data1 = (float)(data->temperature_raw-data->PAR.f_PAR_T1);
    4850:	ce ed       	ldi	r28, 0xDE	; 222
    4852:	dc e0       	ldi	r29, 0x0C	; 12
    4854:	68 81       	ld	r22, Y
    4856:	79 81       	ldd	r23, Y+1	; 0x01
    4858:	8a 81       	ldd	r24, Y+2	; 0x02
    485a:	9b 81       	ldd	r25, Y+3	; 0x03
    485c:	0e 94 b9 2e 	call	0x5d72	; 0x5d72 <__floatsisf>
    4860:	2e a1       	ldd	r18, Y+38	; 0x26
    4862:	3f a1       	ldd	r19, Y+39	; 0x27
    4864:	48 a5       	ldd	r20, Y+40	; 0x28
    4866:	59 a5       	ldd	r21, Y+41	; 0x29
    4868:	0e 94 a2 2d 	call	0x5b44	; 0x5b44 <__subsf3>
    486c:	6b 01       	movw	r12, r22
    486e:	7c 01       	movw	r14, r24
	partial_data2 = (float)(partial_data1*data->PAR.f_PAR_T2);
	
	data->temperature = partial_data2+(partial_data1*partial_data1)*data->PAR.f_PAR_T3;
    4870:	9b 01       	movw	r18, r22
    4872:	ac 01       	movw	r20, r24
    4874:	0e 94 45 2f 	call	0x5e8a	; 0x5e8a <__mulsf3>
    4878:	2e a5       	ldd	r18, Y+46	; 0x2e
    487a:	3f a5       	ldd	r19, Y+47	; 0x2f
    487c:	48 a9       	ldd	r20, Y+48	; 0x30
    487e:	59 a9       	ldd	r21, Y+49	; 0x31
    4880:	0e 94 45 2f 	call	0x5e8a	; 0x5e8a <__mulsf3>
    4884:	4b 01       	movw	r8, r22
    4886:	5c 01       	movw	r10, r24
    4888:	2a a5       	ldd	r18, Y+42	; 0x2a
    488a:	3b a5       	ldd	r19, Y+43	; 0x2b
    488c:	4c a5       	ldd	r20, Y+44	; 0x2c
    488e:	5d a5       	ldd	r21, Y+45	; 0x2d
    4890:	c7 01       	movw	r24, r14
    4892:	b6 01       	movw	r22, r12
    4894:	0e 94 45 2f 	call	0x5e8a	; 0x5e8a <__mulsf3>
    4898:	9b 01       	movw	r18, r22
    489a:	ac 01       	movw	r20, r24
    489c:	c5 01       	movw	r24, r10
    489e:	b4 01       	movw	r22, r8
    48a0:	0e 94 a3 2d 	call	0x5b46	; 0x5b46 <__addsf3>
    48a4:	6c 83       	std	Y+4, r22	; 0x04
    48a6:	7d 83       	std	Y+5, r23	; 0x05
    48a8:	8e 83       	std	Y+6, r24	; 0x06
    48aa:	9f 83       	std	Y+7, r25	; 0x07
void BMP390_temp_press_update()
{
	BMP390_init();
	BMP390_read_raw_temp_press(&TempPress_data);
	BMP390_compensate_temperature(&TempPress_data);
	BMP390_compensate_pressure(&TempPress_data);
    48ac:	ce 01       	movw	r24, r28
}
    48ae:	df 91       	pop	r29
    48b0:	cf 91       	pop	r28
    48b2:	ff 90       	pop	r15
    48b4:	ef 90       	pop	r14
    48b6:	df 90       	pop	r13
    48b8:	cf 90       	pop	r12
    48ba:	bf 90       	pop	r11
    48bc:	af 90       	pop	r10
    48be:	9f 90       	pop	r9
    48c0:	8f 90       	pop	r8
void BMP390_temp_press_update()
{
	BMP390_init();
	BMP390_read_raw_temp_press(&TempPress_data);
	BMP390_compensate_temperature(&TempPress_data);
	BMP390_compensate_pressure(&TempPress_data);
    48c2:	0c 94 b4 22 	jmp	0x4568	; 0x4568 <BMP390_compensate_pressure>

000048c6 <get_BMP390_temperature>:
}

int16_t	get_BMP390_temperature(void)
{
	if (TempPress_data.BMP390_ERR) return 0x7FFF;
    48c6:	80 91 3d 0d 	lds	r24, 0x0D3D	; 0x800d3d <TempPress_data+0x5f>
    48ca:	88 23       	and	r24, r24
    48cc:	19 f0       	breq	.+6      	; 0x48d4 <get_BMP390_temperature+0xe>
    48ce:	8f ef       	ldi	r24, 0xFF	; 255
    48d0:	9f e7       	ldi	r25, 0x7F	; 127
	return (int16_t)TempPress_data.temperature*10;
}
    48d2:	08 95       	ret
}

int16_t	get_BMP390_temperature(void)
{
	if (TempPress_data.BMP390_ERR) return 0x7FFF;
	return (int16_t)TempPress_data.temperature*10;
    48d4:	60 91 e2 0c 	lds	r22, 0x0CE2	; 0x800ce2 <TempPress_data+0x4>
    48d8:	70 91 e3 0c 	lds	r23, 0x0CE3	; 0x800ce3 <TempPress_data+0x5>
    48dc:	80 91 e4 0c 	lds	r24, 0x0CE4	; 0x800ce4 <TempPress_data+0x6>
    48e0:	90 91 e5 0c 	lds	r25, 0x0CE5	; 0x800ce5 <TempPress_data+0x7>
    48e4:	0e 94 81 2e 	call	0x5d02	; 0x5d02 <__fixsfsi>
    48e8:	9b 01       	movw	r18, r22
    48ea:	22 0f       	add	r18, r18
    48ec:	33 1f       	adc	r19, r19
    48ee:	66 0f       	add	r22, r22
    48f0:	77 1f       	adc	r23, r23
    48f2:	66 0f       	add	r22, r22
    48f4:	77 1f       	adc	r23, r23
    48f6:	66 0f       	add	r22, r22
    48f8:	77 1f       	adc	r23, r23
    48fa:	c9 01       	movw	r24, r18
    48fc:	86 0f       	add	r24, r22
    48fe:	97 1f       	adc	r25, r23
    4900:	08 95       	ret

00004902 <get_BMP390_pressure>:
}
int16_t	get_BMP390_pressure(void)
{
	if (TempPress_data.BMP390_ERR) return 0x7FFF;
    4902:	80 91 3d 0d 	lds	r24, 0x0D3D	; 0x800d3d <TempPress_data+0x5f>
    4906:	88 23       	and	r24, r24
    4908:	19 f0       	breq	.+6      	; 0x4910 <get_BMP390_pressure+0xe>
    490a:	8f ef       	ldi	r24, 0xFF	; 255
    490c:	9f e7       	ldi	r25, 0x7F	; 127
	else return (int16_t)(TempPress_data.pressure/10.0);
    490e:	08 95       	ret
	return (int16_t)TempPress_data.temperature*10;
}
int16_t	get_BMP390_pressure(void)
{
	if (TempPress_data.BMP390_ERR) return 0x7FFF;
	else return (int16_t)(TempPress_data.pressure/10.0);
    4910:	20 e0       	ldi	r18, 0x00	; 0
    4912:	30 e0       	ldi	r19, 0x00	; 0
    4914:	40 e2       	ldi	r20, 0x20	; 32
    4916:	51 e4       	ldi	r21, 0x41	; 65
    4918:	60 91 ea 0c 	lds	r22, 0x0CEA	; 0x800cea <TempPress_data+0xc>
    491c:	70 91 eb 0c 	lds	r23, 0x0CEB	; 0x800ceb <TempPress_data+0xd>
    4920:	80 91 ec 0c 	lds	r24, 0x0CEC	; 0x800cec <TempPress_data+0xe>
    4924:	90 91 ed 0c 	lds	r25, 0x0CED	; 0x800ced <TempPress_data+0xf>
    4928:	0e 94 0f 2e 	call	0x5c1e	; 0x5c1e <__divsf3>
    492c:	0e 94 81 2e 	call	0x5d02	; 0x5d02 <__fixsfsi>
    4930:	cb 01       	movw	r24, r22
    4932:	08 95       	ret

00004934 <lsm6dsox_write>:
#include "IOU_board.h"
#include "BMP390.h"

TWI_ERROR TWI_ERROR_GYRO = TWI_SUCCESS;

void lsm6dsox_write(uint8_t _reg, uint8_t _value) {
    4934:	cf 93       	push	r28
    4936:	df 93       	push	r29
    4938:	d8 2f       	mov	r29, r24
    493a:	c6 2f       	mov	r28, r22
	twi_start();
    493c:	0e 94 08 19 	call	0x3210	; 0x3210 <twi_start>
	twi_write(LSM6DSOX_ADDRESS << 1);
    4940:	84 ed       	ldi	r24, 0xD4	; 212
    4942:	0e 94 27 19 	call	0x324e	; 0x324e <twi_write>
	twi_write(_reg);
    4946:	8d 2f       	mov	r24, r29
    4948:	0e 94 27 19 	call	0x324e	; 0x324e <twi_write>
	twi_write(_value);
    494c:	8c 2f       	mov	r24, r28
    494e:	0e 94 27 19 	call	0x324e	; 0x324e <twi_write>
	twi_stop();
}
    4952:	df 91       	pop	r29
    4954:	cf 91       	pop	r28
void lsm6dsox_write(uint8_t _reg, uint8_t _value) {
	twi_start();
	twi_write(LSM6DSOX_ADDRESS << 1);
	twi_write(_reg);
	twi_write(_value);
	twi_stop();
    4956:	0c 94 17 19 	jmp	0x322e	; 0x322e <twi_stop>

0000495a <lsm6dsox_read>:
}

void lsm6dsox_read(uint8_t reg, uint8_t *buffer, uint8_t length) {
    495a:	af 92       	push	r10
    495c:	bf 92       	push	r11
    495e:	cf 92       	push	r12
    4960:	df 92       	push	r13
    4962:	ef 92       	push	r14
    4964:	ff 92       	push	r15
    4966:	1f 93       	push	r17
    4968:	cf 93       	push	r28
    496a:	df 93       	push	r29
    496c:	c8 2f       	mov	r28, r24
    496e:	7b 01       	movw	r14, r22
    4970:	a4 2e       	mov	r10, r20
	twi_start();
    4972:	0e 94 08 19 	call	0x3210	; 0x3210 <twi_start>
	twi_write(LSM6DSOX_ADDRESS << 1);
    4976:	84 ed       	ldi	r24, 0xD4	; 212
    4978:	0e 94 27 19 	call	0x324e	; 0x324e <twi_write>
	twi_write(reg);
    497c:	8c 2f       	mov	r24, r28
    497e:	0e 94 27 19 	call	0x324e	; 0x324e <twi_write>
	twi_start();
    4982:	0e 94 08 19 	call	0x3210	; 0x3210 <twi_start>
	twi_write((LSM6DSOX_ADDRESS << 1) | 1);
    4986:	85 ed       	ldi	r24, 0xD5	; 213
    4988:	0e 94 27 19 	call	0x324e	; 0x324e <twi_write>
	for (uint8_t i = 0; i < length - 1; i++) {
    498c:	b1 2c       	mov	r11, r1
    498e:	65 01       	movw	r12, r10
    4990:	81 e0       	ldi	r24, 0x01	; 1
    4992:	c8 1a       	sub	r12, r24
    4994:	d1 08       	sbc	r13, r1
    4996:	1c 14       	cp	r1, r12
    4998:	1d 04       	cpc	r1, r13
    499a:	7c f4       	brge	.+30     	; 0x49ba <lsm6dsox_read+0x60>
    499c:	10 e0       	ldi	r17, 0x00	; 0
    499e:	80 e0       	ldi	r24, 0x00	; 0
    49a0:	90 e0       	ldi	r25, 0x00	; 0
		buffer[i] = twi_read_ack();
    49a2:	e7 01       	movw	r28, r14
    49a4:	c8 0f       	add	r28, r24
    49a6:	d9 1f       	adc	r29, r25
    49a8:	0e 94 38 19 	call	0x3270	; 0x3270 <twi_read_ack>
    49ac:	88 83       	st	Y, r24
	twi_start();
	twi_write(LSM6DSOX_ADDRESS << 1);
	twi_write(reg);
	twi_start();
	twi_write((LSM6DSOX_ADDRESS << 1) | 1);
	for (uint8_t i = 0; i < length - 1; i++) {
    49ae:	1f 5f       	subi	r17, 0xFF	; 255
    49b0:	81 2f       	mov	r24, r17
    49b2:	90 e0       	ldi	r25, 0x00	; 0
    49b4:	8c 15       	cp	r24, r12
    49b6:	9d 05       	cpc	r25, r13
    49b8:	a4 f3       	brlt	.-24     	; 0x49a2 <lsm6dsox_read+0x48>
		buffer[i] = twi_read_ack();
		if (buffer[i] >> 8) TWI_ERROR_GYRO = TWI_ERROR_NO_ACK;
	}
	buffer[length - 1] = twi_read_nack();
    49ba:	81 e0       	ldi	r24, 0x01	; 1
    49bc:	a8 1a       	sub	r10, r24
    49be:	b1 08       	sbc	r11, r1
    49c0:	e7 01       	movw	r28, r14
    49c2:	ca 0d       	add	r28, r10
    49c4:	db 1d       	adc	r29, r11
    49c6:	0e 94 4a 19 	call	0x3294	; 0x3294 <twi_read_nack>
    49ca:	88 83       	st	Y, r24
	if (buffer[length - 1] >> 8) TWI_ERROR_GYRO = TWI_ERROR_NO_ACK;
	twi_stop();
}
    49cc:	df 91       	pop	r29
    49ce:	cf 91       	pop	r28
    49d0:	1f 91       	pop	r17
    49d2:	ff 90       	pop	r15
    49d4:	ef 90       	pop	r14
    49d6:	df 90       	pop	r13
    49d8:	cf 90       	pop	r12
    49da:	bf 90       	pop	r11
    49dc:	af 90       	pop	r10
		buffer[i] = twi_read_ack();
		if (buffer[i] >> 8) TWI_ERROR_GYRO = TWI_ERROR_NO_ACK;
	}
	buffer[length - 1] = twi_read_nack();
	if (buffer[length - 1] >> 8) TWI_ERROR_GYRO = TWI_ERROR_NO_ACK;
	twi_stop();
    49de:	0c 94 17 19 	jmp	0x322e	; 0x322e <twi_stop>

000049e2 <lsm6dsox_init>:
}

bool lsm6dsox_init(void) {
	// Accelerometer: 104 Hz, 8g ~ 78.48 m/s^2
	TWI_ERROR_GYRO=TWI_SUCCESS;
    49e2:	10 92 cd 09 	sts	0x09CD, r1	; 0x8009cd <TWI_ERROR_GYRO>
	lsm6dsox_write(LSM6DSOX_CTRL1_XL, 0x58);
    49e6:	68 e5       	ldi	r22, 0x58	; 88
    49e8:	80 e1       	ldi	r24, 0x10	; 16
    49ea:	0e 94 9a 24 	call	0x4934	; 0x4934 <lsm6dsox_write>
	// Gyroscope: 104 Hz, 500 dps	
	lsm6dsox_write(LSM6DSOX_CTRL2_G, 0x54);
    49ee:	64 e5       	ldi	r22, 0x54	; 84
    49f0:	81 e1       	ldi	r24, 0x11	; 17
    49f2:	0e 94 9a 24 	call	0x4934	; 0x4934 <lsm6dsox_write>
	// Read to control status
	twi_start();
    49f6:	0e 94 08 19 	call	0x3210	; 0x3210 <twi_start>
	twi_write(LSM6DSOX_ADDRESS << 1);
    49fa:	84 ed       	ldi	r24, 0xD4	; 212
    49fc:	0e 94 27 19 	call	0x324e	; 0x324e <twi_write>
	twi_write(LSM6DSOX_OUTX_L_G);
    4a00:	82 e2       	ldi	r24, 0x22	; 34
    4a02:	0e 94 27 19 	call	0x324e	; 0x324e <twi_write>
	twi_start();
    4a06:	0e 94 08 19 	call	0x3210	; 0x3210 <twi_start>
	twi_write((LSM6DSOX_ADDRESS << 1) | 1);
    4a0a:	85 ed       	ldi	r24, 0xD5	; 213
    4a0c:	0e 94 27 19 	call	0x324e	; 0x324e <twi_write>
	if (twi_read_nack() >> 8)
    4a10:	0e 94 4a 19 	call	0x3294	; 0x3294 <twi_read_nack>
    4a14:	29 2f       	mov	r18, r25
    4a16:	30 e0       	ldi	r19, 0x00	; 0
	{
		TWI_ERROR_GYRO = TWI_ERROR_NO_ACK;
    4a18:	81 e0       	ldi	r24, 0x01	; 1
	twi_start();
	twi_write(LSM6DSOX_ADDRESS << 1);
	twi_write(LSM6DSOX_OUTX_L_G);
	twi_start();
	twi_write((LSM6DSOX_ADDRESS << 1) | 1);
	if (twi_read_nack() >> 8)
    4a1a:	23 2b       	or	r18, r19
    4a1c:	09 f4       	brne	.+2      	; 0x4a20 <lsm6dsox_init+0x3e>
		TWI_ERROR_GYRO = TWI_ERROR_NO_ACK;
		twi_stop();
		return false;
	}
 	return true;
}
    4a1e:	08 95       	ret
	twi_write(LSM6DSOX_OUTX_L_G);
	twi_start();
	twi_write((LSM6DSOX_ADDRESS << 1) | 1);
	if (twi_read_nack() >> 8)
	{
		TWI_ERROR_GYRO = TWI_ERROR_NO_ACK;
    4a20:	80 93 cd 09 	sts	0x09CD, r24	; 0x8009cd <TWI_ERROR_GYRO>
		twi_stop();
    4a24:	0e 94 17 19 	call	0x322e	; 0x322e <twi_stop>
		return false;
    4a28:	80 e0       	ldi	r24, 0x00	; 0
    4a2a:	08 95       	ret

00004a2c <read_accel_gyro>:
	}
 	return true;
}

void read_accel_gyro(Accel_Gyro_DataTypedef* _accel, Accel_Gyro_DataTypedef* _gyro)
{
    4a2c:	ef 92       	push	r14
    4a2e:	ff 92       	push	r15
    4a30:	0f 93       	push	r16
    4a32:	1f 93       	push	r17
    4a34:	cf 93       	push	r28
    4a36:	df 93       	push	r29
    4a38:	cd b7       	in	r28, 0x3d	; 61
    4a3a:	de b7       	in	r29, 0x3e	; 62
    4a3c:	2c 97       	sbiw	r28, 0x0c	; 12
    4a3e:	0f b6       	in	r0, 0x3f	; 63
    4a40:	f8 94       	cli
    4a42:	de bf       	out	0x3e, r29	; 62
    4a44:	0f be       	out	0x3f, r0	; 63
    4a46:	cd bf       	out	0x3d, r28	; 61
    4a48:	8c 01       	movw	r16, r24
    4a4a:	7b 01       	movw	r14, r22
	uint8_t buffer[12];
	lsm6dsox_read(LSM6DSOX_OUTX_L_G, buffer, 12);
    4a4c:	4c e0       	ldi	r20, 0x0C	; 12
    4a4e:	be 01       	movw	r22, r28
    4a50:	6f 5f       	subi	r22, 0xFF	; 255
    4a52:	7f 4f       	sbci	r23, 0xFF	; 255
    4a54:	82 e2       	ldi	r24, 0x22	; 34
    4a56:	0e 94 ad 24 	call	0x495a	; 0x495a <lsm6dsox_read>
	if (TWI_ERROR_GYRO == TWI_SUCCESS)
    4a5a:	80 91 cd 09 	lds	r24, 0x09CD	; 0x8009cd <TWI_ERROR_GYRO>
    4a5e:	88 23       	and	r24, r24
    4a60:	e9 f0       	breq	.+58     	; 0x4a9c <read_accel_gyro+0x70>
		_accel->y = (int16_t)((buffer[9] << 8 | buffer[8])   * LSM6DSOX_ACCL_FS_8G);
		_accel->z = (int16_t)((buffer[11] << 8 | buffer[10]) * LSM6DSOX_ACCL_FS_8G);
	}
	else
	{
		_gyro->x = 0x7FFF;
    4a62:	8f ef       	ldi	r24, 0xFF	; 255
    4a64:	9f e7       	ldi	r25, 0x7F	; 127
    4a66:	f7 01       	movw	r30, r14
    4a68:	91 83       	std	Z+1, r25	; 0x01
    4a6a:	80 83       	st	Z, r24
		_gyro->y = 0x7FFF;
    4a6c:	93 83       	std	Z+3, r25	; 0x03
    4a6e:	82 83       	std	Z+2, r24	; 0x02
		_gyro->z = 0x7FFF;
    4a70:	95 83       	std	Z+5, r25	; 0x05
    4a72:	84 83       	std	Z+4, r24	; 0x04
		_accel->x = 0x7FFF;
    4a74:	f8 01       	movw	r30, r16
    4a76:	91 83       	std	Z+1, r25	; 0x01
    4a78:	80 83       	st	Z, r24
		_accel->y = 0x7FFF;
    4a7a:	93 83       	std	Z+3, r25	; 0x03
    4a7c:	82 83       	std	Z+2, r24	; 0x02
		_accel->z = 0x7FFF;
    4a7e:	95 83       	std	Z+5, r25	; 0x05
    4a80:	84 83       	std	Z+4, r24	; 0x04
	}
}
    4a82:	2c 96       	adiw	r28, 0x0c	; 12
    4a84:	0f b6       	in	r0, 0x3f	; 63
    4a86:	f8 94       	cli
    4a88:	de bf       	out	0x3e, r29	; 62
    4a8a:	0f be       	out	0x3f, r0	; 63
    4a8c:	cd bf       	out	0x3d, r28	; 61
    4a8e:	df 91       	pop	r29
    4a90:	cf 91       	pop	r28
    4a92:	1f 91       	pop	r17
    4a94:	0f 91       	pop	r16
    4a96:	ff 90       	pop	r15
    4a98:	ef 90       	pop	r14
    4a9a:	08 95       	ret
{
	uint8_t buffer[12];
	lsm6dsox_read(LSM6DSOX_OUTX_L_G, buffer, 12);
	if (TWI_ERROR_GYRO == TWI_SUCCESS)
	{
		_gyro->x = (int16_t)((buffer[1] << 8 | buffer[0]) * GYRO_SENSITIVITY_500DPS / 1000.0f);
    4a9c:	69 81       	ldd	r22, Y+1	; 0x01
    4a9e:	7a 81       	ldd	r23, Y+2	; 0x02
    4aa0:	07 2e       	mov	r0, r23
    4aa2:	00 0c       	add	r0, r0
    4aa4:	88 0b       	sbc	r24, r24
    4aa6:	99 0b       	sbc	r25, r25
    4aa8:	0e 94 b9 2e 	call	0x5d72	; 0x5d72 <__floatsisf>
    4aac:	20 e0       	ldi	r18, 0x00	; 0
    4aae:	30 e0       	ldi	r19, 0x00	; 0
    4ab0:	4c e8       	ldi	r20, 0x8C	; 140
    4ab2:	51 e4       	ldi	r21, 0x41	; 65
    4ab4:	0e 94 45 2f 	call	0x5e8a	; 0x5e8a <__mulsf3>
    4ab8:	20 e0       	ldi	r18, 0x00	; 0
    4aba:	30 e0       	ldi	r19, 0x00	; 0
    4abc:	4a e7       	ldi	r20, 0x7A	; 122
    4abe:	54 e4       	ldi	r21, 0x44	; 68
    4ac0:	0e 94 0f 2e 	call	0x5c1e	; 0x5c1e <__divsf3>
    4ac4:	0e 94 81 2e 	call	0x5d02	; 0x5d02 <__fixsfsi>
    4ac8:	f7 01       	movw	r30, r14
    4aca:	71 83       	std	Z+1, r23	; 0x01
    4acc:	60 83       	st	Z, r22
		_gyro->y = (int16_t)((buffer[3] << 8 | buffer[2]) * GYRO_SENSITIVITY_500DPS / 1000.0f);
    4ace:	6b 81       	ldd	r22, Y+3	; 0x03
    4ad0:	7c 81       	ldd	r23, Y+4	; 0x04
    4ad2:	07 2e       	mov	r0, r23
    4ad4:	00 0c       	add	r0, r0
    4ad6:	88 0b       	sbc	r24, r24
    4ad8:	99 0b       	sbc	r25, r25
    4ada:	0e 94 b9 2e 	call	0x5d72	; 0x5d72 <__floatsisf>
    4ade:	20 e0       	ldi	r18, 0x00	; 0
    4ae0:	30 e0       	ldi	r19, 0x00	; 0
    4ae2:	4c e8       	ldi	r20, 0x8C	; 140
    4ae4:	51 e4       	ldi	r21, 0x41	; 65
    4ae6:	0e 94 45 2f 	call	0x5e8a	; 0x5e8a <__mulsf3>
    4aea:	20 e0       	ldi	r18, 0x00	; 0
    4aec:	30 e0       	ldi	r19, 0x00	; 0
    4aee:	4a e7       	ldi	r20, 0x7A	; 122
    4af0:	54 e4       	ldi	r21, 0x44	; 68
    4af2:	0e 94 0f 2e 	call	0x5c1e	; 0x5c1e <__divsf3>
    4af6:	0e 94 81 2e 	call	0x5d02	; 0x5d02 <__fixsfsi>
    4afa:	f7 01       	movw	r30, r14
    4afc:	73 83       	std	Z+3, r23	; 0x03
    4afe:	62 83       	std	Z+2, r22	; 0x02
		_gyro->z = (int16_t)((buffer[5] << 8 | buffer[4]) * GYRO_SENSITIVITY_500DPS / 1000.0f);
    4b00:	6d 81       	ldd	r22, Y+5	; 0x05
    4b02:	7e 81       	ldd	r23, Y+6	; 0x06
    4b04:	07 2e       	mov	r0, r23
    4b06:	00 0c       	add	r0, r0
    4b08:	88 0b       	sbc	r24, r24
    4b0a:	99 0b       	sbc	r25, r25
    4b0c:	0e 94 b9 2e 	call	0x5d72	; 0x5d72 <__floatsisf>
    4b10:	20 e0       	ldi	r18, 0x00	; 0
    4b12:	30 e0       	ldi	r19, 0x00	; 0
    4b14:	4c e8       	ldi	r20, 0x8C	; 140
    4b16:	51 e4       	ldi	r21, 0x41	; 65
    4b18:	0e 94 45 2f 	call	0x5e8a	; 0x5e8a <__mulsf3>
    4b1c:	20 e0       	ldi	r18, 0x00	; 0
    4b1e:	30 e0       	ldi	r19, 0x00	; 0
    4b20:	4a e7       	ldi	r20, 0x7A	; 122
    4b22:	54 e4       	ldi	r21, 0x44	; 68
    4b24:	0e 94 0f 2e 	call	0x5c1e	; 0x5c1e <__divsf3>
    4b28:	0e 94 81 2e 	call	0x5d02	; 0x5d02 <__fixsfsi>
    4b2c:	f7 01       	movw	r30, r14
    4b2e:	75 83       	std	Z+5, r23	; 0x05
    4b30:	64 83       	std	Z+4, r22	; 0x04
		_accel->x = (int16_t)((buffer[7] << 8 | buffer[6])   * LSM6DSOX_ACCL_FS_8G);
    4b32:	6f 81       	ldd	r22, Y+7	; 0x07
    4b34:	78 85       	ldd	r23, Y+8	; 0x08
    4b36:	07 2e       	mov	r0, r23
    4b38:	00 0c       	add	r0, r0
    4b3a:	88 0b       	sbc	r24, r24
    4b3c:	99 0b       	sbc	r25, r25
    4b3e:	0e 94 b9 2e 	call	0x5d72	; 0x5d72 <__floatsisf>
    4b42:	23 e2       	ldi	r18, 0x23	; 35
    4b44:	3b ed       	ldi	r19, 0xDB	; 219
    4b46:	49 e7       	ldi	r20, 0x79	; 121
    4b48:	5e e3       	ldi	r21, 0x3E	; 62
    4b4a:	0e 94 45 2f 	call	0x5e8a	; 0x5e8a <__mulsf3>
    4b4e:	0e 94 81 2e 	call	0x5d02	; 0x5d02 <__fixsfsi>
    4b52:	f8 01       	movw	r30, r16
    4b54:	71 83       	std	Z+1, r23	; 0x01
    4b56:	60 83       	st	Z, r22
		_accel->y = (int16_t)((buffer[9] << 8 | buffer[8])   * LSM6DSOX_ACCL_FS_8G);
    4b58:	69 85       	ldd	r22, Y+9	; 0x09
    4b5a:	7a 85       	ldd	r23, Y+10	; 0x0a
    4b5c:	07 2e       	mov	r0, r23
    4b5e:	00 0c       	add	r0, r0
    4b60:	88 0b       	sbc	r24, r24
    4b62:	99 0b       	sbc	r25, r25
    4b64:	0e 94 b9 2e 	call	0x5d72	; 0x5d72 <__floatsisf>
    4b68:	23 e2       	ldi	r18, 0x23	; 35
    4b6a:	3b ed       	ldi	r19, 0xDB	; 219
    4b6c:	49 e7       	ldi	r20, 0x79	; 121
    4b6e:	5e e3       	ldi	r21, 0x3E	; 62
    4b70:	0e 94 45 2f 	call	0x5e8a	; 0x5e8a <__mulsf3>
    4b74:	0e 94 81 2e 	call	0x5d02	; 0x5d02 <__fixsfsi>
    4b78:	f8 01       	movw	r30, r16
    4b7a:	73 83       	std	Z+3, r23	; 0x03
    4b7c:	62 83       	std	Z+2, r22	; 0x02
		_accel->z = (int16_t)((buffer[11] << 8 | buffer[10]) * LSM6DSOX_ACCL_FS_8G);
    4b7e:	6b 85       	ldd	r22, Y+11	; 0x0b
    4b80:	7c 85       	ldd	r23, Y+12	; 0x0c
    4b82:	07 2e       	mov	r0, r23
    4b84:	00 0c       	add	r0, r0
    4b86:	88 0b       	sbc	r24, r24
    4b88:	99 0b       	sbc	r25, r25
    4b8a:	0e 94 b9 2e 	call	0x5d72	; 0x5d72 <__floatsisf>
    4b8e:	23 e2       	ldi	r18, 0x23	; 35
    4b90:	3b ed       	ldi	r19, 0xDB	; 219
    4b92:	49 e7       	ldi	r20, 0x79	; 121
    4b94:	5e e3       	ldi	r21, 0x3E	; 62
    4b96:	0e 94 45 2f 	call	0x5e8a	; 0x5e8a <__mulsf3>
    4b9a:	0e 94 81 2e 	call	0x5d02	; 0x5d02 <__fixsfsi>
    4b9e:	f8 01       	movw	r30, r16
    4ba0:	75 83       	std	Z+5, r23	; 0x05
    4ba2:	64 83       	std	Z+4, r22	; 0x04
    4ba4:	6e cf       	rjmp	.-292    	; 0x4a82 <read_accel_gyro+0x56>

00004ba6 <convertCANid2Reg.part.0.constprop.1>:
	
	return (returnValue);
}

/* convert CAN ID to register value */
static void convertCANid2Reg(uint32_t tempPassedInID, uint8_t canIdType, id_reg_t *passedIdReg)
    4ba6:	0f 93       	push	r16
    4ba8:	1f 93       	push	r17
	uint8_t wipSIDL = 0;
	
	if (canIdType == dEXTENDED_CAN_MSG_ID_2_0B)
	{
		//EID0
		passedIdReg->tempEID0 = 0xFF & tempPassedInID;
    4baa:	e4 e5       	ldi	r30, 0x54	; 84
    4bac:	fd e0       	ldi	r31, 0x0D	; 13
    4bae:	63 83       	std	Z+3, r22	; 0x03
		tempPassedInID = tempPassedInID >> 8;
		
		//EID8
		passedIdReg->tempEID8 = 0xFF & tempPassedInID;
    4bb0:	72 83       	std	Z+2, r23	; 0x02
		tempPassedInID = tempPassedInID >> 8;
    4bb2:	aa 27       	eor	r26, r26
    4bb4:	bb 27       	eor	r27, r27
		
		//SIDL
		wipSIDL = 0x03 & tempPassedInID;
		tempPassedInID = tempPassedInID << 3;
    4bb6:	8c 01       	movw	r16, r24
    4bb8:	9d 01       	movw	r18, r26
    4bba:	00 0f       	add	r16, r16
    4bbc:	11 1f       	adc	r17, r17
    4bbe:	22 1f       	adc	r18, r18
    4bc0:	33 1f       	adc	r19, r19
    4bc2:	00 0f       	add	r16, r16
    4bc4:	11 1f       	adc	r17, r17
    4bc6:	22 1f       	adc	r18, r18
    4bc8:	33 1f       	adc	r19, r19
    4bca:	00 0f       	add	r16, r16
    4bcc:	11 1f       	adc	r17, r17
    4bce:	22 1f       	adc	r18, r18
    4bd0:	33 1f       	adc	r19, r19
    4bd2:	68 2f       	mov	r22, r24
    4bd4:	63 70       	andi	r22, 0x03	; 3
    4bd6:	68 5f       	subi	r22, 0xF8	; 248
		wipSIDL = (0xE0 & tempPassedInID) + wipSIDL;
		wipSIDL = wipSIDL + 0x08;
		passedIdReg->tempSIDL = 0xEB & wipSIDL;
    4bd8:	80 2f       	mov	r24, r16
    4bda:	80 7e       	andi	r24, 0xE0	; 224
    4bdc:	68 0f       	add	r22, r24
    4bde:	6b 7e       	andi	r22, 0xEB	; 235
    4be0:	61 83       	std	Z+1, r22	; 0x01
		
		//SIDH
		tempPassedInID = tempPassedInID >> 8;
		passedIdReg->tempSIDH = 0xFF & tempPassedInID;
    4be2:	10 83       	st	Z, r17
		tempPassedInID = tempPassedInID << 5;
		passedIdReg->tempSIDL = 0xFF & tempPassedInID;
		tempPassedInID = tempPassedInID >> 8;
		passedIdReg->tempSIDH = 0xFF & tempPassedInID;
	}
    4be4:	1f 91       	pop	r17
    4be6:	0f 91       	pop	r16
    4be8:	08 95       	ret

00004bea <CANSPI_Initialize>:
	MCP2515_SS0_DDR |= 1 << MCP2515_SS0_PIN;
	SPI_Init();
	CANSPI_Initialize();
}
bool CANSPI_Initialize(void)
{
    4bea:	cf 93       	push	r28
    4bec:	df 93       	push	r29
    4bee:	cd b7       	in	r28, 0x3d	; 61
    4bf0:	de b7       	in	r29, 0x3e	; 62
    4bf2:	a0 97       	sbiw	r28, 0x20	; 32
    4bf4:	0f b6       	in	r0, 0x3f	; 63
    4bf6:	f8 94       	cli
    4bf8:	de bf       	out	0x3e, r29	; 62
    4bfa:	0f be       	out	0x3f, r0	; 63
    4bfc:	cd bf       	out	0x3d, r28	; 61
	MCP2515_reset();
    4bfe:	0e 94 fd 27 	call	0x4ffa	; 0x4ffa <MCP2515_reset>
	#else
		//round up by default
		__ticks_dc = (uint32_t)(ceil(fabs(__tmp)));
	#endif

	__builtin_avr_delay_cycles(__ticks_dc);
    4c02:	83 ed       	ldi	r24, 0xD3	; 211
    4c04:	90 e3       	ldi	r25, 0x30	; 48
    4c06:	01 97       	sbiw	r24, 0x01	; 1
    4c08:	f1 f7       	brne	.-4      	; 0x4c06 <CANSPI_Initialize+0x1c>
    4c0a:	00 c0       	rjmp	.+0      	; 0x4c0c <CANSPI_Initialize+0x22>
    4c0c:	00 00       	nop
  RXF5 RXF5reg;
  RXM0 RXM0reg;
  RXM1 RXM1reg;
      
  /* Initialize Rx Mask values */
  RXM0reg.RXM0SIDH = 0x00;
    4c0e:	1d 82       	std	Y+5, r1	; 0x05
  RXM0reg.RXM0SIDL = 0x00;
    4c10:	1e 82       	std	Y+6, r1	; 0x06
  RXM0reg.RXM0EID8 = 0x00;
    4c12:	1f 82       	std	Y+7, r1	; 0x07
  RXM0reg.RXM0EID0 = 0x00;
    4c14:	18 86       	std	Y+8, r1	; 0x08
  
  RXM1reg.RXM1SIDH = 0x00;
    4c16:	19 82       	std	Y+1, r1	; 0x01
  RXM1reg.RXM1SIDL = 0x00;
    4c18:	1a 82       	std	Y+2, r1	; 0x02
  RXM1reg.RXM1EID8 = 0x00;
    4c1a:	1b 82       	std	Y+3, r1	; 0x03
  RXM1reg.RXM1EID0 = 0x00;
    4c1c:	1c 82       	std	Y+4, r1	; 0x04
  
  /* Intialize Rx Filter values */
  RXF0reg.RXF0SIDH = 0x00;      
    4c1e:	1d 8e       	std	Y+29, r1	; 0x1d
  RXF0reg.RXF0SIDL = 0x00;      //Starndard Filter
    4c20:	1e 8e       	std	Y+30, r1	; 0x1e
  RXF0reg.RXF0EID8 = 0x00;
    4c22:	1f 8e       	std	Y+31, r1	; 0x1f
  RXF0reg.RXF0EID0 = 0x00;
    4c24:	18 a2       	std	Y+32, r1	; 0x20
  
  RXF1reg.RXF1SIDH = 0x00;
    4c26:	19 8e       	std	Y+25, r1	; 0x19
  RXF1reg.RXF1SIDL = 0x08;      //Exntended Filter
    4c28:	88 e0       	ldi	r24, 0x08	; 8
    4c2a:	8a 8f       	std	Y+26, r24	; 0x1a
  RXF1reg.RXF1EID8 = 0x00;
    4c2c:	1b 8e       	std	Y+27, r1	; 0x1b
  RXF1reg.RXF1EID0 = 0x00;
    4c2e:	1c 8e       	std	Y+28, r1	; 0x1c
  
  RXF2reg.RXF2SIDH = 0x00;
    4c30:	1d 8a       	std	Y+21, r1	; 0x15
  RXF2reg.RXF2SIDL = 0x00;
    4c32:	1e 8a       	std	Y+22, r1	; 0x16
  RXF2reg.RXF2EID8 = 0x00;
    4c34:	1f 8a       	std	Y+23, r1	; 0x17
  RXF2reg.RXF2EID0 = 0x00;
    4c36:	18 8e       	std	Y+24, r1	; 0x18
  
  RXF3reg.RXF3SIDH = 0x00;
    4c38:	19 8a       	std	Y+17, r1	; 0x11
  RXF3reg.RXF3SIDL = 0x00;
    4c3a:	1a 8a       	std	Y+18, r1	; 0x12
  RXF3reg.RXF3EID8 = 0x00;
    4c3c:	1b 8a       	std	Y+19, r1	; 0x13
  RXF3reg.RXF3EID0 = 0x00;
    4c3e:	1c 8a       	std	Y+20, r1	; 0x14
  
  RXF4reg.RXF4SIDH = 0x00;
    4c40:	1d 86       	std	Y+13, r1	; 0x0d
  RXF4reg.RXF4SIDL = 0x00;
    4c42:	1e 86       	std	Y+14, r1	; 0x0e
  RXF4reg.RXF4EID8 = 0x00;
    4c44:	1f 86       	std	Y+15, r1	; 0x0f
  RXF4reg.RXF4EID0 = 0x00;
    4c46:	18 8a       	std	Y+16, r1	; 0x10
  
  RXF5reg.RXF5SIDH = 0x00;
    4c48:	19 86       	std	Y+9, r1	; 0x09
  RXF5reg.RXF5SIDL = 0x08;
    4c4a:	8a 87       	std	Y+10, r24	; 0x0a
  RXF5reg.RXF5EID8 = 0x00;
    4c4c:	1b 86       	std	Y+11, r1	; 0x0b
  RXF5reg.RXF5EID0 = 0x00;
    4c4e:	1c 86       	std	Y+12, r1	; 0x0c
    
  /* Change mode as configuration mode */
  if(!MCP2515_SetConfigMode())
    4c50:	0e 94 4d 28 	call	0x509a	; 0x509a <MCP2515_SetConfigMode>
    4c54:	88 23       	and	r24, r24
    4c56:	09 f4       	brne	.+2      	; 0x4c5a <CANSPI_Initialize+0x70>
    4c58:	4e c0       	rjmp	.+156    	; 0x4cf6 <CANSPI_Initialize+0x10c>
  {
    return false;
  }
  
//   /* Configure filter & mask */
  MCP2515_WriteByteSequence(MCP2515_RXM0SIDH, MCP2515_RXM0EID0, &(RXM0reg.RXM0SIDH));
    4c5a:	ae 01       	movw	r20, r28
    4c5c:	4b 5f       	subi	r20, 0xFB	; 251
    4c5e:	5f 4f       	sbci	r21, 0xFF	; 255
    4c60:	63 e2       	ldi	r22, 0x23	; 35
    4c62:	80 e2       	ldi	r24, 0x20	; 32
    4c64:	0e 94 61 28 	call	0x50c2	; 0x50c2 <MCP2515_WriteByteSequence>
  MCP2515_WriteByteSequence(MCP2515_RXM1SIDH, MCP2515_RXM1EID0, &(RXM1reg.RXM1SIDH));
    4c68:	ae 01       	movw	r20, r28
    4c6a:	4f 5f       	subi	r20, 0xFF	; 255
    4c6c:	5f 4f       	sbci	r21, 0xFF	; 255
    4c6e:	67 e2       	ldi	r22, 0x27	; 39
    4c70:	84 e2       	ldi	r24, 0x24	; 36
    4c72:	0e 94 61 28 	call	0x50c2	; 0x50c2 <MCP2515_WriteByteSequence>
  MCP2515_WriteByteSequence(MCP2515_RXF0SIDH, MCP2515_RXF0EID0, &(RXF0reg.RXF0SIDH));
    4c76:	ae 01       	movw	r20, r28
    4c78:	43 5e       	subi	r20, 0xE3	; 227
    4c7a:	5f 4f       	sbci	r21, 0xFF	; 255
    4c7c:	63 e0       	ldi	r22, 0x03	; 3
    4c7e:	80 e0       	ldi	r24, 0x00	; 0
    4c80:	0e 94 61 28 	call	0x50c2	; 0x50c2 <MCP2515_WriteByteSequence>
  MCP2515_WriteByteSequence(MCP2515_RXF1SIDH, MCP2515_RXF1EID0, &(RXF1reg.RXF1SIDH));
    4c84:	ae 01       	movw	r20, r28
    4c86:	47 5e       	subi	r20, 0xE7	; 231
    4c88:	5f 4f       	sbci	r21, 0xFF	; 255
    4c8a:	67 e0       	ldi	r22, 0x07	; 7
    4c8c:	84 e0       	ldi	r24, 0x04	; 4
    4c8e:	0e 94 61 28 	call	0x50c2	; 0x50c2 <MCP2515_WriteByteSequence>
  MCP2515_WriteByteSequence(MCP2515_RXF2SIDH, MCP2515_RXF2EID0, &(RXF2reg.RXF2SIDH));
    4c92:	ae 01       	movw	r20, r28
    4c94:	4b 5e       	subi	r20, 0xEB	; 235
    4c96:	5f 4f       	sbci	r21, 0xFF	; 255
    4c98:	6b e0       	ldi	r22, 0x0B	; 11
    4c9a:	88 e0       	ldi	r24, 0x08	; 8
    4c9c:	0e 94 61 28 	call	0x50c2	; 0x50c2 <MCP2515_WriteByteSequence>
  MCP2515_WriteByteSequence(MCP2515_RXF3SIDH, MCP2515_RXF3EID0, &(RXF3reg.RXF3SIDH));
    4ca0:	ae 01       	movw	r20, r28
    4ca2:	4f 5e       	subi	r20, 0xEF	; 239
    4ca4:	5f 4f       	sbci	r21, 0xFF	; 255
    4ca6:	63 e1       	ldi	r22, 0x13	; 19
    4ca8:	80 e1       	ldi	r24, 0x10	; 16
    4caa:	0e 94 61 28 	call	0x50c2	; 0x50c2 <MCP2515_WriteByteSequence>
  MCP2515_WriteByteSequence(MCP2515_RXF4SIDH, MCP2515_RXF4EID0, &(RXF4reg.RXF4SIDH));
    4cae:	ae 01       	movw	r20, r28
    4cb0:	43 5f       	subi	r20, 0xF3	; 243
    4cb2:	5f 4f       	sbci	r21, 0xFF	; 255
    4cb4:	67 e1       	ldi	r22, 0x17	; 23
    4cb6:	84 e1       	ldi	r24, 0x14	; 20
    4cb8:	0e 94 61 28 	call	0x50c2	; 0x50c2 <MCP2515_WriteByteSequence>
  MCP2515_WriteByteSequence(MCP2515_RXF5SIDH, MCP2515_RXF5EID0, &(RXF5reg.RXF5SIDH));
    4cbc:	ae 01       	movw	r20, r28
    4cbe:	47 5f       	subi	r20, 0xF7	; 247
    4cc0:	5f 4f       	sbci	r21, 0xFF	; 255
    4cc2:	6b e1       	ldi	r22, 0x1B	; 27
    4cc4:	88 e1       	ldi	r24, 0x18	; 24
    4cc6:	0e 94 61 28 	call	0x50c2	; 0x50c2 <MCP2515_WriteByteSequence>
   
//   /* Accept All (Standard + Extended) */
  MCP2515_write(MCP2515_RXB0CTRL, 0x04);    //Enable BUKT, Accept Filter 0
    4cca:	64 e0       	ldi	r22, 0x04	; 4
    4ccc:	80 e6       	ldi	r24, 0x60	; 96
    4cce:	0e 94 23 28 	call	0x5046	; 0x5046 <MCP2515_write>
  MCP2515_write(MCP2515_RXB1CTRL, 0x01);    //Accept Filter 1
    4cd2:	61 e0       	ldi	r22, 0x01	; 1
    4cd4:	80 e7       	ldi	r24, 0x70	; 112
    4cd6:	0e 94 23 28 	call	0x5046	; 0x5046 <MCP2515_write>
      
  
  /* 00(SJW 1tq) 000000 */  
  MCP2515_write(MCP2515_CNF1, 0x00);
    4cda:	60 e0       	ldi	r22, 0x00	; 0
    4cdc:	8a e2       	ldi	r24, 0x2A	; 42
    4cde:	0e 94 23 28 	call	0x5046	; 0x5046 <MCP2515_write>
  
  /* 1 1 100(5tq) 101(6tq) */  
  MCP2515_write(MCP2515_CNF2, 0xD1);
    4ce2:	61 ed       	ldi	r22, 0xD1	; 209
    4ce4:	89 e2       	ldi	r24, 0x29	; 41
    4ce6:	0e 94 23 28 	call	0x5046	; 0x5046 <MCP2515_write>
  
  /* 1 0 000 011(4tq) */  
  MCP2515_write(MCP2515_CNF3, 0x81);
    4cea:	61 e8       	ldi	r22, 0x81	; 129
    4cec:	88 e2       	ldi	r24, 0x28	; 40
    4cee:	0e 94 23 28 	call	0x5046	; 0x5046 <MCP2515_write>
  
  /* Normal Mode*/
  if(!MCP2515_SetNormalMode())
    4cf2:	0e 94 3a 28 	call	0x5074	; 0x5074 <MCP2515_SetNormalMode>
  {
	  return false;
  }

  return true;
}
    4cf6:	a0 96       	adiw	r28, 0x20	; 32
    4cf8:	0f b6       	in	r0, 0x3f	; 63
    4cfa:	f8 94       	cli
    4cfc:	de bf       	out	0x3e, r29	; 62
    4cfe:	0f be       	out	0x3f, r0	; 63
    4d00:	cd bf       	out	0x3d, r28	; 61
    4d02:	df 91       	pop	r29
    4d04:	cf 91       	pop	r28
    4d06:	08 95       	ret

00004d08 <CAN_Init>:
id_reg_t idReg;

/* Initialize CAN */
void CAN_Init(void)
{
	MCP2515_SS0_DDR |= 1 << MCP2515_SS0_PIN;
    4d08:	a6 9a       	sbi	0x14, 6	; 20
	SPI_Init();
    4d0a:	0e 94 a4 18 	call	0x3148	; 0x3148 <SPI_Init>
	CANSPI_Initialize();
    4d0e:	0c 94 f5 25 	jmp	0x4bea	; 0x4bea <CANSPI_Initialize>

00004d12 <CANSPI_Transmit>:
  return true;
}

/* Transmit CAN message */
uint8_t CANSPI_Transmit(uCAN_MSG *tempCanMsg)
{
    4d12:	cf 93       	push	r28
    4d14:	df 93       	push	r29
    4d16:	ec 01       	movw	r28, r24
	uint8_t returnValue = 0;
	
	idReg.tempSIDH = 0;
    4d18:	10 92 54 0d 	sts	0x0D54, r1	; 0x800d54 <idReg>
	idReg.tempSIDL = 0;
    4d1c:	10 92 55 0d 	sts	0x0D55, r1	; 0x800d55 <idReg+0x1>
	idReg.tempEID8 = 0;
    4d20:	10 92 56 0d 	sts	0x0D56, r1	; 0x800d56 <idReg+0x2>
	idReg.tempEID0 = 0;
    4d24:	10 92 57 0d 	sts	0x0D57, r1	; 0x800d57 <idReg+0x3>
	
	ctrlStatus.ctrl_status = MCP2515_read_status();
    4d28:	0e 94 80 28 	call	0x5100	; 0x5100 <MCP2515_read_status>
    4d2c:	80 93 53 0d 	sts	0x0D53, r24	; 0x800d53 <ctrlStatus>
	
	/* Finding empty buffer */
	if (ctrlStatus.TXB0REQ != 1)
    4d30:	82 fd       	sbrc	r24, 2
    4d32:	36 c0       	rjmp	.+108    	; 0x4da0 <CANSPI_Transmit+0x8e>
	{
		/* convert CAN ID for register */
		convertCANid2Reg(tempCanMsg->frame.id, tempCanMsg->frame.idType, &idReg);
    4d34:	69 81       	ldd	r22, Y+1	; 0x01
    4d36:	7a 81       	ldd	r23, Y+2	; 0x02
    4d38:	8b 81       	ldd	r24, Y+3	; 0x03
    4d3a:	9c 81       	ldd	r25, Y+4	; 0x04
/* convert CAN ID to register value */
static void convertCANid2Reg(uint32_t tempPassedInID, uint8_t canIdType, id_reg_t *passedIdReg)
{
	uint8_t wipSIDL = 0;
	
	if (canIdType == dEXTENDED_CAN_MSG_ID_2_0B)
    4d3c:	28 81       	ld	r18, Y
    4d3e:	22 30       	cpi	r18, 0x02	; 2
    4d40:	09 f4       	brne	.+2      	; 0x4d44 <CANSPI_Transmit+0x32>
    4d42:	9f c0       	rjmp	.+318    	; 0x4e82 <CANSPI_Transmit+0x170>
		tempPassedInID = tempPassedInID >> 8;
		passedIdReg->tempSIDH = 0xFF & tempPassedInID;
	}
	else
	{
		passedIdReg->tempEID8 = 0;
    4d44:	10 92 56 0d 	sts	0x0D56, r1	; 0x800d56 <idReg+0x2>
		passedIdReg->tempEID0 = 0;
    4d48:	10 92 57 0d 	sts	0x0D57, r1	; 0x800d57 <idReg+0x3>
		tempPassedInID = tempPassedInID << 5;
    4d4c:	dc 01       	movw	r26, r24
    4d4e:	cb 01       	movw	r24, r22
    4d50:	88 0f       	add	r24, r24
    4d52:	99 1f       	adc	r25, r25
    4d54:	aa 1f       	adc	r26, r26
    4d56:	bb 1f       	adc	r27, r27
    4d58:	88 0f       	add	r24, r24
    4d5a:	99 1f       	adc	r25, r25
    4d5c:	aa 1f       	adc	r26, r26
    4d5e:	bb 1f       	adc	r27, r27
    4d60:	88 0f       	add	r24, r24
    4d62:	99 1f       	adc	r25, r25
    4d64:	aa 1f       	adc	r26, r26
    4d66:	bb 1f       	adc	r27, r27
    4d68:	88 0f       	add	r24, r24
    4d6a:	99 1f       	adc	r25, r25
    4d6c:	aa 1f       	adc	r26, r26
    4d6e:	bb 1f       	adc	r27, r27
    4d70:	88 0f       	add	r24, r24
    4d72:	99 1f       	adc	r25, r25
    4d74:	aa 1f       	adc	r26, r26
    4d76:	bb 1f       	adc	r27, r27
		passedIdReg->tempSIDL = 0xFF & tempPassedInID;
    4d78:	80 93 55 0d 	sts	0x0D55, r24	; 0x800d55 <idReg+0x1>
		tempPassedInID = tempPassedInID >> 8;
		passedIdReg->tempSIDH = 0xFF & tempPassedInID;
    4d7c:	90 93 54 0d 	sts	0x0D54, r25	; 0x800d54 <idReg>
	{
		/* convert CAN ID for register */
		convertCANid2Reg(tempCanMsg->frame.id, tempCanMsg->frame.idType, &idReg);
		
		/* Load data to Tx Buffer */
		MCP2515_LoadTxSequence(MCP2515_LOAD_TXB0SIDH, &(idReg.tempSIDH), tempCanMsg->frame.dlc, &(tempCanMsg->frame.data0));
    4d80:	9e 01       	movw	r18, r28
    4d82:	2a 5f       	subi	r18, 0xFA	; 250
    4d84:	3f 4f       	sbci	r19, 0xFF	; 255
    4d86:	4d 81       	ldd	r20, Y+5	; 0x05
    4d88:	64 e5       	ldi	r22, 0x54	; 84
    4d8a:	7d e0       	ldi	r23, 0x0D	; 13
    4d8c:	80 e4       	ldi	r24, 0x40	; 64
    4d8e:	0e 94 91 28 	call	0x5122	; 0x5122 <MCP2515_LoadTxSequence>
		
		/* Request to transmit */
		MCP2515_RequestToSend(MCP2515_RTS_TX0);
    4d92:	81 e8       	ldi	r24, 0x81	; 129
    4d94:	0e 94 7b 28 	call	0x50f6	; 0x50f6 <MCP2515_RequestToSend>
		
		returnValue = 1;
    4d98:	81 e0       	ldi	r24, 0x01	; 1
		
		returnValue = 1;
	}
	
	return (returnValue);
}
    4d9a:	df 91       	pop	r29
    4d9c:	cf 91       	pop	r28
    4d9e:	08 95       	ret
		/* Request to transmit */
		MCP2515_RequestToSend(MCP2515_RTS_TX0);
		
		returnValue = 1;
	}
	else if (ctrlStatus.TXB1REQ != 1)
    4da0:	84 fd       	sbrc	r24, 4
    4da2:	36 c0       	rjmp	.+108    	; 0x4e10 <CANSPI_Transmit+0xfe>
	{
		convertCANid2Reg(tempCanMsg->frame.id, tempCanMsg->frame.idType, &idReg);
    4da4:	69 81       	ldd	r22, Y+1	; 0x01
    4da6:	7a 81       	ldd	r23, Y+2	; 0x02
    4da8:	8b 81       	ldd	r24, Y+3	; 0x03
    4daa:	9c 81       	ldd	r25, Y+4	; 0x04
/* convert CAN ID to register value */
static void convertCANid2Reg(uint32_t tempPassedInID, uint8_t canIdType, id_reg_t *passedIdReg)
{
	uint8_t wipSIDL = 0;
	
	if (canIdType == dEXTENDED_CAN_MSG_ID_2_0B)
    4dac:	28 81       	ld	r18, Y
    4dae:	22 30       	cpi	r18, 0x02	; 2
    4db0:	09 f4       	brne	.+2      	; 0x4db4 <CANSPI_Transmit+0xa2>
    4db2:	6a c0       	rjmp	.+212    	; 0x4e88 <CANSPI_Transmit+0x176>
		tempPassedInID = tempPassedInID >> 8;
		passedIdReg->tempSIDH = 0xFF & tempPassedInID;
	}
	else
	{
		passedIdReg->tempEID8 = 0;
    4db4:	10 92 56 0d 	sts	0x0D56, r1	; 0x800d56 <idReg+0x2>
		passedIdReg->tempEID0 = 0;
    4db8:	10 92 57 0d 	sts	0x0D57, r1	; 0x800d57 <idReg+0x3>
		tempPassedInID = tempPassedInID << 5;
    4dbc:	dc 01       	movw	r26, r24
    4dbe:	cb 01       	movw	r24, r22
    4dc0:	88 0f       	add	r24, r24
    4dc2:	99 1f       	adc	r25, r25
    4dc4:	aa 1f       	adc	r26, r26
    4dc6:	bb 1f       	adc	r27, r27
    4dc8:	88 0f       	add	r24, r24
    4dca:	99 1f       	adc	r25, r25
    4dcc:	aa 1f       	adc	r26, r26
    4dce:	bb 1f       	adc	r27, r27
    4dd0:	88 0f       	add	r24, r24
    4dd2:	99 1f       	adc	r25, r25
    4dd4:	aa 1f       	adc	r26, r26
    4dd6:	bb 1f       	adc	r27, r27
    4dd8:	88 0f       	add	r24, r24
    4dda:	99 1f       	adc	r25, r25
    4ddc:	aa 1f       	adc	r26, r26
    4dde:	bb 1f       	adc	r27, r27
    4de0:	88 0f       	add	r24, r24
    4de2:	99 1f       	adc	r25, r25
    4de4:	aa 1f       	adc	r26, r26
    4de6:	bb 1f       	adc	r27, r27
		passedIdReg->tempSIDL = 0xFF & tempPassedInID;
    4de8:	80 93 55 0d 	sts	0x0D55, r24	; 0x800d55 <idReg+0x1>
		tempPassedInID = tempPassedInID >> 8;
		passedIdReg->tempSIDH = 0xFF & tempPassedInID;
    4dec:	90 93 54 0d 	sts	0x0D54, r25	; 0x800d54 <idReg>
	}
	else if (ctrlStatus.TXB1REQ != 1)
	{
		convertCANid2Reg(tempCanMsg->frame.id, tempCanMsg->frame.idType, &idReg);
		
		MCP2515_LoadTxSequence(MCP2515_LOAD_TXB1SIDH, &(idReg.tempSIDH), tempCanMsg->frame.dlc, &(tempCanMsg->frame.data0));
    4df0:	9e 01       	movw	r18, r28
    4df2:	2a 5f       	subi	r18, 0xFA	; 250
    4df4:	3f 4f       	sbci	r19, 0xFF	; 255
    4df6:	4d 81       	ldd	r20, Y+5	; 0x05
    4df8:	64 e5       	ldi	r22, 0x54	; 84
    4dfa:	7d e0       	ldi	r23, 0x0D	; 13
    4dfc:	82 e4       	ldi	r24, 0x42	; 66
    4dfe:	0e 94 91 28 	call	0x5122	; 0x5122 <MCP2515_LoadTxSequence>
		MCP2515_RequestToSend(MCP2515_RTS_TX1);
    4e02:	82 e8       	ldi	r24, 0x82	; 130
    4e04:	0e 94 7b 28 	call	0x50f6	; 0x50f6 <MCP2515_RequestToSend>
		
		returnValue = 1;
    4e08:	81 e0       	ldi	r24, 0x01	; 1
		
		returnValue = 1;
	}
	
	return (returnValue);
}
    4e0a:	df 91       	pop	r29
    4e0c:	cf 91       	pop	r28
    4e0e:	08 95       	ret
		MCP2515_LoadTxSequence(MCP2515_LOAD_TXB1SIDH, &(idReg.tempSIDH), tempCanMsg->frame.dlc, &(tempCanMsg->frame.data0));
		MCP2515_RequestToSend(MCP2515_RTS_TX1);
		
		returnValue = 1;
	}
	else if (ctrlStatus.TXB2REQ != 1)
    4e10:	86 fd       	sbrc	r24, 6
    4e12:	35 c0       	rjmp	.+106    	; 0x4e7e <CANSPI_Transmit+0x16c>
	{
		convertCANid2Reg(tempCanMsg->frame.id, tempCanMsg->frame.idType, &idReg);
    4e14:	69 81       	ldd	r22, Y+1	; 0x01
    4e16:	7a 81       	ldd	r23, Y+2	; 0x02
    4e18:	8b 81       	ldd	r24, Y+3	; 0x03
    4e1a:	9c 81       	ldd	r25, Y+4	; 0x04
/* convert CAN ID to register value */
static void convertCANid2Reg(uint32_t tempPassedInID, uint8_t canIdType, id_reg_t *passedIdReg)
{
	uint8_t wipSIDL = 0;
	
	if (canIdType == dEXTENDED_CAN_MSG_ID_2_0B)
    4e1c:	28 81       	ld	r18, Y
    4e1e:	22 30       	cpi	r18, 0x02	; 2
    4e20:	b1 f1       	breq	.+108    	; 0x4e8e <CANSPI_Transmit+0x17c>
		tempPassedInID = tempPassedInID >> 8;
		passedIdReg->tempSIDH = 0xFF & tempPassedInID;
	}
	else
	{
		passedIdReg->tempEID8 = 0;
    4e22:	10 92 56 0d 	sts	0x0D56, r1	; 0x800d56 <idReg+0x2>
		passedIdReg->tempEID0 = 0;
    4e26:	10 92 57 0d 	sts	0x0D57, r1	; 0x800d57 <idReg+0x3>
		tempPassedInID = tempPassedInID << 5;
    4e2a:	dc 01       	movw	r26, r24
    4e2c:	cb 01       	movw	r24, r22
    4e2e:	88 0f       	add	r24, r24
    4e30:	99 1f       	adc	r25, r25
    4e32:	aa 1f       	adc	r26, r26
    4e34:	bb 1f       	adc	r27, r27
    4e36:	88 0f       	add	r24, r24
    4e38:	99 1f       	adc	r25, r25
    4e3a:	aa 1f       	adc	r26, r26
    4e3c:	bb 1f       	adc	r27, r27
    4e3e:	88 0f       	add	r24, r24
    4e40:	99 1f       	adc	r25, r25
    4e42:	aa 1f       	adc	r26, r26
    4e44:	bb 1f       	adc	r27, r27
    4e46:	88 0f       	add	r24, r24
    4e48:	99 1f       	adc	r25, r25
    4e4a:	aa 1f       	adc	r26, r26
    4e4c:	bb 1f       	adc	r27, r27
    4e4e:	88 0f       	add	r24, r24
    4e50:	99 1f       	adc	r25, r25
    4e52:	aa 1f       	adc	r26, r26
    4e54:	bb 1f       	adc	r27, r27
		passedIdReg->tempSIDL = 0xFF & tempPassedInID;
    4e56:	80 93 55 0d 	sts	0x0D55, r24	; 0x800d55 <idReg+0x1>
		tempPassedInID = tempPassedInID >> 8;
		passedIdReg->tempSIDH = 0xFF & tempPassedInID;
    4e5a:	90 93 54 0d 	sts	0x0D54, r25	; 0x800d54 <idReg>
	}
	else if (ctrlStatus.TXB2REQ != 1)
	{
		convertCANid2Reg(tempCanMsg->frame.id, tempCanMsg->frame.idType, &idReg);
		
		MCP2515_LoadTxSequence(MCP2515_LOAD_TXB2SIDH, &(idReg.tempSIDH), tempCanMsg->frame.dlc, &(tempCanMsg->frame.data0));
    4e5e:	9e 01       	movw	r18, r28
    4e60:	2a 5f       	subi	r18, 0xFA	; 250
    4e62:	3f 4f       	sbci	r19, 0xFF	; 255
    4e64:	4d 81       	ldd	r20, Y+5	; 0x05
    4e66:	64 e5       	ldi	r22, 0x54	; 84
    4e68:	7d e0       	ldi	r23, 0x0D	; 13
    4e6a:	84 e4       	ldi	r24, 0x44	; 68
    4e6c:	0e 94 91 28 	call	0x5122	; 0x5122 <MCP2515_LoadTxSequence>
		MCP2515_RequestToSend(MCP2515_RTS_TX2);
    4e70:	84 e8       	ldi	r24, 0x84	; 132
    4e72:	0e 94 7b 28 	call	0x50f6	; 0x50f6 <MCP2515_RequestToSend>
		
		returnValue = 1;
    4e76:	81 e0       	ldi	r24, 0x01	; 1
	}
	
	return (returnValue);
}
    4e78:	df 91       	pop	r29
    4e7a:	cf 91       	pop	r28
    4e7c:	08 95       	ret
}

/* Transmit CAN message */
uint8_t CANSPI_Transmit(uCAN_MSG *tempCanMsg)
{
	uint8_t returnValue = 0;
    4e7e:	80 e0       	ldi	r24, 0x00	; 0
    4e80:	8c cf       	rjmp	.-232    	; 0x4d9a <CANSPI_Transmit+0x88>
    4e82:	0e 94 d3 25 	call	0x4ba6	; 0x4ba6 <convertCANid2Reg.part.0.constprop.1>
    4e86:	7c cf       	rjmp	.-264    	; 0x4d80 <CANSPI_Transmit+0x6e>
    4e88:	0e 94 d3 25 	call	0x4ba6	; 0x4ba6 <convertCANid2Reg.part.0.constprop.1>
    4e8c:	b1 cf       	rjmp	.-158    	; 0x4df0 <CANSPI_Transmit+0xde>
    4e8e:	0e 94 d3 25 	call	0x4ba6	; 0x4ba6 <convertCANid2Reg.part.0.constprop.1>
    4e92:	e5 cf       	rjmp	.-54     	; 0x4e5e <CANSPI_Transmit+0x14c>

00004e94 <CANSPI_Receive>:
	return (returnValue);
}

/* Receive CAN message */
uint8_t CANSPI_Receive(uCAN_MSG *tempCanMsg)
{
    4e94:	ff 92       	push	r15
    4e96:	0f 93       	push	r16
    4e98:	1f 93       	push	r17
    4e9a:	cf 93       	push	r28
    4e9c:	df 93       	push	r29
    4e9e:	cd b7       	in	r28, 0x3d	; 61
    4ea0:	de b7       	in	r29, 0x3e	; 62
    4ea2:	2d 97       	sbiw	r28, 0x0d	; 13
    4ea4:	0f b6       	in	r0, 0x3f	; 63
    4ea6:	f8 94       	cli
    4ea8:	de bf       	out	0x3e, r29	; 62
    4eaa:	0f be       	out	0x3f, r0	; 63
    4eac:	cd bf       	out	0x3d, r28	; 61
    4eae:	8c 01       	movw	r16, r24
	uint8_t returnValue = 0;
	rx_reg_t rxReg;
	ctrl_rx_status_t rxStatus;
	
	rxStatus.ctrl_rx_status = MCP2515_GetRxStatus();
    4eb0:	0e 94 89 28 	call	0x5112	; 0x5112 <MCP2515_GetRxStatus>
    4eb4:	f8 2e       	mov	r15, r24
	
	/* Check receive buffer */
	if (rxStatus.rxBuffer != 0)
    4eb6:	80 7c       	andi	r24, 0xC0	; 192
    4eb8:	09 f4       	brne	.+2      	; 0x4ebc <CANSPI_Receive+0x28>
    4eba:	4d c0       	rjmp	.+154    	; 0x4f56 <CANSPI_Receive+0xc2>
	{
		/* finding buffer which has a message */
		if ((rxStatus.rxBuffer == MSG_IN_RXB0)|(rxStatus.rxBuffer == MSG_IN_BOTH_BUFFERS))
    4ebc:	f6 fc       	sbrc	r15, 6
    4ebe:	4d c0       	rjmp	.+154    	; 0x4f5a <CANSPI_Receive+0xc6>
		{
			MCP2515_ReadRxSequence(MCP2515_READ_RXB0SIDH, rxReg.rx_reg_array, sizeof(rxReg.rx_reg_array));
		}
		else if (rxStatus.rxBuffer == MSG_IN_RXB1)
    4ec0:	80 38       	cpi	r24, 0x80	; 128
    4ec2:	09 f4       	brne	.+2      	; 0x4ec6 <CANSPI_Receive+0x32>
    4ec4:	92 c0       	rjmp	.+292    	; 0x4fea <CANSPI_Receive+0x156>
		{
			MCP2515_ReadRxSequence(MCP2515_READ_RXB1SIDH, rxReg.rx_reg_array, sizeof(rxReg.rx_reg_array));
		}
		
		/* if the message is extended CAN type */
		if (rxStatus.msgType == dEXTENDED_CAN_MSG_ID_2_0B)
    4ec6:	8f 2d       	mov	r24, r15
    4ec8:	88 71       	andi	r24, 0x18	; 24
    4eca:	80 31       	cpi	r24, 0x10	; 16
    4ecc:	09 f4       	brne	.+2      	; 0x4ed0 <CANSPI_Receive+0x3c>
    4ece:	51 c0       	rjmp	.+162    	; 0x4f72 <CANSPI_Receive+0xde>
			tempCanMsg->frame.id = convertReg2ExtendedCANid(rxReg.RXBnEID8, rxReg.RXBnEID0, rxReg.RXBnSIDH, rxReg.RXBnSIDL);
		}
		else
		{
			/* Standard type */
			tempCanMsg->frame.idType = (uint8_t) dSTANDARD_CAN_MSG_ID_2_0B;
    4ed0:	81 e0       	ldi	r24, 0x01	; 1
    4ed2:	f8 01       	movw	r30, r16
    4ed4:	80 83       	st	Z, r24
			tempCanMsg->frame.id = convertReg2StandardCANid(rxReg.RXBnSIDH, rxReg.RXBnSIDL);
    4ed6:	89 81       	ldd	r24, Y+1	; 0x01
    4ed8:	90 e0       	ldi	r25, 0x00	; 0
    4eda:	88 0f       	add	r24, r24
    4edc:	99 1f       	adc	r25, r25
    4ede:	88 0f       	add	r24, r24
    4ee0:	99 1f       	adc	r25, r25
    4ee2:	88 0f       	add	r24, r24
    4ee4:	99 1f       	adc	r25, r25
    4ee6:	09 2e       	mov	r0, r25
    4ee8:	00 0c       	add	r0, r0
    4eea:	aa 0b       	sbc	r26, r26
    4eec:	bb 0b       	sbc	r27, r27
    4eee:	2a 81       	ldd	r18, Y+2	; 0x02
    4ef0:	22 95       	swap	r18
    4ef2:	26 95       	lsr	r18
    4ef4:	27 70       	andi	r18, 0x07	; 7
    4ef6:	82 0f       	add	r24, r18
    4ef8:	91 1d       	adc	r25, r1
    4efa:	a1 1d       	adc	r26, r1
    4efc:	b1 1d       	adc	r27, r1
    4efe:	81 83       	std	Z+1, r24	; 0x01
    4f00:	92 83       	std	Z+2, r25	; 0x02
    4f02:	a3 83       	std	Z+3, r26	; 0x03
    4f04:	b4 83       	std	Z+4, r27	; 0x04
		}
		
		tempCanMsg->frame.dlc   = rxReg.RXBnDLC;
    4f06:	8d 81       	ldd	r24, Y+5	; 0x05
    4f08:	f8 01       	movw	r30, r16
    4f0a:	85 83       	std	Z+5, r24	; 0x05
		for (uint8_t i = 0; i<tempCanMsg->frame.dlc; i++)
    4f0c:	88 23       	and	r24, r24
    4f0e:	b1 f0       	breq	.+44     	; 0x4f3c <CANSPI_Receive+0xa8>
    4f10:	a8 01       	movw	r20, r16
    4f12:	4a 5f       	subi	r20, 0xFA	; 250
    4f14:	5f 4f       	sbci	r21, 0xFF	; 255
    4f16:	20 e0       	ldi	r18, 0x00	; 0
		{
			*(&tempCanMsg->frame.data0 + i) = *(&rxReg.RXBnD0 + i);
    4f18:	82 2f       	mov	r24, r18
    4f1a:	90 e0       	ldi	r25, 0x00	; 0
    4f1c:	fa 01       	movw	r30, r20
    4f1e:	e8 0f       	add	r30, r24
    4f20:	f9 1f       	adc	r31, r25
    4f22:	a6 e0       	ldi	r26, 0x06	; 6
    4f24:	b0 e0       	ldi	r27, 0x00	; 0
    4f26:	ac 0f       	add	r26, r28
    4f28:	bd 1f       	adc	r27, r29
    4f2a:	a8 0f       	add	r26, r24
    4f2c:	b9 1f       	adc	r27, r25
    4f2e:	8c 91       	ld	r24, X
    4f30:	80 83       	st	Z, r24
			tempCanMsg->frame.idType = (uint8_t) dSTANDARD_CAN_MSG_ID_2_0B;
			tempCanMsg->frame.id = convertReg2StandardCANid(rxReg.RXBnSIDH, rxReg.RXBnSIDL);
		}
		
		tempCanMsg->frame.dlc   = rxReg.RXBnDLC;
		for (uint8_t i = 0; i<tempCanMsg->frame.dlc; i++)
    4f32:	2f 5f       	subi	r18, 0xFF	; 255
    4f34:	f8 01       	movw	r30, r16
    4f36:	85 81       	ldd	r24, Z+5	; 0x05
    4f38:	28 17       	cp	r18, r24
    4f3a:	70 f3       	brcs	.-36     	; 0x4f18 <CANSPI_Receive+0x84>
		{
			*(&tempCanMsg->frame.data0 + i) = *(&rxReg.RXBnD0 + i);
		}
		returnValue = 1;
    4f3c:	81 e0       	ldi	r24, 0x01	; 1
	}
	return (returnValue);
}
    4f3e:	2d 96       	adiw	r28, 0x0d	; 13
    4f40:	0f b6       	in	r0, 0x3f	; 63
    4f42:	f8 94       	cli
    4f44:	de bf       	out	0x3e, r29	; 62
    4f46:	0f be       	out	0x3f, r0	; 63
    4f48:	cd bf       	out	0x3d, r28	; 61
    4f4a:	df 91       	pop	r29
    4f4c:	cf 91       	pop	r28
    4f4e:	1f 91       	pop	r17
    4f50:	0f 91       	pop	r16
    4f52:	ff 90       	pop	r15
    4f54:	08 95       	ret
}

/* Receive CAN message */
uint8_t CANSPI_Receive(uCAN_MSG *tempCanMsg)
{
	uint8_t returnValue = 0;
    4f56:	80 e0       	ldi	r24, 0x00	; 0
    4f58:	f2 cf       	rjmp	.-28     	; 0x4f3e <CANSPI_Receive+0xaa>
	if (rxStatus.rxBuffer != 0)
	{
		/* finding buffer which has a message */
		if ((rxStatus.rxBuffer == MSG_IN_RXB0)|(rxStatus.rxBuffer == MSG_IN_BOTH_BUFFERS))
		{
			MCP2515_ReadRxSequence(MCP2515_READ_RXB0SIDH, rxReg.rx_reg_array, sizeof(rxReg.rx_reg_array));
    4f5a:	4d e0       	ldi	r20, 0x0D	; 13
    4f5c:	be 01       	movw	r22, r28
    4f5e:	6f 5f       	subi	r22, 0xFF	; 255
    4f60:	7f 4f       	sbci	r23, 0xFF	; 255
    4f62:	80 e9       	ldi	r24, 0x90	; 144
    4f64:	0e 94 12 28 	call	0x5024	; 0x5024 <MCP2515_ReadRxSequence>
		{
			MCP2515_ReadRxSequence(MCP2515_READ_RXB1SIDH, rxReg.rx_reg_array, sizeof(rxReg.rx_reg_array));
		}
		
		/* if the message is extended CAN type */
		if (rxStatus.msgType == dEXTENDED_CAN_MSG_ID_2_0B)
    4f68:	8f 2d       	mov	r24, r15
    4f6a:	88 71       	andi	r24, 0x18	; 24
    4f6c:	80 31       	cpi	r24, 0x10	; 16
    4f6e:	09 f0       	breq	.+2      	; 0x4f72 <CANSPI_Receive+0xde>
    4f70:	af cf       	rjmp	.-162    	; 0x4ed0 <CANSPI_Receive+0x3c>
		{
			tempCanMsg->frame.idType = (uint8_t) dEXTENDED_CAN_MSG_ID_2_0B;
    4f72:	82 e0       	ldi	r24, 0x02	; 2
    4f74:	f8 01       	movw	r30, r16
    4f76:	80 83       	st	Z, r24
			tempCanMsg->frame.id = convertReg2ExtendedCANid(rxReg.RXBnEID8, rxReg.RXBnEID0, rxReg.RXBnSIDH, rxReg.RXBnSIDL);
    4f78:	2a 81       	ldd	r18, Y+2	; 0x02
	uint8_t CAN_standardLo_ID_lo2bits;
	uint8_t CAN_standardLo_ID_hi3bits;
	
	CAN_standardLo_ID_lo2bits = (tempRXBn_SIDL & 0x03);
	CAN_standardLo_ID_hi3bits = (tempRXBn_SIDL >> 5);
	ConvertedID = (tempRXBn_SIDH << 3);
    4f7a:	89 81       	ldd	r24, Y+1	; 0x01
    4f7c:	90 e0       	ldi	r25, 0x00	; 0
    4f7e:	88 0f       	add	r24, r24
    4f80:	99 1f       	adc	r25, r25
    4f82:	88 0f       	add	r24, r24
    4f84:	99 1f       	adc	r25, r25
    4f86:	88 0f       	add	r24, r24
    4f88:	99 1f       	adc	r25, r25
    4f8a:	09 2e       	mov	r0, r25
    4f8c:	00 0c       	add	r0, r0
    4f8e:	aa 0b       	sbc	r26, r26
    4f90:	bb 0b       	sbc	r27, r27
	ConvertedID = ConvertedID + CAN_standardLo_ID_hi3bits;
    4f92:	32 2f       	mov	r19, r18
    4f94:	32 95       	swap	r19
    4f96:	36 95       	lsr	r19
    4f98:	37 70       	andi	r19, 0x07	; 7
    4f9a:	83 0f       	add	r24, r19
    4f9c:	91 1d       	adc	r25, r1
    4f9e:	a1 1d       	adc	r26, r1
    4fa0:	b1 1d       	adc	r27, r1
	ConvertedID = (ConvertedID << 2);
    4fa2:	88 0f       	add	r24, r24
    4fa4:	99 1f       	adc	r25, r25
    4fa6:	aa 1f       	adc	r26, r26
    4fa8:	bb 1f       	adc	r27, r27
    4faa:	88 0f       	add	r24, r24
    4fac:	99 1f       	adc	r25, r25
    4fae:	aa 1f       	adc	r26, r26
    4fb0:	bb 1f       	adc	r27, r27
	ConvertedID = ConvertedID + CAN_standardLo_ID_lo2bits;
    4fb2:	23 70       	andi	r18, 0x03	; 3
    4fb4:	82 0f       	add	r24, r18
    4fb6:	91 1d       	adc	r25, r1
    4fb8:	a1 1d       	adc	r26, r1
    4fba:	b1 1d       	adc	r27, r1
	ConvertedID = (ConvertedID << 8);
    4fbc:	ba 2f       	mov	r27, r26
    4fbe:	a9 2f       	mov	r26, r25
    4fc0:	98 2f       	mov	r25, r24
    4fc2:	88 27       	eor	r24, r24
	ConvertedID = ConvertedID + tempRXBn_EIDH;
    4fc4:	2b 81       	ldd	r18, Y+3	; 0x03
    4fc6:	82 0f       	add	r24, r18
    4fc8:	91 1d       	adc	r25, r1
    4fca:	a1 1d       	adc	r26, r1
    4fcc:	b1 1d       	adc	r27, r1
		
		/* if the message is extended CAN type */
		if (rxStatus.msgType == dEXTENDED_CAN_MSG_ID_2_0B)
		{
			tempCanMsg->frame.idType = (uint8_t) dEXTENDED_CAN_MSG_ID_2_0B;
			tempCanMsg->frame.id = convertReg2ExtendedCANid(rxReg.RXBnEID8, rxReg.RXBnEID0, rxReg.RXBnSIDH, rxReg.RXBnSIDL);
    4fce:	ba 2f       	mov	r27, r26
    4fd0:	a9 2f       	mov	r26, r25
    4fd2:	98 2f       	mov	r25, r24
    4fd4:	88 27       	eor	r24, r24
    4fd6:	2c 81       	ldd	r18, Y+4	; 0x04
    4fd8:	82 0f       	add	r24, r18
    4fda:	91 1d       	adc	r25, r1
    4fdc:	a1 1d       	adc	r26, r1
    4fde:	b1 1d       	adc	r27, r1
    4fe0:	81 83       	std	Z+1, r24	; 0x01
    4fe2:	92 83       	std	Z+2, r25	; 0x02
    4fe4:	a3 83       	std	Z+3, r26	; 0x03
    4fe6:	b4 83       	std	Z+4, r27	; 0x04
    4fe8:	8e cf       	rjmp	.-228    	; 0x4f06 <CANSPI_Receive+0x72>
		{
			MCP2515_ReadRxSequence(MCP2515_READ_RXB0SIDH, rxReg.rx_reg_array, sizeof(rxReg.rx_reg_array));
		}
		else if (rxStatus.rxBuffer == MSG_IN_RXB1)
		{
			MCP2515_ReadRxSequence(MCP2515_READ_RXB1SIDH, rxReg.rx_reg_array, sizeof(rxReg.rx_reg_array));
    4fea:	4d e0       	ldi	r20, 0x0D	; 13
    4fec:	be 01       	movw	r22, r28
    4fee:	6f 5f       	subi	r22, 0xFF	; 255
    4ff0:	7f 4f       	sbci	r23, 0xFF	; 255
    4ff2:	84 e9       	ldi	r24, 0x94	; 148
    4ff4:	0e 94 12 28 	call	0x5024	; 0x5024 <MCP2515_ReadRxSequence>
    4ff8:	66 cf       	rjmp	.-308    	; 0x4ec6 <CANSPI_Receive+0x32>

00004ffa <MCP2515_reset>:
	SPI_SendByte(address);
	SPI_SendByte(mask);
	SPI_SendByte(data);
	
	MCP2515_CS_HIGH();
}
    4ffa:	ae 98       	cbi	0x15, 6	; 21
    4ffc:	80 ec       	ldi	r24, 0xC0	; 192
    4ffe:	0e 94 ae 18 	call	0x315c	; 0x315c <SPI_SendByte>
    5002:	ae 9a       	sbi	0x15, 6	; 21
    5004:	08 95       	ret

00005006 <MCP2515_read>:
    5006:	cf 93       	push	r28
    5008:	c8 2f       	mov	r28, r24
    500a:	ae 98       	cbi	0x15, 6	; 21
    500c:	83 e0       	ldi	r24, 0x03	; 3
    500e:	0e 94 ae 18 	call	0x315c	; 0x315c <SPI_SendByte>
    5012:	8c 2f       	mov	r24, r28
    5014:	0e 94 ae 18 	call	0x315c	; 0x315c <SPI_SendByte>
    5018:	80 e0       	ldi	r24, 0x00	; 0
    501a:	0e 94 ae 18 	call	0x315c	; 0x315c <SPI_SendByte>
    501e:	ae 9a       	sbi	0x15, 6	; 21
    5020:	cf 91       	pop	r28
    5022:	08 95       	ret

00005024 <MCP2515_ReadRxSequence>:
    5024:	1f 93       	push	r17
    5026:	cf 93       	push	r28
    5028:	df 93       	push	r29
    502a:	eb 01       	movw	r28, r22
    502c:	14 2f       	mov	r17, r20
    502e:	ae 98       	cbi	0x15, 6	; 21
    5030:	0e 94 ae 18 	call	0x315c	; 0x315c <SPI_SendByte>
    5034:	61 2f       	mov	r22, r17
    5036:	ce 01       	movw	r24, r28
    5038:	0e 94 b9 18 	call	0x3172	; 0x3172 <SPI_RxBuffer>
    503c:	ae 9a       	sbi	0x15, 6	; 21
    503e:	df 91       	pop	r29
    5040:	cf 91       	pop	r28
    5042:	1f 91       	pop	r17
    5044:	08 95       	ret

00005046 <MCP2515_write>:
    5046:	cf 93       	push	r28
    5048:	df 93       	push	r29
    504a:	00 d0       	rcall	.+0      	; 0x504c <MCP2515_write+0x6>
    504c:	cd b7       	in	r28, 0x3d	; 61
    504e:	de b7       	in	r29, 0x3e	; 62
    5050:	89 83       	std	Y+1, r24	; 0x01
    5052:	6a 83       	std	Y+2, r22	; 0x02
    5054:	ae 98       	cbi	0x15, 6	; 21
    5056:	82 e0       	ldi	r24, 0x02	; 2
    5058:	0e 94 ae 18 	call	0x315c	; 0x315c <SPI_SendByte>
    505c:	89 81       	ldd	r24, Y+1	; 0x01
    505e:	0e 94 ae 18 	call	0x315c	; 0x315c <SPI_SendByte>
    5062:	8a 81       	ldd	r24, Y+2	; 0x02
    5064:	0e 94 ae 18 	call	0x315c	; 0x315c <SPI_SendByte>
    5068:	ae 9a       	sbi	0x15, 6	; 21
    506a:	0f 90       	pop	r0
    506c:	0f 90       	pop	r0
    506e:	df 91       	pop	r29
    5070:	cf 91       	pop	r28
    5072:	08 95       	ret

00005074 <MCP2515_SetNormalMode>:
    5074:	cf 93       	push	r28
    5076:	60 e0       	ldi	r22, 0x00	; 0
    5078:	8f e0       	ldi	r24, 0x0F	; 15
    507a:	0e 94 23 28 	call	0x5046	; 0x5046 <MCP2515_write>
    507e:	ca e0       	ldi	r28, 0x0A	; 10
    5080:	8e e0       	ldi	r24, 0x0E	; 14
    5082:	0e 94 03 28 	call	0x5006	; 0x5006 <MCP2515_read>
    5086:	80 7e       	andi	r24, 0xE0	; 224
    5088:	29 f0       	breq	.+10     	; 0x5094 <MCP2515_SetNormalMode+0x20>
    508a:	c1 50       	subi	r28, 0x01	; 1
    508c:	c9 f7       	brne	.-14     	; 0x5080 <MCP2515_SetNormalMode+0xc>
    508e:	80 e0       	ldi	r24, 0x00	; 0
    5090:	cf 91       	pop	r28
    5092:	08 95       	ret
    5094:	81 e0       	ldi	r24, 0x01	; 1
    5096:	cf 91       	pop	r28
    5098:	08 95       	ret

0000509a <MCP2515_SetConfigMode>:
    509a:	cf 93       	push	r28
    509c:	60 e8       	ldi	r22, 0x80	; 128
    509e:	8f e0       	ldi	r24, 0x0F	; 15
    50a0:	0e 94 23 28 	call	0x5046	; 0x5046 <MCP2515_write>
    50a4:	ca e0       	ldi	r28, 0x0A	; 10
    50a6:	8e e0       	ldi	r24, 0x0E	; 14
    50a8:	0e 94 03 28 	call	0x5006	; 0x5006 <MCP2515_read>
    50ac:	80 7e       	andi	r24, 0xE0	; 224
    50ae:	80 38       	cpi	r24, 0x80	; 128
    50b0:	29 f0       	breq	.+10     	; 0x50bc <MCP2515_SetConfigMode+0x22>
    50b2:	c1 50       	subi	r28, 0x01	; 1
    50b4:	c1 f7       	brne	.-16     	; 0x50a6 <MCP2515_SetConfigMode+0xc>
    50b6:	80 e0       	ldi	r24, 0x00	; 0
    50b8:	cf 91       	pop	r28
    50ba:	08 95       	ret
    50bc:	81 e0       	ldi	r24, 0x01	; 1
    50be:	cf 91       	pop	r28
    50c0:	08 95       	ret

000050c2 <MCP2515_WriteByteSequence>:
    50c2:	0f 93       	push	r16
    50c4:	1f 93       	push	r17
    50c6:	cf 93       	push	r28
    50c8:	df 93       	push	r29
    50ca:	d8 2f       	mov	r29, r24
    50cc:	c6 2f       	mov	r28, r22
    50ce:	8a 01       	movw	r16, r20
    50d0:	ae 98       	cbi	0x15, 6	; 21
    50d2:	82 e0       	ldi	r24, 0x02	; 2
    50d4:	0e 94 ae 18 	call	0x315c	; 0x315c <SPI_SendByte>
    50d8:	8d 2f       	mov	r24, r29
    50da:	0e 94 ae 18 	call	0x315c	; 0x315c <SPI_SendByte>
    50de:	61 e0       	ldi	r22, 0x01	; 1
    50e0:	6c 0f       	add	r22, r28
    50e2:	6d 1b       	sub	r22, r29
    50e4:	c8 01       	movw	r24, r16
    50e6:	0e 94 da 18 	call	0x31b4	; 0x31b4 <SPI_TxBuffer>
    50ea:	ae 9a       	sbi	0x15, 6	; 21
    50ec:	df 91       	pop	r29
    50ee:	cf 91       	pop	r28
    50f0:	1f 91       	pop	r17
    50f2:	0f 91       	pop	r16
    50f4:	08 95       	ret

000050f6 <MCP2515_RequestToSend>:
    50f6:	ae 98       	cbi	0x15, 6	; 21
    50f8:	0e 94 ae 18 	call	0x315c	; 0x315c <SPI_SendByte>
    50fc:	ae 9a       	sbi	0x15, 6	; 21
    50fe:	08 95       	ret

00005100 <MCP2515_read_status>:
    5100:	ae 98       	cbi	0x15, 6	; 21
    5102:	80 ea       	ldi	r24, 0xA0	; 160
    5104:	0e 94 ae 18 	call	0x315c	; 0x315c <SPI_SendByte>
    5108:	80 e0       	ldi	r24, 0x00	; 0
    510a:	0e 94 ae 18 	call	0x315c	; 0x315c <SPI_SendByte>
    510e:	ae 9a       	sbi	0x15, 6	; 21
    5110:	08 95       	ret

00005112 <MCP2515_GetRxStatus>:
    5112:	ae 98       	cbi	0x15, 6	; 21
    5114:	80 eb       	ldi	r24, 0xB0	; 176
    5116:	0e 94 ae 18 	call	0x315c	; 0x315c <SPI_SendByte>
    511a:	0e 94 b3 18 	call	0x3166	; 0x3166 <SPI_ReadByte>
    511e:	ae 9a       	sbi	0x15, 6	; 21
    5120:	08 95       	ret

00005122 <MCP2515_LoadTxSequence>:

/* write to TxBuffer */
void MCP2515_LoadTxSequence(uint8_t instruction, uint8_t *idReg, uint8_t dlc, uint8_t *data)
{
    5122:	ef 92       	push	r14
    5124:	ff 92       	push	r15
    5126:	0f 93       	push	r16
    5128:	1f 93       	push	r17
    512a:	cf 93       	push	r28
    512c:	7b 01       	movw	r14, r22
    512e:	c4 2f       	mov	r28, r20
    5130:	89 01       	movw	r16, r18
	MCP2515_CS_LOW();
    5132:	ae 98       	cbi	0x15, 6	; 21
	
	SPI_SendByte(instruction);
    5134:	0e 94 ae 18 	call	0x315c	; 0x315c <SPI_SendByte>
	SPI_TxBuffer(idReg, 4);
    5138:	64 e0       	ldi	r22, 0x04	; 4
    513a:	c7 01       	movw	r24, r14
    513c:	0e 94 da 18 	call	0x31b4	; 0x31b4 <SPI_TxBuffer>
	SPI_SendByte(dlc);
    5140:	8c 2f       	mov	r24, r28
    5142:	0e 94 ae 18 	call	0x315c	; 0x315c <SPI_SendByte>
	SPI_TxBuffer(data, dlc);
    5146:	6c 2f       	mov	r22, r28
    5148:	c8 01       	movw	r24, r16
    514a:	0e 94 da 18 	call	0x31b4	; 0x31b4 <SPI_TxBuffer>
	
	MCP2515_CS_HIGH();
    514e:	ae 9a       	sbi	0x15, 6	; 21
    5150:	cf 91       	pop	r28
    5152:	1f 91       	pop	r17
    5154:	0f 91       	pop	r16
    5156:	ff 90       	pop	r15
    5158:	ef 90       	pop	r14
    515a:	08 95       	ret

0000515c <MCP4921_init>:
{
	MCP4921_LDAC_PORT &= ~(1 << MCP4921_LDAC_PIN);
}
void MCP4291_deassert_LDAC(void)
{
	MCP4921_LDAC_PORT |= (1 << MCP4921_LDAC_PIN);
    515c:	bc 9a       	sbi	0x17, 4	; 23
    515e:	d7 9a       	sbi	0x1a, 7	; 26
    5160:	13 9a       	sbi	0x02, 3	; 2
    5162:	d1 9a       	sbi	0x1a, 1	; 26
    5164:	d0 9a       	sbi	0x1a, 0	; 26
    5166:	0c 94 a4 18 	jmp	0x3148	; 0x3148 <SPI_Init>

0000516a <MCP4291_AssertSS>:
    516a:	81 30       	cpi	r24, 0x01	; 1
    516c:	61 f0       	breq	.+24     	; 0x5186 <MCP4291_AssertSS+0x1c>
    516e:	48 f0       	brcs	.+18     	; 0x5182 <MCP4291_AssertSS+0x18>
    5170:	82 30       	cpi	r24, 0x02	; 2
    5172:	19 f0       	breq	.+6      	; 0x517a <MCP4291_AssertSS+0x10>
    5174:	83 30       	cpi	r24, 0x03	; 3
    5176:	19 f0       	breq	.+6      	; 0x517e <MCP4291_AssertSS+0x14>
    5178:	08 95       	ret
    517a:	1b 98       	cbi	0x03, 3	; 3
    517c:	08 95       	ret
    517e:	d9 98       	cbi	0x1b, 1	; 27
    5180:	08 95       	ret
    5182:	c4 98       	cbi	0x18, 4	; 24
    5184:	08 95       	ret
    5186:	df 98       	cbi	0x1b, 7	; 27
    5188:	08 95       	ret

0000518a <MCP4291_DeassertSS>:
    518a:	81 30       	cpi	r24, 0x01	; 1
    518c:	61 f0       	breq	.+24     	; 0x51a6 <MCP4291_DeassertSS+0x1c>
    518e:	48 f0       	brcs	.+18     	; 0x51a2 <MCP4291_DeassertSS+0x18>
    5190:	82 30       	cpi	r24, 0x02	; 2
    5192:	19 f0       	breq	.+6      	; 0x519a <MCP4291_DeassertSS+0x10>
    5194:	83 30       	cpi	r24, 0x03	; 3
    5196:	19 f0       	breq	.+6      	; 0x519e <MCP4291_DeassertSS+0x14>
    5198:	08 95       	ret
    519a:	1b 9a       	sbi	0x03, 3	; 3
    519c:	08 95       	ret
    519e:	d9 9a       	sbi	0x1b, 1	; 27
    51a0:	08 95       	ret
    51a2:	c4 9a       	sbi	0x18, 4	; 24
    51a4:	08 95       	ret
    51a6:	df 9a       	sbi	0x1b, 7	; 27
    51a8:	08 95       	ret

000051aa <MCP4291_set_output>:
  * @param	buf_ena = 1: output buffered.
  * @param	DAC_number: from 0-3
  * @retval status: 0 PASS, >0: error
  *****************************************************************************/
uint8_t	MCP4291_set_output(uint16_t	Val, uint8_t shutdown, uint8_t gain_ena, uint8_t buf_ena, uint8_t DAC_num)
{
    51aa:	af 92       	push	r10
    51ac:	bf 92       	push	r11
    51ae:	cf 92       	push	r12
    51b0:	df 92       	push	r13
    51b2:	ef 92       	push	r14
    51b4:	ff 92       	push	r15
    51b6:	0f 93       	push	r16
    51b8:	1f 93       	push	r17
    51ba:	cf 93       	push	r28
    51bc:	df 93       	push	r29
    51be:	cd b7       	in	r28, 0x3d	; 61
    51c0:	de b7       	in	r29, 0x3e	; 62
    51c2:	28 97       	sbiw	r28, 0x08	; 8
    51c4:	0f b6       	in	r0, 0x3f	; 63
    51c6:	f8 94       	cli
    51c8:	de bf       	out	0x3e, r29	; 62
    51ca:	0f be       	out	0x3f, r0	; 63
    51cc:	cd bf       	out	0x3d, r28	; 61
	volatile mcp4921_config_t		s_mcp4921_config[4];
	if (DAC_num >3)	return 1;
    51ce:	04 30       	cpi	r16, 0x04	; 4
    51d0:	90 f0       	brcs	.+36     	; 0x51f6 <MCP4291_set_output+0x4c>
    51d2:	81 e0       	ldi	r24, 0x01	; 1

	MCP4291_DeassertSS(DAC_num);
	MCP4291_assert_LDAC();
	MCP4291_deassert_LDAC();
	return	0;
    51d4:	28 96       	adiw	r28, 0x08	; 8
    51d6:	0f b6       	in	r0, 0x3f	; 63
    51d8:	f8 94       	cli
    51da:	de bf       	out	0x3e, r29	; 62
    51dc:	0f be       	out	0x3f, r0	; 63
    51de:	cd bf       	out	0x3d, r28	; 61
    51e0:	df 91       	pop	r29
    51e2:	cf 91       	pop	r28
    51e4:	1f 91       	pop	r17
    51e6:	0f 91       	pop	r16
    51e8:	ff 90       	pop	r15
    51ea:	ef 90       	pop	r14
    51ec:	df 90       	pop	r13
    51ee:	cf 90       	pop	r12
    51f0:	bf 90       	pop	r11
    51f2:	af 90       	pop	r10
    51f4:	08 95       	ret
    51f6:	12 2f       	mov	r17, r18
    51f8:	b4 2e       	mov	r11, r20
    51fa:	a6 2e       	mov	r10, r22
    51fc:	6c 01       	movw	r12, r24
uint8_t	MCP4291_set_output(uint16_t	Val, uint8_t shutdown, uint8_t gain_ena, uint8_t buf_ena, uint8_t DAC_num)
{
	volatile mcp4921_config_t		s_mcp4921_config[4];
	if (DAC_num >3)	return 1;
	
	MCP4291_AssertSS(DAC_num);
    51fe:	80 2f       	mov	r24, r16
    5200:	0e 94 b5 28 	call	0x516a	; 0x516a <MCP4291_AssertSS>
	s_mcp4921_config[DAC_num].bitfield.data = Val ;
    5204:	e0 2e       	mov	r14, r16
    5206:	f1 2c       	mov	r15, r1
    5208:	c6 01       	movw	r24, r12
    520a:	9f 70       	andi	r25, 0x0F	; 15
    520c:	ee 0c       	add	r14, r14
    520e:	ff 1c       	adc	r15, r15
    5210:	e1 e0       	ldi	r30, 0x01	; 1
    5212:	f0 e0       	ldi	r31, 0x00	; 0
    5214:	ec 0f       	add	r30, r28
    5216:	fd 1f       	adc	r31, r29
    5218:	ee 0d       	add	r30, r14
    521a:	ff 1d       	adc	r31, r15
    521c:	80 83       	st	Z, r24
    521e:	9f 70       	andi	r25, 0x0F	; 15
    5220:	81 81       	ldd	r24, Z+1	; 0x01
    5222:	80 7f       	andi	r24, 0xF0	; 240
    5224:	89 2b       	or	r24, r25
    5226:	81 83       	std	Z+1, r24	; 0x01
	if (shutdown)
		s_mcp4921_config[DAC_num].bitfield.not_shutdown = 0;
    5228:	81 81       	ldd	r24, Z+1	; 0x01
	volatile mcp4921_config_t		s_mcp4921_config[4];
	if (DAC_num >3)	return 1;
	
	MCP4291_AssertSS(DAC_num);
	s_mcp4921_config[DAC_num].bitfield.data = Val ;
	if (shutdown)
    522a:	a1 10       	cpse	r10, r1
    522c:	29 c0       	rjmp	.+82     	; 0x5280 <MCP4291_set_output+0xd6>
		s_mcp4921_config[DAC_num].bitfield.not_shutdown = 0;
		else s_mcp4921_config[DAC_num].bitfield.not_shutdown = 1;
    522e:	80 61       	ori	r24, 0x10	; 16
    5230:	81 83       	std	Z+1, r24	; 0x01
	if (gain_ena)	s_mcp4921_config[DAC_num].bitfield.ga = 0;
    5232:	e1 e0       	ldi	r30, 0x01	; 1
    5234:	f0 e0       	ldi	r31, 0x00	; 0
    5236:	ec 0f       	add	r30, r28
    5238:	fd 1f       	adc	r31, r29
    523a:	ee 0d       	add	r30, r14
    523c:	ff 1d       	adc	r31, r15
    523e:	81 81       	ldd	r24, Z+1	; 0x01
    5240:	bb 20       	and	r11, r11
    5242:	09 f1       	breq	.+66     	; 0x5286 <MCP4291_set_output+0xdc>
    5244:	8f 7d       	andi	r24, 0xDF	; 223
    5246:	81 83       	std	Z+1, r24	; 0x01
	else s_mcp4921_config[DAC_num].bitfield.ga = 1;
	s_mcp4921_config[DAC_num].bitfield.buf = buf_ena;
    5248:	81 e0       	ldi	r24, 0x01	; 1
    524a:	90 e0       	ldi	r25, 0x00	; 0
    524c:	8c 0f       	add	r24, r28
    524e:	9d 1f       	adc	r25, r29
    5250:	e8 0e       	add	r14, r24
    5252:	f9 1e       	adc	r15, r25
    5254:	f7 01       	movw	r30, r14
    5256:	81 81       	ldd	r24, Z+1	; 0x01
    5258:	10 fb       	bst	r17, 0
    525a:	86 f9       	bld	r24, 6
    525c:	81 83       	std	Z+1, r24	; 0x01
	s_mcp4921_config[DAC_num].bitfield.not_write = 0;
    525e:	81 81       	ldd	r24, Z+1	; 0x01
    5260:	8f 77       	andi	r24, 0x7F	; 127
    5262:	81 83       	std	Z+1, r24	; 0x01
	
	SPI_SendByte(s_mcp4921_config[DAC_num].bytefield.byte1);
    5264:	81 81       	ldd	r24, Z+1	; 0x01
    5266:	0e 94 ae 18 	call	0x315c	; 0x315c <SPI_SendByte>

	SPI_SendByte(s_mcp4921_config[DAC_num].bytefield.byte0);
    526a:	f7 01       	movw	r30, r14
    526c:	80 81       	ld	r24, Z
    526e:	0e 94 ae 18 	call	0x315c	; 0x315c <SPI_SendByte>

	MCP4291_DeassertSS(DAC_num);
    5272:	80 2f       	mov	r24, r16
    5274:	0e 94 c5 28 	call	0x518a	; 0x518a <MCP4291_DeassertSS>
	}
}

void MCP4291_assert_LDAC(void)
{
	MCP4921_LDAC_PORT &= ~(1 << MCP4921_LDAC_PIN);
    5278:	d8 98       	cbi	0x1b, 0	; 27
}
void MCP4291_deassert_LDAC(void)
{
	MCP4921_LDAC_PORT |= (1 << MCP4921_LDAC_PIN);
    527a:	d8 9a       	sbi	0x1b, 0	; 27
	SPI_SendByte(s_mcp4921_config[DAC_num].bytefield.byte0);

	MCP4291_DeassertSS(DAC_num);
	MCP4291_assert_LDAC();
	MCP4291_deassert_LDAC();
	return	0;
    527c:	80 e0       	ldi	r24, 0x00	; 0
    527e:	aa cf       	rjmp	.-172    	; 0x51d4 <MCP4291_set_output+0x2a>
	if (DAC_num >3)	return 1;
	
	MCP4291_AssertSS(DAC_num);
	s_mcp4921_config[DAC_num].bitfield.data = Val ;
	if (shutdown)
		s_mcp4921_config[DAC_num].bitfield.not_shutdown = 0;
    5280:	8f 7e       	andi	r24, 0xEF	; 239
    5282:	81 83       	std	Z+1, r24	; 0x01
    5284:	d6 cf       	rjmp	.-84     	; 0x5232 <MCP4291_set_output+0x88>
		else s_mcp4921_config[DAC_num].bitfield.not_shutdown = 1;
	if (gain_ena)	s_mcp4921_config[DAC_num].bitfield.ga = 0;
	else s_mcp4921_config[DAC_num].bitfield.ga = 1;
    5286:	80 62       	ori	r24, 0x20	; 32
    5288:	81 83       	std	Z+1, r24	; 0x01
    528a:	de cf       	rjmp	.-68     	; 0x5248 <MCP4291_set_output+0x9e>

0000528c <get_NTC_temperature_using_table>:
};

int16_t get_NTC_temperature_using_table(uint8_t channel)
{
	int16_t  temp;
	uint16_t ADCVal  = adc_read(channel);
    528c:	0e 94 aa 17 	call	0x2f54	; 0x2f54 <adc_read>
	temp = pgm_read_word(&NTC_table[ADCVal]);
    5290:	88 0f       	add	r24, r24
    5292:	99 1f       	adc	r25, r25
    5294:	fc 01       	movw	r30, r24
    5296:	e2 51       	subi	r30, 0x12	; 18
    5298:	fc 4f       	sbci	r31, 0xFC	; 252
    529a:	25 91       	lpm	r18, Z+
    529c:	34 91       	lpm	r19, Z
	if (temp < -500 || temp >  2000)  temp = 0x7FFF;
    529e:	c9 01       	movw	r24, r18
    52a0:	8c 50       	subi	r24, 0x0C	; 12
    52a2:	9e 4f       	sbci	r25, 0xFE	; 254
    52a4:	85 3c       	cpi	r24, 0xC5	; 197
    52a6:	99 40       	sbci	r25, 0x09	; 9
    52a8:	18 f0       	brcs	.+6      	; 0x52b0 <get_NTC_temperature_using_table+0x24>
    52aa:	8f ef       	ldi	r24, 0xFF	; 255
    52ac:	9f e7       	ldi	r25, 0x7F	; 127
	return temp;
};
    52ae:	08 95       	ret

int16_t get_NTC_temperature_using_table(uint8_t channel)
{
	int16_t  temp;
	uint16_t ADCVal  = adc_read(channel);
	temp = pgm_read_word(&NTC_table[ADCVal]);
    52b0:	c9 01       	movw	r24, r18
    52b2:	08 95       	ret

000052b4 <ringled_show>:
{
	ringled_set_RGBW(0, 0, 0, 0);
}

void __attribute__((noinline)) ringled_show(const rgbw_color *colors, uint8_t pixels)
{
    52b4:	fc 01       	movw	r30, r24
	RINGLED_PORT &= ~(1 << RINGLED_DQ);
    52b6:	94 98       	cbi	0x12, 4	; 18
	RINGLED_DDR  |= (1 << RINGLED_DQ);
    52b8:	8c 9a       	sbi	0x11, 4	; 17
	
	cli();   // Disable interrupts temporarily because we don't want our pulse timing to be messed up.
    52ba:	f8 94       	cli
	while (pixels--)
    52bc:	2f ef       	ldi	r18, 0xFF	; 255
    52be:	26 0f       	add	r18, r22
    52c0:	66 23       	and	r22, r22
    52c2:	09 f4       	brne	.+2      	; 0x52c6 <ringled_show+0x12>
    52c4:	28 c0       	rjmp	.+80     	; 0x5316 <led_strip_asm_end35+0x6>
	{
		uint8_t portValue = RINGLED_PORT;
    52c6:	92 b3       	in	r25, 0x12	; 18
		// Send a color to the LED strip.
		// The assembly below also increments the 'colors' pointer,
		// it will be pointing to the next color at the end of this loop.
		asm volatile (
    52c8:	89 2f       	mov	r24, r25
    52ca:	8f 7e       	andi	r24, 0xEF	; 239
    52cc:	90 61       	ori	r25, 0x10	; 16
    52ce:	01 90       	ld	r0, Z+
    52d0:	00 80       	ld	r0, Z
    52d2:	09 d0       	rcall	.+18     	; 0x52e6 <send_led_strip_byte35>
    52d4:	02 90       	ld	r0, -Z
    52d6:	07 d0       	rcall	.+14     	; 0x52e6 <send_led_strip_byte35>
    52d8:	01 90       	ld	r0, Z+
    52da:	01 90       	ld	r0, Z+
    52dc:	01 90       	ld	r0, Z+
    52de:	03 d0       	rcall	.+6      	; 0x52e6 <send_led_strip_byte35>
    52e0:	01 90       	ld	r0, Z+
    52e2:	01 d0       	rcall	.+2      	; 0x52e6 <send_led_strip_byte35>
    52e4:	15 c0       	rjmp	.+42     	; 0x5310 <led_strip_asm_end35>

000052e6 <send_led_strip_byte35>:
    52e6:	08 d0       	rcall	.+16     	; 0x52f8 <send_led_strip_bit35>
    52e8:	07 d0       	rcall	.+14     	; 0x52f8 <send_led_strip_bit35>
    52ea:	06 d0       	rcall	.+12     	; 0x52f8 <send_led_strip_bit35>
    52ec:	05 d0       	rcall	.+10     	; 0x52f8 <send_led_strip_bit35>
    52ee:	04 d0       	rcall	.+8      	; 0x52f8 <send_led_strip_bit35>
    52f0:	03 d0       	rcall	.+6      	; 0x52f8 <send_led_strip_bit35>
    52f2:	02 d0       	rcall	.+4      	; 0x52f8 <send_led_strip_bit35>
    52f4:	01 d0       	rcall	.+2      	; 0x52f8 <send_led_strip_bit35>
    52f6:	08 95       	ret

000052f8 <send_led_strip_bit35>:
    52f8:	00 1c       	adc	r0, r0
    52fa:	90 93 32 00 	sts	0x0032, r25	; 0x800032 <__TEXT_REGION_LENGTH__+0x7f0032>
    52fe:	10 f0       	brcs	.+4      	; 0x5304 <send_led_strip_bit35+0xc>
    5300:	80 93 32 00 	sts	0x0032, r24	; 0x800032 <__TEXT_REGION_LENGTH__+0x7f0032>
    5304:	00 00       	nop
    5306:	00 00       	nop
    5308:	10 f4       	brcc	.+4      	; 0x530e <send_led_strip_bit35+0x16>
    530a:	80 93 32 00 	sts	0x0032, r24	; 0x800032 <__TEXT_REGION_LENGTH__+0x7f0032>
    530e:	08 95       	ret

00005310 <led_strip_asm_end35>:
{
	RINGLED_PORT &= ~(1 << RINGLED_DQ);
	RINGLED_DDR  |= (1 << RINGLED_DQ);
	
	cli();   // Disable interrupts temporarily because we don't want our pulse timing to be messed up.
	while (pixels--)
    5310:	21 50       	subi	r18, 0x01	; 1
    5312:	08 f0       	brcs	.+2      	; 0x5316 <led_strip_asm_end35+0x6>
    5314:	d8 cf       	rjmp	.-80     	; 0x52c6 <ringled_show+0x12>
		"" (&RINGLED_PORT),   // %2 is the port register (e.g. PORTH)
		"r" ((uint8_t)(portValue & ~(1 << RINGLED_DQ))),  // %3
		"r" ((uint8_t)(portValue | (1 << RINGLED_DQ)))    // %4
		);
	}
	sei();          // Re-enable interrupts now that we are done.
    5316:	78 94       	sei
    5318:	08 95       	ret

0000531a <ringled_set_RGBW>:
}

void ringled_set_RGBW(uint8_t red, uint8_t green, uint8_t blue, uint8_t white)
{
	status_rgbw_color = (rgbw_color){red, green, blue, white};
    531a:	80 93 58 0d 	sts	0x0D58, r24	; 0x800d58 <status_rgbw_color>
    531e:	60 93 59 0d 	sts	0x0D59, r22	; 0x800d59 <status_rgbw_color+0x1>
    5322:	40 93 5a 0d 	sts	0x0D5A, r20	; 0x800d5a <status_rgbw_color+0x2>
    5326:	20 93 5b 0d 	sts	0x0D5B, r18	; 0x800d5b <status_rgbw_color+0x3>
    532a:	eb e2       	ldi	r30, 0x2B	; 43
    532c:	fa e0       	ldi	r31, 0x0A	; 10
	for (uint8_t i = 0; i < LED_COUNT; i++)
		colorMap[i] = (rgbw_color){red, green, blue, white};
    532e:	80 83       	st	Z, r24
    5330:	61 83       	std	Z+1, r22	; 0x01
    5332:	42 83       	std	Z+2, r20	; 0x02
    5334:	23 83       	std	Z+3, r18	; 0x03
    5336:	34 96       	adiw	r30, 0x04	; 4
}

void ringled_set_RGBW(uint8_t red, uint8_t green, uint8_t blue, uint8_t white)
{
	status_rgbw_color = (rgbw_color){red, green, blue, white};
	for (uint8_t i = 0; i < LED_COUNT; i++)
    5338:	9a e0       	ldi	r25, 0x0A	; 10
    533a:	e3 35       	cpi	r30, 0x53	; 83
    533c:	f9 07       	cpc	r31, r25
    533e:	b9 f7       	brne	.-18     	; 0x532e <ringled_set_RGBW+0x14>
		colorMap[i] = (rgbw_color){red, green, blue, white};
	ringled_show(colorMap, LED_COUNT);
    5340:	6a e0       	ldi	r22, 0x0A	; 10
    5342:	8b e2       	ldi	r24, 0x2B	; 43
    5344:	9a e0       	ldi	r25, 0x0A	; 10
    5346:	0c 94 5a 29 	jmp	0x52b4	; 0x52b4 <ringled_show>

0000534a <ringled_init>:

rgbw_color status_rgbw_color;

void ringled_init(void)
{
	ringled_set_RGBW(0, 0, 0, 0);
    534a:	20 e0       	ldi	r18, 0x00	; 0
    534c:	40 e0       	ldi	r20, 0x00	; 0
    534e:	60 e0       	ldi	r22, 0x00	; 0
    5350:	80 e0       	ldi	r24, 0x00	; 0
    5352:	0c 94 8d 29 	jmp	0x531a	; 0x531a <ringled_set_RGBW>

00005356 <ringled_get_RGBW>:
	ringled_show(colorMap, LED_COUNT);
}

rgbw_color ringled_get_RGBW(void)
{
	return status_rgbw_color;
    5356:	60 91 58 0d 	lds	r22, 0x0D58	; 0x800d58 <status_rgbw_color>
    535a:	70 91 59 0d 	lds	r23, 0x0D59	; 0x800d59 <status_rgbw_color+0x1>
    535e:	80 91 5a 0d 	lds	r24, 0x0D5A	; 0x800d5a <status_rgbw_color+0x2>
    5362:	90 91 5b 0d 	lds	r25, 0x0D5B	; 0x800d5b <status_rgbw_color+0x3>
    5366:	08 95       	ret

00005368 <TEC_init>:
#include "TEC.h"
#include <avr/io.h>
#include "IOU_board.h"
void	TEC_init(void)
{
	TEC_SHUTDOWN_TEC0_PORT &= ~(1<<TEC_SHUTDOWN_TEC0_PIN);
    5368:	e5 e6       	ldi	r30, 0x65	; 101
    536a:	f0 e0       	ldi	r31, 0x00	; 0
    536c:	80 81       	ld	r24, Z
    536e:	8f 7e       	andi	r24, 0xEF	; 239
    5370:	80 83       	st	Z, r24
	TEC_SHUTDOWN_TEC1_PORT &= ~(1<<TEC_SHUTDOWN_TEC1_PIN);
    5372:	80 81       	ld	r24, Z
    5374:	8b 7f       	andi	r24, 0xFB	; 251
    5376:	80 83       	st	Z, r24
	TEC_SHUTDOWN_TEC2_PORT &= ~(1<<TEC_SHUTDOWN_TEC2_PIN);
    5378:	dc 98       	cbi	0x1b, 4	; 27
	TEC_SHUTDOWN_TEC3_PORT &= ~(1<<TEC_SHUTDOWN_TEC3_PIN);
    537a:	c0 98       	cbi	0x18, 0	; 24
	
	TEC_SHUTDOWN_TEC0_DDR |= (1<< TEC_SHUTDOWN_TEC0_PIN);
    537c:	a4 e6       	ldi	r26, 0x64	; 100
    537e:	b0 e0       	ldi	r27, 0x00	; 0
    5380:	8c 91       	ld	r24, X
    5382:	80 61       	ori	r24, 0x10	; 16
    5384:	8c 93       	st	X, r24
	TEC_SHUTDOWN_TEC1_DDR |= (1<< TEC_SHUTDOWN_TEC1_PIN);
    5386:	8c 91       	ld	r24, X
    5388:	84 60       	ori	r24, 0x04	; 4
    538a:	8c 93       	st	X, r24
	TEC_SHUTDOWN_TEC2_DDR |= (1<< TEC_SHUTDOWN_TEC2_PIN);
    538c:	d4 9a       	sbi	0x1a, 4	; 26
	TEC_SHUTDOWN_TEC3_DDR |= (1<< TEC_SHUTDOWN_TEC3_PIN);
    538e:	b8 9a       	sbi	0x17, 0	; 23
	
	//input fault pin//
	TEC_FAULT0_TEC0_DDR &= ~(1<<TEC_FAULT0_TEC0_PIN);
    5390:	8c 91       	ld	r24, X
    5392:	87 7f       	andi	r24, 0xF7	; 247
    5394:	8c 93       	st	X, r24
	TEC_FAULT1_TEC0_DDR &= ~(1<<TEC_FAULT1_TEC0_PIN);
    5396:	8d 98       	cbi	0x11, 5	; 17
	TEC_FAULT0_TEC1_DDR &= ~(1<<TEC_FAULT0_TEC1_PIN);
    5398:	d6 98       	cbi	0x1a, 6	; 26
	TEC_FAULT1_TEC1_DDR &= ~(1<<TEC_FAULT1_TEC1_PIN);
    539a:	d5 98       	cbi	0x1a, 5	; 26
	TEC_FAULT0_TEC2_DDR &= ~(1<<TEC_FAULT0_TEC2_PIN);
    539c:	d3 98       	cbi	0x1a, 3	; 26
	TEC_FAULT1_TEC2_DDR &= ~(1<<TEC_FAULT1_TEC2_PIN);
    539e:	d2 98       	cbi	0x1a, 2	; 26
	TEC_FAULT0_TEC3_DDR &= ~(1<<TEC_FAULT0_TEC3_PIN);
    53a0:	17 98       	cbi	0x02, 7	; 2
	TEC_FAULT1_TEC3_DDR &= ~(1<<TEC_FAULT1_TEC3_PIN);	
    53a2:	16 98       	cbi	0x02, 6	; 2
	
	//pull up all fault pin//
	TEC_FAULT0_TEC0_PORT |= (1<<TEC_FAULT0_TEC0_PIN);
    53a4:	80 81       	ld	r24, Z
    53a6:	88 60       	ori	r24, 0x08	; 8
    53a8:	80 83       	st	Z, r24
	TEC_FAULT1_TEC0_PORT |= (1<<TEC_FAULT1_TEC0_PIN);
    53aa:	95 9a       	sbi	0x12, 5	; 18
	TEC_FAULT0_TEC1_PORT |= (1<<TEC_FAULT0_TEC1_PIN);
    53ac:	de 9a       	sbi	0x1b, 6	; 27
	TEC_FAULT1_TEC1_PORT |= (1<<TEC_FAULT1_TEC1_PIN);	
    53ae:	dd 9a       	sbi	0x1b, 5	; 27
	TEC_FAULT0_TEC2_PORT |= (1<<TEC_FAULT0_TEC2_PIN);
    53b0:	db 9a       	sbi	0x1b, 3	; 27
	TEC_FAULT1_TEC2_PORT |= (1<<TEC_FAULT1_TEC2_PIN);	
    53b2:	da 9a       	sbi	0x1b, 2	; 27
	TEC_FAULT0_TEC3_PORT |= (1<<TEC_FAULT0_TEC3_PIN);
    53b4:	1f 9a       	sbi	0x03, 7	; 3
	TEC_FAULT1_TEC3_PORT |= (1<<TEC_FAULT1_TEC3_PIN);	
    53b6:	1e 9a       	sbi	0x03, 6	; 3
    53b8:	08 95       	ret

000053ba <TEC_enable>:
}

uint8_t	TEC_enable(uint8_t	TEC_device)
{
	switch (TEC_device)
    53ba:	81 30       	cpi	r24, 0x01	; 1
    53bc:	a1 f0       	breq	.+40     	; 0x53e6 <TEC_enable+0x2c>
    53be:	60 f0       	brcs	.+24     	; 0x53d8 <TEC_enable+0x1e>
    53c0:	82 30       	cpi	r24, 0x02	; 2
    53c2:	29 f0       	breq	.+10     	; 0x53ce <TEC_enable+0x14>
    53c4:	83 30       	cpi	r24, 0x03	; 3
    53c6:	31 f4       	brne	.+12     	; 0x53d4 <TEC_enable+0x1a>
			return	0;
		case 2:
			TEC_SHUTDOWN_TEC2_PORT |= (1<< TEC_SHUTDOWN_TEC2_PIN);
			return 0;
		case 3:
			TEC_SHUTDOWN_TEC3_PORT |= (1<< TEC_SHUTDOWN_TEC3_PIN);
    53c8:	c0 9a       	sbi	0x18, 0	; 24
			return 0;
    53ca:	80 e0       	ldi	r24, 0x00	; 0
    53cc:	08 95       	ret
			return 0;
		case 1:
			TEC_SHUTDOWN_TEC1_PORT |= (1<< TEC_SHUTDOWN_TEC1_PIN);
			return	0;
		case 2:
			TEC_SHUTDOWN_TEC2_PORT |= (1<< TEC_SHUTDOWN_TEC2_PIN);
    53ce:	dc 9a       	sbi	0x1b, 4	; 27
			return 0;
    53d0:	80 e0       	ldi	r24, 0x00	; 0
    53d2:	08 95       	ret
		case 3:
			TEC_SHUTDOWN_TEC3_PORT |= (1<< TEC_SHUTDOWN_TEC3_PIN);
			return 0;
		default:
			return 1;
    53d4:	81 e0       	ldi	r24, 0x01	; 1
	}
}
    53d6:	08 95       	ret
uint8_t	TEC_enable(uint8_t	TEC_device)
{
	switch (TEC_device)
	{
		case 0:
			TEC_SHUTDOWN_TEC0_PORT |= (1<< TEC_SHUTDOWN_TEC0_PIN);
    53d8:	80 91 65 00 	lds	r24, 0x0065	; 0x800065 <__TEXT_REGION_LENGTH__+0x7f0065>
    53dc:	80 61       	ori	r24, 0x10	; 16
    53de:	80 93 65 00 	sts	0x0065, r24	; 0x800065 <__TEXT_REGION_LENGTH__+0x7f0065>
			return 0;
    53e2:	80 e0       	ldi	r24, 0x00	; 0
    53e4:	08 95       	ret
		case 1:
			TEC_SHUTDOWN_TEC1_PORT |= (1<< TEC_SHUTDOWN_TEC1_PIN);
    53e6:	80 91 65 00 	lds	r24, 0x0065	; 0x800065 <__TEXT_REGION_LENGTH__+0x7f0065>
    53ea:	84 60       	ori	r24, 0x04	; 4
    53ec:	80 93 65 00 	sts	0x0065, r24	; 0x800065 <__TEXT_REGION_LENGTH__+0x7f0065>
			return	0;
    53f0:	80 e0       	ldi	r24, 0x00	; 0
    53f2:	08 95       	ret

000053f4 <TEC_shutdown>:
	}
}
	
uint8_t	TEC_shutdown(uint8_t	TEC_device)
{
	switch (TEC_device)
    53f4:	81 30       	cpi	r24, 0x01	; 1
    53f6:	a1 f0       	breq	.+40     	; 0x5420 <TEC_shutdown+0x2c>
    53f8:	60 f0       	brcs	.+24     	; 0x5412 <TEC_shutdown+0x1e>
    53fa:	82 30       	cpi	r24, 0x02	; 2
    53fc:	29 f0       	breq	.+10     	; 0x5408 <TEC_shutdown+0x14>
    53fe:	83 30       	cpi	r24, 0x03	; 3
    5400:	31 f4       	brne	.+12     	; 0x540e <TEC_shutdown+0x1a>
			return	0;
		case 2:
			TEC_SHUTDOWN_TEC2_PORT &= ~(1<< TEC_SHUTDOWN_TEC2_PIN);
			return 0;
		case 3:
			TEC_SHUTDOWN_TEC3_PORT &= ~(1<< TEC_SHUTDOWN_TEC3_PIN);
    5402:	c0 98       	cbi	0x18, 0	; 24
			return 0;
    5404:	80 e0       	ldi	r24, 0x00	; 0
    5406:	08 95       	ret
			return 0;
		case 1:
			TEC_SHUTDOWN_TEC1_PORT &= ~(1<< TEC_SHUTDOWN_TEC1_PIN);
			return	0;
		case 2:
			TEC_SHUTDOWN_TEC2_PORT &= ~(1<< TEC_SHUTDOWN_TEC2_PIN);
    5408:	dc 98       	cbi	0x1b, 4	; 27
			return 0;
    540a:	80 e0       	ldi	r24, 0x00	; 0
    540c:	08 95       	ret
		case 3:
			TEC_SHUTDOWN_TEC3_PORT &= ~(1<< TEC_SHUTDOWN_TEC3_PIN);
			return 0;
		default:
			return 1;
    540e:	81 e0       	ldi	r24, 0x01	; 1
	}
    5410:	08 95       	ret
uint8_t	TEC_shutdown(uint8_t	TEC_device)
{
	switch (TEC_device)
	{
		case 0:
			TEC_SHUTDOWN_TEC0_PORT &= ~(1<< TEC_SHUTDOWN_TEC0_PIN);
    5412:	80 91 65 00 	lds	r24, 0x0065	; 0x800065 <__TEXT_REGION_LENGTH__+0x7f0065>
    5416:	8f 7e       	andi	r24, 0xEF	; 239
    5418:	80 93 65 00 	sts	0x0065, r24	; 0x800065 <__TEXT_REGION_LENGTH__+0x7f0065>
			return 0;
    541c:	80 e0       	ldi	r24, 0x00	; 0
    541e:	08 95       	ret
		case 1:
			TEC_SHUTDOWN_TEC1_PORT &= ~(1<< TEC_SHUTDOWN_TEC1_PIN);
    5420:	80 91 65 00 	lds	r24, 0x0065	; 0x800065 <__TEXT_REGION_LENGTH__+0x7f0065>
    5424:	8b 7f       	andi	r24, 0xFB	; 251
    5426:	80 93 65 00 	sts	0x0065, r24	; 0x800065 <__TEXT_REGION_LENGTH__+0x7f0065>
			return	0;
    542a:	80 e0       	ldi	r24, 0x00	; 0
    542c:	08 95       	ret

0000542e <TPL5010_init>:
#include <avr/io.h>
#include "TPL5010.h"
#include "IOU_board.h"
void	TPL5010_init (void)
{
	TPL5010_DONE_DDR |=  (1 << TPL5010_DONE_PIN);	//done is output
    542e:	e4 e6       	ldi	r30, 0x64	; 100
    5430:	f0 e0       	ldi	r31, 0x00	; 0
    5432:	80 81       	ld	r24, Z
    5434:	81 60       	ori	r24, 0x01	; 1
    5436:	80 83       	st	Z, r24
	TPL5010_WAKE_DDR &= ~(1 << TPL5010_WAKE_PIN);	//wake is input
    5438:	80 81       	ld	r24, Z
    543a:	8d 7f       	andi	r24, 0xFD	; 253
    543c:	80 83       	st	Z, r24
	TPL5010_WAKE_PORT |=  (1 << TPL5010_WAKE_PIN);	//pull up Wake
    543e:	e5 e6       	ldi	r30, 0x65	; 101
    5440:	f0 e0       	ldi	r31, 0x00	; 0
    5442:	80 81       	ld	r24, Z
    5444:	82 60       	ori	r24, 0x02	; 2
    5446:	80 83       	st	Z, r24
	TPL5010_DONE_PORT	&= ~(1 << TPL5010_DONE_PIN);	//init as 0
    5448:	80 81       	ld	r24, Z
    544a:	8e 7f       	andi	r24, 0xFE	; 254
    544c:	80 83       	st	Z, r24
    544e:	08 95       	ret

00005450 <TPL5010_done_pulse>:
	return;
};
void	TPL5010_done_pulse (void)
{
	
	TPL5010_DONE_PORT	|= (1 << TPL5010_DONE_PIN);
    5450:	e5 e6       	ldi	r30, 0x65	; 101
    5452:	f0 e0       	ldi	r31, 0x00	; 0
    5454:	80 81       	ld	r24, Z
    5456:	81 60       	ori	r24, 0x01	; 1
    5458:	80 83       	st	Z, r24
	TPL5010_DONE_PORT	&= ~(1 << TPL5010_DONE_PIN);
    545a:	80 81       	ld	r24, Z
    545c:	8e 7f       	andi	r24, 0xFE	; 254
    545e:	80 83       	st	Z, r24
    5460:	08 95       	ret

00005462 <SCH_Initialize>:
    5462:	10 92 5d 0d 	sts	0x0D5D, r1	; 0x800d5d <s_SystemTick+0x1>
    5466:	10 92 5c 0d 	sts	0x0D5C, r1	; 0x800d5c <s_SystemTick>
    546a:	10 92 ed 09 	sts	0x09ED, r1	; 0x8009ed <s_NumOfTaskScheduled>
    546e:	10 92 ce 09 	sts	0x09CE, r1	; 0x8009ce <s_NumOfTimers>
    5472:	8c e3       	ldi	r24, 0x3C	; 60
    5474:	ee ee       	ldi	r30, 0xEE	; 238
    5476:	f9 e0       	ldi	r31, 0x09	; 9
    5478:	df 01       	movw	r26, r30
    547a:	1d 92       	st	X+, r1
    547c:	8a 95       	dec	r24
    547e:	e9 f7       	brne	.-6      	; 0x547a <SCH_Initialize+0x18>
    5480:	8e e1       	ldi	r24, 0x1E	; 30
    5482:	ef ec       	ldi	r30, 0xCF	; 207
    5484:	f9 e0       	ldi	r31, 0x09	; 9
    5486:	df 01       	movw	r26, r30
    5488:	1d 92       	st	X+, r1
    548a:	8a 95       	dec	r24
    548c:	e9 f7       	brne	.-6      	; 0x5488 <SCH_Initialize+0x26>
    548e:	88 e0       	ldi	r24, 0x08	; 8
    5490:	ee e5       	ldi	r30, 0x5E	; 94
    5492:	fd e0       	ldi	r31, 0x0D	; 13
    5494:	df 01       	movw	r26, r30
    5496:	1d 92       	st	X+, r1
    5498:	8a 95       	dec	r24
    549a:	e9 f7       	brne	.-6      	; 0x5496 <SCH_Initialize+0x34>
    549c:	0c 94 01 19 	jmp	0x3202	; 0x3202 <timer_timer0_init>

000054a0 <SCH_TIM_Start>:
    54a0:	82 30       	cpi	r24, 0x02	; 2
    54a2:	08 f0       	brcs	.+2      	; 0x54a6 <SCH_TIM_Start+0x6>
    54a4:	08 95       	ret
    54a6:	e8 2f       	mov	r30, r24
    54a8:	f0 e0       	ldi	r31, 0x00	; 0
    54aa:	ee 0f       	add	r30, r30
    54ac:	ff 1f       	adc	r31, r31
    54ae:	e2 5a       	subi	r30, 0xA2	; 162
    54b0:	f2 4f       	sbci	r31, 0xF2	; 242
    54b2:	51 83       	std	Z+1, r21	; 0x01
    54b4:	40 83       	st	Z, r20
    54b6:	08 95       	ret

000054b8 <SCH_TIM_HasCompleted>:
    54b8:	e8 2f       	mov	r30, r24
    54ba:	f0 e0       	ldi	r31, 0x00	; 0
    54bc:	ee 0f       	add	r30, r30
    54be:	ff 1f       	adc	r31, r31
    54c0:	e2 5a       	subi	r30, 0xA2	; 162
    54c2:	f2 4f       	sbci	r31, 0xF2	; 242
    54c4:	20 81       	ld	r18, Z
    54c6:	31 81       	ldd	r19, Z+1	; 0x01
    54c8:	81 e0       	ldi	r24, 0x01	; 1
    54ca:	23 2b       	or	r18, r19
    54cc:	09 f0       	breq	.+2      	; 0x54d0 <SCH_TIM_HasCompleted+0x18>
    54ce:	80 e0       	ldi	r24, 0x00	; 0
    54d0:	08 95       	ret

000054d2 <SCH_TASK_CreateTask>:
    54d2:	dc 01       	movw	r26, r24
    54d4:	89 2b       	or	r24, r25
    54d6:	f9 f0       	breq	.+62     	; 0x5516 <SCH_TASK_CreateTask+0x44>
    54d8:	61 15       	cp	r22, r1
    54da:	71 05       	cpc	r23, r1
    54dc:	e1 f0       	breq	.+56     	; 0x5516 <SCH_TASK_CreateTask+0x44>
    54de:	90 91 ed 09 	lds	r25, 0x09ED	; 0x8009ed <s_NumOfTaskScheduled>
    54e2:	99 30       	cpi	r25, 0x09	; 9
    54e4:	c0 f4       	brcc	.+48     	; 0x5516 <SCH_TASK_CreateTask+0x44>
    54e6:	29 2f       	mov	r18, r25
    54e8:	30 e0       	ldi	r19, 0x00	; 0
    54ea:	f9 01       	movw	r30, r18
    54ec:	ee 0f       	add	r30, r30
    54ee:	ff 1f       	adc	r31, r31
    54f0:	e2 0f       	add	r30, r18
    54f2:	f3 1f       	adc	r31, r19
    54f4:	ee 0f       	add	r30, r30
    54f6:	ff 1f       	adc	r31, r31
    54f8:	e2 51       	subi	r30, 0x12	; 18
    54fa:	f6 4f       	sbci	r31, 0xF6	; 246
    54fc:	75 83       	std	Z+5, r23	; 0x05
    54fe:	64 83       	std	Z+4, r22	; 0x04
    5500:	11 82       	std	Z+1, r1	; 0x01
    5502:	13 82       	std	Z+3, r1	; 0x03
    5504:	12 82       	std	Z+2, r1	; 0x02
    5506:	81 e0       	ldi	r24, 0x01	; 1
    5508:	80 83       	st	Z, r24
    550a:	9c 93       	st	X, r25
    550c:	9f 5f       	subi	r25, 0xFF	; 255
    550e:	90 93 ed 09 	sts	0x09ED, r25	; 0x8009ed <s_NumOfTaskScheduled>
    5512:	80 e0       	ldi	r24, 0x00	; 0
    5514:	08 95       	ret
    5516:	81 e0       	ldi	r24, 0x01	; 1
    5518:	08 95       	ret

0000551a <SCH_TIM_CreateTimer>:
    551a:	dc 01       	movw	r26, r24
    551c:	89 2b       	or	r24, r25
    551e:	f1 f0       	breq	.+60     	; 0x555c <SCH_TIM_CreateTimer+0x42>
    5520:	61 15       	cp	r22, r1
    5522:	71 05       	cpc	r23, r1
    5524:	d9 f0       	breq	.+54     	; 0x555c <SCH_TIM_CreateTimer+0x42>
    5526:	90 91 ce 09 	lds	r25, 0x09CE	; 0x8009ce <s_NumOfTimers>
    552a:	94 30       	cpi	r25, 0x04	; 4
    552c:	b8 f4       	brcc	.+46     	; 0x555c <SCH_TIM_CreateTimer+0x42>
    552e:	29 2f       	mov	r18, r25
    5530:	30 e0       	ldi	r19, 0x00	; 0
    5532:	f9 01       	movw	r30, r18
    5534:	ee 0f       	add	r30, r30
    5536:	ff 1f       	adc	r31, r31
    5538:	e2 0f       	add	r30, r18
    553a:	f3 1f       	adc	r31, r19
    553c:	ee 0f       	add	r30, r30
    553e:	ff 1f       	adc	r31, r31
    5540:	e1 53       	subi	r30, 0x31	; 49
    5542:	f6 4f       	sbci	r31, 0xF6	; 246
    5544:	75 83       	std	Z+5, r23	; 0x05
    5546:	64 83       	std	Z+4, r22	; 0x04
    5548:	10 82       	st	Z, r1
    554a:	11 82       	std	Z+1, r1	; 0x01
    554c:	13 82       	std	Z+3, r1	; 0x03
    554e:	12 82       	std	Z+2, r1	; 0x02
    5550:	9c 93       	st	X, r25
    5552:	9f 5f       	subi	r25, 0xFF	; 255
    5554:	90 93 ce 09 	sts	0x09CE, r25	; 0x8009ce <s_NumOfTimers>
    5558:	80 e0       	ldi	r24, 0x00	; 0
    555a:	08 95       	ret
    555c:	81 e0       	ldi	r24, 0x01	; 1
    555e:	08 95       	ret

00005560 <SCH_TIM_RestartTimer>:
    5560:	90 91 ce 09 	lds	r25, 0x09CE	; 0x8009ce <s_NumOfTimers>
    5564:	89 17       	cp	r24, r25
    5566:	80 f4       	brcc	.+32     	; 0x5588 <SCH_TIM_RestartTimer+0x28>
    5568:	90 e0       	ldi	r25, 0x00	; 0
    556a:	fc 01       	movw	r30, r24
    556c:	ee 0f       	add	r30, r30
    556e:	ff 1f       	adc	r31, r31
    5570:	e8 0f       	add	r30, r24
    5572:	f9 1f       	adc	r31, r25
    5574:	ee 0f       	add	r30, r30
    5576:	ff 1f       	adc	r31, r31
    5578:	e1 53       	subi	r30, 0x31	; 49
    557a:	f6 4f       	sbci	r31, 0xF6	; 246
    557c:	13 82       	std	Z+3, r1	; 0x03
    557e:	12 82       	std	Z+2, r1	; 0x02
    5580:	81 e0       	ldi	r24, 0x01	; 1
    5582:	80 83       	st	Z, r24
    5584:	80 e0       	ldi	r24, 0x00	; 0
    5586:	08 95       	ret
    5588:	81 e0       	ldi	r24, 0x01	; 1
    558a:	08 95       	ret

0000558c <SCH_RunSystemTickTimer>:
    558c:	80 91 5c 0d 	lds	r24, 0x0D5C	; 0x800d5c <s_SystemTick>
    5590:	90 91 5d 0d 	lds	r25, 0x0D5D	; 0x800d5d <s_SystemTick+0x1>
    5594:	01 96       	adiw	r24, 0x01	; 1
    5596:	90 93 5d 0d 	sts	0x0D5D, r25	; 0x800d5d <s_SystemTick+0x1>
    559a:	80 93 5c 0d 	sts	0x0D5C, r24	; 0x800d5c <s_SystemTick>
    559e:	80 91 ed 09 	lds	r24, 0x09ED	; 0x8009ed <s_NumOfTaskScheduled>
    55a2:	88 23       	and	r24, r24
    55a4:	79 f1       	breq	.+94     	; 0x5604 <SCH_RunSystemTickTimer+0x78>
    55a6:	ee ee       	ldi	r30, 0xEE	; 238
    55a8:	f9 e0       	ldi	r31, 0x09	; 9
    55aa:	81 50       	subi	r24, 0x01	; 1
    55ac:	90 e0       	ldi	r25, 0x00	; 0
    55ae:	01 96       	adiw	r24, 0x01	; 1
    55b0:	9c 01       	movw	r18, r24
    55b2:	22 0f       	add	r18, r18
    55b4:	33 1f       	adc	r19, r19
    55b6:	82 0f       	add	r24, r18
    55b8:	93 1f       	adc	r25, r19
    55ba:	88 0f       	add	r24, r24
    55bc:	99 1f       	adc	r25, r25
    55be:	82 51       	subi	r24, 0x12	; 18
    55c0:	96 4f       	sbci	r25, 0xF6	; 246
    55c2:	04 c0       	rjmp	.+8      	; 0x55cc <SCH_RunSystemTickTimer+0x40>
    55c4:	36 96       	adiw	r30, 0x06	; 6
    55c6:	e8 17       	cp	r30, r24
    55c8:	f9 07       	cpc	r31, r25
    55ca:	e1 f0       	breq	.+56     	; 0x5604 <SCH_RunSystemTickTimer+0x78>
    55cc:	a4 81       	ldd	r26, Z+4	; 0x04
    55ce:	b5 81       	ldd	r27, Z+5	; 0x05
    55d0:	2c 91       	ld	r18, X
    55d2:	21 30       	cpi	r18, 0x01	; 1
    55d4:	b9 f7       	brne	.-18     	; 0x55c4 <SCH_RunSystemTickTimer+0x38>
    55d6:	20 81       	ld	r18, Z
    55d8:	21 30       	cpi	r18, 0x01	; 1
    55da:	a1 f7       	brne	.-24     	; 0x55c4 <SCH_RunSystemTickTimer+0x38>
    55dc:	42 81       	ldd	r20, Z+2	; 0x02
    55de:	53 81       	ldd	r21, Z+3	; 0x03
    55e0:	4f 5f       	subi	r20, 0xFF	; 255
    55e2:	5f 4f       	sbci	r21, 0xFF	; 255
    55e4:	53 83       	std	Z+3, r21	; 0x03
    55e6:	42 83       	std	Z+2, r20	; 0x02
    55e8:	12 96       	adiw	r26, 0x02	; 2
    55ea:	6d 91       	ld	r22, X+
    55ec:	7c 91       	ld	r23, X
    55ee:	13 97       	sbiw	r26, 0x03	; 3
    55f0:	46 17       	cp	r20, r22
    55f2:	57 07       	cpc	r21, r23
    55f4:	38 f3       	brcs	.-50     	; 0x55c4 <SCH_RunSystemTickTimer+0x38>
    55f6:	13 82       	std	Z+3, r1	; 0x03
    55f8:	12 82       	std	Z+2, r1	; 0x02
    55fa:	21 83       	std	Z+1, r18	; 0x01
    55fc:	36 96       	adiw	r30, 0x06	; 6
    55fe:	e8 17       	cp	r30, r24
    5600:	f9 07       	cpc	r31, r25
    5602:	21 f7       	brne	.-56     	; 0x55cc <SCH_RunSystemTickTimer+0x40>
    5604:	40 91 ce 09 	lds	r20, 0x09CE	; 0x8009ce <s_NumOfTimers>
    5608:	44 23       	and	r20, r20
    560a:	31 f1       	breq	.+76     	; 0x5658 <SCH_RunSystemTickTimer+0xcc>
    560c:	ef ec       	ldi	r30, 0xCF	; 207
    560e:	f9 e0       	ldi	r31, 0x09	; 9
    5610:	80 e0       	ldi	r24, 0x00	; 0
    5612:	04 c0       	rjmp	.+8      	; 0x561c <SCH_RunSystemTickTimer+0x90>
    5614:	8f 5f       	subi	r24, 0xFF	; 255
    5616:	36 96       	adiw	r30, 0x06	; 6
    5618:	84 17       	cp	r24, r20
    561a:	f1 f0       	breq	.+60     	; 0x5658 <SCH_RunSystemTickTimer+0xcc>
    561c:	90 81       	ld	r25, Z
    561e:	91 30       	cpi	r25, 0x01	; 1
    5620:	c9 f7       	brne	.-14     	; 0x5614 <SCH_RunSystemTickTimer+0x88>
    5622:	22 81       	ldd	r18, Z+2	; 0x02
    5624:	33 81       	ldd	r19, Z+3	; 0x03
    5626:	2f 5f       	subi	r18, 0xFF	; 255
    5628:	3f 4f       	sbci	r19, 0xFF	; 255
    562a:	33 83       	std	Z+3, r19	; 0x03
    562c:	22 83       	std	Z+2, r18	; 0x02
    562e:	a4 81       	ldd	r26, Z+4	; 0x04
    5630:	b5 81       	ldd	r27, Z+5	; 0x05
    5632:	11 96       	adiw	r26, 0x01	; 1
    5634:	6d 91       	ld	r22, X+
    5636:	7c 91       	ld	r23, X
    5638:	12 97       	sbiw	r26, 0x02	; 2
    563a:	26 17       	cp	r18, r22
    563c:	37 07       	cpc	r19, r23
    563e:	50 f3       	brcs	.-44     	; 0x5614 <SCH_RunSystemTickTimer+0x88>
    5640:	91 83       	std	Z+1, r25	; 0x01
    5642:	13 82       	std	Z+3, r1	; 0x03
    5644:	12 82       	std	Z+2, r1	; 0x02
    5646:	2c 91       	ld	r18, X
    5648:	22 30       	cpi	r18, 0x02	; 2
    564a:	09 f0       	breq	.+2      	; 0x564e <SCH_RunSystemTickTimer+0xc2>
    564c:	90 e0       	ldi	r25, 0x00	; 0
    564e:	90 83       	st	Z, r25
    5650:	8f 5f       	subi	r24, 0xFF	; 255
    5652:	36 96       	adiw	r30, 0x06	; 6
    5654:	84 13       	cpse	r24, r20
    5656:	e2 cf       	rjmp	.-60     	; 0x561c <SCH_RunSystemTickTimer+0x90>
    5658:	80 91 5e 0d 	lds	r24, 0x0D5E	; 0x800d5e <s_SoftTimers>
    565c:	90 91 5f 0d 	lds	r25, 0x0D5F	; 0x800d5f <s_SoftTimers+0x1>
    5660:	89 2b       	or	r24, r25
    5662:	49 f0       	breq	.+18     	; 0x5676 <SCH_RunSystemTickTimer+0xea>
    5664:	80 91 5e 0d 	lds	r24, 0x0D5E	; 0x800d5e <s_SoftTimers>
    5668:	90 91 5f 0d 	lds	r25, 0x0D5F	; 0x800d5f <s_SoftTimers+0x1>
    566c:	01 97       	sbiw	r24, 0x01	; 1
    566e:	90 93 5f 0d 	sts	0x0D5F, r25	; 0x800d5f <s_SoftTimers+0x1>
    5672:	80 93 5e 0d 	sts	0x0D5E, r24	; 0x800d5e <s_SoftTimers>
    5676:	80 91 60 0d 	lds	r24, 0x0D60	; 0x800d60 <s_SoftTimers+0x2>
    567a:	90 91 61 0d 	lds	r25, 0x0D61	; 0x800d61 <s_SoftTimers+0x3>
    567e:	89 2b       	or	r24, r25
    5680:	49 f0       	breq	.+18     	; 0x5694 <SCH_RunSystemTickTimer+0x108>
    5682:	80 91 60 0d 	lds	r24, 0x0D60	; 0x800d60 <s_SoftTimers+0x2>
    5686:	90 91 61 0d 	lds	r25, 0x0D61	; 0x800d61 <s_SoftTimers+0x3>
    568a:	01 97       	sbiw	r24, 0x01	; 1
    568c:	90 93 61 0d 	sts	0x0D61, r25	; 0x800d61 <s_SoftTimers+0x3>
    5690:	80 93 60 0d 	sts	0x0D60, r24	; 0x800d60 <s_SoftTimers+0x2>
    5694:	08 95       	ret

00005696 <SCH_StartSchedular>:
    5696:	0c 94 f9 18 	jmp	0x31f2	; 0x31f2 <timer_start_timer0>

0000569a <SCH_HandleScheduledTask>:
    569a:	cf 93       	push	r28
    569c:	20 91 ed 09 	lds	r18, 0x09ED	; 0x8009ed <s_NumOfTaskScheduled>
    56a0:	22 23       	and	r18, r18
    56a2:	29 f1       	breq	.+74     	; 0x56ee <SCH_HandleScheduledTask+0x54>
    56a4:	c0 e0       	ldi	r28, 0x00	; 0
    56a6:	03 c0       	rjmp	.+6      	; 0x56ae <SCH_HandleScheduledTask+0x14>
    56a8:	cf 5f       	subi	r28, 0xFF	; 255
    56aa:	c2 17       	cp	r28, r18
    56ac:	00 f5       	brcc	.+64     	; 0x56ee <SCH_HandleScheduledTask+0x54>
    56ae:	8c 2f       	mov	r24, r28
    56b0:	90 e0       	ldi	r25, 0x00	; 0
    56b2:	fc 01       	movw	r30, r24
    56b4:	ee 0f       	add	r30, r30
    56b6:	ff 1f       	adc	r31, r31
    56b8:	e8 0f       	add	r30, r24
    56ba:	f9 1f       	adc	r31, r25
    56bc:	ee 0f       	add	r30, r30
    56be:	ff 1f       	adc	r31, r31
    56c0:	e2 51       	subi	r30, 0x12	; 18
    56c2:	f6 4f       	sbci	r31, 0xF6	; 246
    56c4:	81 81       	ldd	r24, Z+1	; 0x01
    56c6:	81 30       	cpi	r24, 0x01	; 1
    56c8:	79 f7       	brne	.-34     	; 0x56a8 <SCH_HandleScheduledTask+0xe>
    56ca:	80 81       	ld	r24, Z
    56cc:	81 30       	cpi	r24, 0x01	; 1
    56ce:	61 f7       	brne	.-40     	; 0x56a8 <SCH_HandleScheduledTask+0xe>
    56d0:	11 82       	std	Z+1, r1	; 0x01
    56d2:	04 80       	ldd	r0, Z+4	; 0x04
    56d4:	f5 81       	ldd	r31, Z+5	; 0x05
    56d6:	e0 2d       	mov	r30, r0
    56d8:	04 80       	ldd	r0, Z+4	; 0x04
    56da:	f5 81       	ldd	r31, Z+5	; 0x05
    56dc:	e0 2d       	mov	r30, r0
    56de:	30 97       	sbiw	r30, 0x00	; 0
    56e0:	19 f3       	breq	.-58     	; 0x56a8 <SCH_HandleScheduledTask+0xe>
    56e2:	09 95       	icall
    56e4:	20 91 ed 09 	lds	r18, 0x09ED	; 0x8009ed <s_NumOfTaskScheduled>
    56e8:	cf 5f       	subi	r28, 0xFF	; 255
    56ea:	c2 17       	cp	r28, r18
    56ec:	00 f3       	brcs	.-64     	; 0x56ae <SCH_HandleScheduledTask+0x14>
    56ee:	20 91 ce 09 	lds	r18, 0x09CE	; 0x8009ce <s_NumOfTimers>
    56f2:	22 23       	and	r18, r18
    56f4:	11 f1       	breq	.+68     	; 0x573a <SCH_HandleScheduledTask+0xa0>
    56f6:	c0 e0       	ldi	r28, 0x00	; 0
    56f8:	03 c0       	rjmp	.+6      	; 0x5700 <SCH_HandleScheduledTask+0x66>
    56fa:	cf 5f       	subi	r28, 0xFF	; 255
    56fc:	c2 17       	cp	r28, r18
    56fe:	e8 f4       	brcc	.+58     	; 0x573a <SCH_HandleScheduledTask+0xa0>
    5700:	8c 2f       	mov	r24, r28
    5702:	90 e0       	ldi	r25, 0x00	; 0
    5704:	fc 01       	movw	r30, r24
    5706:	ee 0f       	add	r30, r30
    5708:	ff 1f       	adc	r31, r31
    570a:	e8 0f       	add	r30, r24
    570c:	f9 1f       	adc	r31, r25
    570e:	ee 0f       	add	r30, r30
    5710:	ff 1f       	adc	r31, r31
    5712:	e1 53       	subi	r30, 0x31	; 49
    5714:	f6 4f       	sbci	r31, 0xF6	; 246
    5716:	81 81       	ldd	r24, Z+1	; 0x01
    5718:	81 30       	cpi	r24, 0x01	; 1
    571a:	79 f7       	brne	.-34     	; 0x56fa <SCH_HandleScheduledTask+0x60>
    571c:	11 82       	std	Z+1, r1	; 0x01
    571e:	04 80       	ldd	r0, Z+4	; 0x04
    5720:	f5 81       	ldd	r31, Z+5	; 0x05
    5722:	e0 2d       	mov	r30, r0
    5724:	03 80       	ldd	r0, Z+3	; 0x03
    5726:	f4 81       	ldd	r31, Z+4	; 0x04
    5728:	e0 2d       	mov	r30, r0
    572a:	30 97       	sbiw	r30, 0x00	; 0
    572c:	31 f3       	breq	.-52     	; 0x56fa <SCH_HandleScheduledTask+0x60>
    572e:	09 95       	icall
    5730:	20 91 ce 09 	lds	r18, 0x09CE	; 0x8009ce <s_NumOfTimers>
    5734:	cf 5f       	subi	r28, 0xFF	; 255
    5736:	c2 17       	cp	r28, r18
    5738:	18 f3       	brcs	.-58     	; 0x5700 <SCH_HandleScheduledTask+0x66>
    573a:	cf 91       	pop	r28
    573c:	08 95       	ret

0000573e <__vector_15>:
    573e:	1f 92       	push	r1
    5740:	0f 92       	push	r0
    5742:	0f b6       	in	r0, 0x3f	; 63
    5744:	0f 92       	push	r0
    5746:	11 24       	eor	r1, r1
    5748:	2f 93       	push	r18
    574a:	3f 93       	push	r19
    574c:	4f 93       	push	r20
    574e:	5f 93       	push	r21
    5750:	6f 93       	push	r22
    5752:	7f 93       	push	r23
    5754:	8f 93       	push	r24
    5756:	9f 93       	push	r25
    5758:	af 93       	push	r26
    575a:	bf 93       	push	r27
    575c:	ef 93       	push	r30
    575e:	ff 93       	push	r31
    5760:	0e 94 c6 2a 	call	0x558c	; 0x558c <SCH_RunSystemTickTimer>
    5764:	ff 91       	pop	r31
    5766:	ef 91       	pop	r30
    5768:	bf 91       	pop	r27
    576a:	af 91       	pop	r26
    576c:	9f 91       	pop	r25
    576e:	8f 91       	pop	r24
    5770:	7f 91       	pop	r23
    5772:	6f 91       	pop	r22
    5774:	5f 91       	pop	r21
    5776:	4f 91       	pop	r20
    5778:	3f 91       	pop	r19
    577a:	2f 91       	pop	r18
    577c:	0f 90       	pop	r0
    577e:	0f be       	out	0x3f, r0	; 63
    5780:	0f 90       	pop	r0
    5782:	1f 90       	pop	r1
    5784:	18 95       	reti

00005786 <crc16_CCITT>:
    5786:	fc 01       	movw	r30, r24
    5788:	5f ef       	ldi	r21, 0xFF	; 255
    578a:	54 0f       	add	r21, r20
    578c:	44 23       	and	r20, r20
    578e:	09 f1       	breq	.+66     	; 0x57d2 <crc16_CCITT+0x4c>
    5790:	db 01       	movw	r26, r22
    5792:	2d 91       	ld	r18, X+
    5794:	2f 27       	eor	r18, r31
    5796:	32 2f       	mov	r19, r18
    5798:	32 95       	swap	r19
    579a:	3f 70       	andi	r19, 0x0F	; 15
    579c:	92 2f       	mov	r25, r18
    579e:	93 27       	eor	r25, r19
    57a0:	29 2f       	mov	r18, r25
    57a2:	30 e0       	ldi	r19, 0x00	; 0
    57a4:	fe 2f       	mov	r31, r30
    57a6:	ee 27       	eor	r30, r30
    57a8:	e2 27       	eor	r30, r18
    57aa:	f3 27       	eor	r31, r19
    57ac:	c9 01       	movw	r24, r18
    57ae:	98 2f       	mov	r25, r24
    57b0:	88 27       	eor	r24, r24
    57b2:	92 95       	swap	r25
    57b4:	90 7f       	andi	r25, 0xF0	; 240
    57b6:	e8 27       	eor	r30, r24
    57b8:	f9 27       	eor	r31, r25
    57ba:	22 0f       	add	r18, r18
    57bc:	33 1f       	adc	r19, r19
    57be:	22 95       	swap	r18
    57c0:	32 95       	swap	r19
    57c2:	30 7f       	andi	r19, 0xF0	; 240
    57c4:	32 27       	eor	r19, r18
    57c6:	20 7f       	andi	r18, 0xF0	; 240
    57c8:	32 27       	eor	r19, r18
    57ca:	e2 27       	eor	r30, r18
    57cc:	f3 27       	eor	r31, r19
    57ce:	51 50       	subi	r21, 0x01	; 1
    57d0:	00 f7       	brcc	.-64     	; 0x5792 <crc16_CCITT+0xc>
    57d2:	cf 01       	movw	r24, r30
    57d4:	08 95       	ret

000057d6 <fsp_init>:
    57d6:	80 93 62 0d 	sts	0x0D62, r24	; 0x800d62 <fsp_my_adr>
    57da:	10 92 2a 0a 	sts	0x0A2A, r1	; 0x800a2a <fsp_decode_pos>
    57de:	08 95       	ret

000057e0 <fsp_gen_pkt>:
    57e0:	ef 92       	push	r14
    57e2:	ff 92       	push	r15
    57e4:	0f 93       	push	r16
    57e6:	cf 93       	push	r28
    57e8:	df 93       	push	r29
    57ea:	e7 01       	movw	r28, r14
    57ec:	3a ec       	ldi	r19, 0xCA	; 202
    57ee:	38 83       	st	Y, r19
    57f0:	30 91 62 0d 	lds	r19, 0x0D62	; 0x800d62 <fsp_my_adr>
    57f4:	39 83       	std	Y+1, r19	; 0x01
    57f6:	2a 83       	std	Y+2, r18	; 0x02
    57f8:	4b 83       	std	Y+3, r20	; 0x03
    57fa:	0c 83       	std	Y+4, r16	; 0x04
    57fc:	f7 01       	movw	r30, r14
    57fe:	ed 5b       	subi	r30, 0xBD	; 189
    5800:	ff 4f       	sbci	r31, 0xFF	; 255
    5802:	2f ee       	ldi	r18, 0xEF	; 239
    5804:	20 83       	st	Z, r18
    5806:	00 97       	sbiw	r24, 0x00	; 0
    5808:	41 f1       	breq	.+80     	; 0x585a <fsp_gen_pkt+0x7a>
    580a:	31 e0       	ldi	r19, 0x01	; 1
    580c:	34 0f       	add	r19, r20
    580e:	3b 83       	std	Y+3, r19	; 0x03
    5810:	fc 01       	movw	r30, r24
    5812:	80 81       	ld	r24, Z
    5814:	8d 83       	std	Y+5, r24	; 0x05
    5816:	81 e0       	ldi	r24, 0x01	; 1
    5818:	44 23       	and	r20, r20
    581a:	61 f0       	breq	.+24     	; 0x5834 <fsp_gen_pkt+0x54>
    581c:	fb 01       	movw	r30, r22
    581e:	28 2f       	mov	r18, r24
    5820:	24 0f       	add	r18, r20
    5822:	91 91       	ld	r25, Z+
    5824:	de 01       	movw	r26, r28
    5826:	a8 0f       	add	r26, r24
    5828:	b1 1d       	adc	r27, r1
    582a:	15 96       	adiw	r26, 0x05	; 5
    582c:	9c 93       	st	X, r25
    582e:	8f 5f       	subi	r24, 0xFF	; 255
    5830:	82 13       	cpse	r24, r18
    5832:	f7 cf       	rjmp	.-18     	; 0x5822 <fsp_gen_pkt+0x42>
    5834:	44 e0       	ldi	r20, 0x04	; 4
    5836:	43 0f       	add	r20, r19
    5838:	be 01       	movw	r22, r28
    583a:	6f 5f       	subi	r22, 0xFF	; 255
    583c:	7f 4f       	sbci	r23, 0xFF	; 255
    583e:	80 e0       	ldi	r24, 0x00	; 0
    5840:	90 e0       	ldi	r25, 0x00	; 0
    5842:	0e 94 c3 2b 	call	0x5786	; 0x5786 <crc16_CCITT>
    5846:	cf 5b       	subi	r28, 0xBF	; 191
    5848:	df 4f       	sbci	r29, 0xFF	; 255
    584a:	99 83       	std	Y+1, r25	; 0x01
    584c:	88 83       	st	Y, r24
    584e:	df 91       	pop	r29
    5850:	cf 91       	pop	r28
    5852:	0f 91       	pop	r16
    5854:	ff 90       	pop	r15
    5856:	ef 90       	pop	r14
    5858:	08 95       	ret
    585a:	34 2f       	mov	r19, r20
    585c:	80 e0       	ldi	r24, 0x00	; 0
    585e:	dc cf       	rjmp	.-72     	; 0x5818 <fsp_gen_pkt+0x38>

00005860 <fsp_gen_cmd_w_data_pkt>:
    5860:	ef 92       	push	r14
    5862:	ff 92       	push	r15
    5864:	0f 93       	push	r16
    5866:	cf 93       	push	r28
    5868:	df 93       	push	r29
    586a:	1f 92       	push	r1
    586c:	cd b7       	in	r28, 0x3d	; 61
    586e:	de b7       	in	r29, 0x3e	; 62
    5870:	89 83       	std	Y+1, r24	; 0x01
    5872:	01 30       	cpi	r16, 0x01	; 1
    5874:	61 f0       	breq	.+24     	; 0x588e <fsp_gen_cmd_w_data_pkt+0x2e>
    5876:	07 e0       	ldi	r16, 0x07	; 7
    5878:	ce 01       	movw	r24, r28
    587a:	01 96       	adiw	r24, 0x01	; 1
    587c:	0e 94 f0 2b 	call	0x57e0	; 0x57e0 <fsp_gen_pkt>
    5880:	0f 90       	pop	r0
    5882:	df 91       	pop	r29
    5884:	cf 91       	pop	r28
    5886:	0f 91       	pop	r16
    5888:	ff 90       	pop	r15
    588a:	ef 90       	pop	r14
    588c:	08 95       	ret
    588e:	08 e0       	ldi	r16, 0x08	; 8
    5890:	ce 01       	movw	r24, r28
    5892:	01 96       	adiw	r24, 0x01	; 1
    5894:	0e 94 f0 2b 	call	0x57e0	; 0x57e0 <fsp_gen_pkt>
    5898:	0f 90       	pop	r0
    589a:	df 91       	pop	r29
    589c:	cf 91       	pop	r28
    589e:	0f 91       	pop	r16
    58a0:	ff 90       	pop	r15
    58a2:	ef 90       	pop	r14
    58a4:	08 95       	ret

000058a6 <fsp_encode>:
    58a6:	ef 92       	push	r14
    58a8:	ff 92       	push	r15
    58aa:	0f 93       	push	r16
    58ac:	1f 93       	push	r17
    58ae:	cf 93       	push	r28
    58b0:	df 93       	push	r29
    58b2:	dc 01       	movw	r26, r24
    58b4:	fb 01       	movw	r30, r22
    58b6:	ec 01       	movw	r28, r24
    58b8:	cf 5b       	subi	r28, 0xBF	; 191
    58ba:	df 4f       	sbci	r29, 0xFF	; 255
    58bc:	18 81       	ld	r17, Y
    58be:	09 81       	ldd	r16, Y+1	; 0x01
    58c0:	8c 91       	ld	r24, X
    58c2:	80 83       	st	Z, r24
    58c4:	11 96       	adiw	r26, 0x01	; 1
    58c6:	8c 91       	ld	r24, X
    58c8:	11 97       	sbiw	r26, 0x01	; 1
    58ca:	81 83       	std	Z+1, r24	; 0x01
    58cc:	12 96       	adiw	r26, 0x02	; 2
    58ce:	8c 91       	ld	r24, X
    58d0:	12 97       	sbiw	r26, 0x02	; 2
    58d2:	82 83       	std	Z+2, r24	; 0x02
    58d4:	13 96       	adiw	r26, 0x03	; 3
    58d6:	8c 91       	ld	r24, X
    58d8:	13 97       	sbiw	r26, 0x03	; 3
    58da:	83 83       	std	Z+3, r24	; 0x03
    58dc:	14 96       	adiw	r26, 0x04	; 4
    58de:	8c 91       	ld	r24, X
    58e0:	14 97       	sbiw	r26, 0x04	; 4
    58e2:	84 83       	std	Z+4, r24	; 0x04
    58e4:	13 96       	adiw	r26, 0x03	; 3
    58e6:	8c 91       	ld	r24, X
    58e8:	13 97       	sbiw	r26, 0x03	; 3
    58ea:	88 23       	and	r24, r24
    58ec:	09 f4       	brne	.+2      	; 0x58f0 <fsp_encode+0x4a>
    58ee:	b8 c0       	rjmp	.+368    	; 0x5a60 <fsp_encode+0x1ba>
    58f0:	90 e0       	ldi	r25, 0x00	; 0
    58f2:	25 e0       	ldi	r18, 0x05	; 5
    58f4:	8b ed       	ldi	r24, 0xDB	; 219
    58f6:	e8 2e       	mov	r14, r24
    58f8:	6d eb       	ldi	r22, 0xBD	; 189
    58fa:	3e ed       	ldi	r19, 0xDE	; 222
    58fc:	f3 2e       	mov	r15, r19
    58fe:	7c ed       	ldi	r23, 0xDC	; 220
    5900:	0e c0       	rjmp	.+28     	; 0x591e <fsp_encode+0x78>
    5902:	3f 3e       	cpi	r19, 0xEF	; 239
    5904:	09 f4       	brne	.+2      	; 0x5908 <fsp_encode+0x62>
    5906:	4f c0       	rjmp	.+158    	; 0x59a6 <fsp_encode+0x100>
    5908:	38 83       	st	Y, r19
    590a:	3d 3b       	cpi	r19, 0xBD	; 189
    590c:	09 f4       	brne	.+2      	; 0x5910 <fsp_encode+0x6a>
    590e:	54 c0       	rjmp	.+168    	; 0x59b8 <fsp_encode+0x112>
    5910:	2f 5f       	subi	r18, 0xFF	; 255
    5912:	9f 5f       	subi	r25, 0xFF	; 255
    5914:	13 96       	adiw	r26, 0x03	; 3
    5916:	8c 91       	ld	r24, X
    5918:	13 97       	sbiw	r26, 0x03	; 3
    591a:	98 17       	cp	r25, r24
    591c:	b8 f4       	brcc	.+46     	; 0x594c <fsp_encode+0xa6>
    591e:	ed 01       	movw	r28, r26
    5920:	c9 0f       	add	r28, r25
    5922:	d1 1d       	adc	r29, r1
    5924:	3d 81       	ldd	r19, Y+5	; 0x05
    5926:	ef 01       	movw	r28, r30
    5928:	c2 0f       	add	r28, r18
    592a:	d1 1d       	adc	r29, r1
    592c:	3a 3c       	cpi	r19, 0xCA	; 202
    592e:	49 f7       	brne	.-46     	; 0x5902 <fsp_encode+0x5c>
    5930:	68 83       	st	Y, r22
    5932:	81 e0       	ldi	r24, 0x01	; 1
    5934:	82 0f       	add	r24, r18
    5936:	ef 01       	movw	r28, r30
    5938:	c8 0f       	add	r28, r24
    593a:	d1 1d       	adc	r29, r1
    593c:	2e 5f       	subi	r18, 0xFE	; 254
    593e:	78 83       	st	Y, r23
    5940:	9f 5f       	subi	r25, 0xFF	; 255
    5942:	13 96       	adiw	r26, 0x03	; 3
    5944:	8c 91       	ld	r24, X
    5946:	13 97       	sbiw	r26, 0x03	; 3
    5948:	98 17       	cp	r25, r24
    594a:	48 f3       	brcs	.-46     	; 0x591e <fsp_encode+0x78>
    594c:	a2 2f       	mov	r26, r18
    594e:	b0 e0       	ldi	r27, 0x00	; 0
    5950:	81 e0       	ldi	r24, 0x01	; 1
    5952:	82 0f       	add	r24, r18
    5954:	68 2f       	mov	r22, r24
    5956:	70 e0       	ldi	r23, 0x00	; 0
    5958:	ae 0f       	add	r26, r30
    595a:	bf 1f       	adc	r27, r31
    595c:	0a 3c       	cpi	r16, 0xCA	; 202
    595e:	a1 f1       	breq	.+104    	; 0x59c8 <fsp_encode+0x122>
    5960:	0f 3e       	cpi	r16, 0xEF	; 239
    5962:	09 f4       	brne	.+2      	; 0x5966 <fsp_encode+0xc0>
    5964:	4c c0       	rjmp	.+152    	; 0x59fe <fsp_encode+0x158>
    5966:	0c 93       	st	X, r16
    5968:	0d 3b       	cpi	r16, 0xBD	; 189
    596a:	09 f4       	brne	.+2      	; 0x596e <fsp_encode+0xc8>
    596c:	54 c0       	rjmp	.+168    	; 0x5a16 <fsp_encode+0x170>
    596e:	1a 3c       	cpi	r17, 0xCA	; 202
    5970:	c1 f1       	breq	.+112    	; 0x59e2 <fsp_encode+0x13c>
    5972:	1f 3e       	cpi	r17, 0xEF	; 239
    5974:	09 f4       	brne	.+2      	; 0x5978 <fsp_encode+0xd2>
    5976:	59 c0       	rjmp	.+178    	; 0x5a2a <fsp_encode+0x184>
    5978:	1d 3b       	cpi	r17, 0xBD	; 189
    597a:	09 f4       	brne	.+2      	; 0x597e <fsp_encode+0xd8>
    597c:	64 c0       	rjmp	.+200    	; 0x5a46 <fsp_encode+0x1a0>
    597e:	91 e0       	ldi	r25, 0x01	; 1
    5980:	98 0f       	add	r25, r24
    5982:	df 01       	movw	r26, r30
    5984:	a6 0f       	add	r26, r22
    5986:	b7 1f       	adc	r27, r23
    5988:	1c 93       	st	X, r17
    598a:	e9 0f       	add	r30, r25
    598c:	f1 1d       	adc	r31, r1
    598e:	8f ee       	ldi	r24, 0xEF	; 239
    5990:	80 83       	st	Z, r24
    5992:	9f 5f       	subi	r25, 0xFF	; 255
    5994:	fa 01       	movw	r30, r20
    5996:	90 83       	st	Z, r25
    5998:	df 91       	pop	r29
    599a:	cf 91       	pop	r28
    599c:	1f 91       	pop	r17
    599e:	0f 91       	pop	r16
    59a0:	ff 90       	pop	r15
    59a2:	ef 90       	pop	r14
    59a4:	08 95       	ret
    59a6:	68 83       	st	Y, r22
    59a8:	81 e0       	ldi	r24, 0x01	; 1
    59aa:	82 0f       	add	r24, r18
    59ac:	ef 01       	movw	r28, r30
    59ae:	c8 0f       	add	r28, r24
    59b0:	d1 1d       	adc	r29, r1
    59b2:	2e 5f       	subi	r18, 0xFE	; 254
    59b4:	f8 82       	st	Y, r15
    59b6:	ad cf       	rjmp	.-166    	; 0x5912 <fsp_encode+0x6c>
    59b8:	81 e0       	ldi	r24, 0x01	; 1
    59ba:	82 0f       	add	r24, r18
    59bc:	ef 01       	movw	r28, r30
    59be:	c8 0f       	add	r28, r24
    59c0:	d1 1d       	adc	r29, r1
    59c2:	2e 5f       	subi	r18, 0xFE	; 254
    59c4:	e8 82       	st	Y, r14
    59c6:	a5 cf       	rjmp	.-182    	; 0x5912 <fsp_encode+0x6c>
    59c8:	8d eb       	ldi	r24, 0xBD	; 189
    59ca:	8c 93       	st	X, r24
    59cc:	82 e0       	ldi	r24, 0x02	; 2
    59ce:	82 0f       	add	r24, r18
    59d0:	df 01       	movw	r26, r30
    59d2:	a6 0f       	add	r26, r22
    59d4:	b7 1f       	adc	r27, r23
    59d6:	9c ed       	ldi	r25, 0xDC	; 220
    59d8:	9c 93       	st	X, r25
    59da:	68 2f       	mov	r22, r24
    59dc:	70 e0       	ldi	r23, 0x00	; 0
    59de:	1a 3c       	cpi	r17, 0xCA	; 202
    59e0:	41 f6       	brne	.-112    	; 0x5972 <fsp_encode+0xcc>
    59e2:	df 01       	movw	r26, r30
    59e4:	a6 0f       	add	r26, r22
    59e6:	b7 1f       	adc	r27, r23
    59e8:	9d eb       	ldi	r25, 0xBD	; 189
    59ea:	9c 93       	st	X, r25
    59ec:	92 e0       	ldi	r25, 0x02	; 2
    59ee:	98 0f       	add	r25, r24
    59f0:	8f 5f       	subi	r24, 0xFF	; 255
    59f2:	df 01       	movw	r26, r30
    59f4:	a8 0f       	add	r26, r24
    59f6:	b1 1d       	adc	r27, r1
    59f8:	8c ed       	ldi	r24, 0xDC	; 220
    59fa:	8c 93       	st	X, r24
    59fc:	c6 cf       	rjmp	.-116    	; 0x598a <fsp_encode+0xe4>
    59fe:	8d eb       	ldi	r24, 0xBD	; 189
    5a00:	8c 93       	st	X, r24
    5a02:	82 e0       	ldi	r24, 0x02	; 2
    5a04:	82 0f       	add	r24, r18
    5a06:	df 01       	movw	r26, r30
    5a08:	a6 0f       	add	r26, r22
    5a0a:	b7 1f       	adc	r27, r23
    5a0c:	9e ed       	ldi	r25, 0xDE	; 222
    5a0e:	9c 93       	st	X, r25
    5a10:	68 2f       	mov	r22, r24
    5a12:	70 e0       	ldi	r23, 0x00	; 0
    5a14:	ac cf       	rjmp	.-168    	; 0x596e <fsp_encode+0xc8>
    5a16:	82 e0       	ldi	r24, 0x02	; 2
    5a18:	82 0f       	add	r24, r18
    5a1a:	df 01       	movw	r26, r30
    5a1c:	a6 0f       	add	r26, r22
    5a1e:	b7 1f       	adc	r27, r23
    5a20:	9b ed       	ldi	r25, 0xDB	; 219
    5a22:	9c 93       	st	X, r25
    5a24:	68 2f       	mov	r22, r24
    5a26:	70 e0       	ldi	r23, 0x00	; 0
    5a28:	a2 cf       	rjmp	.-188    	; 0x596e <fsp_encode+0xc8>
    5a2a:	df 01       	movw	r26, r30
    5a2c:	a6 0f       	add	r26, r22
    5a2e:	b7 1f       	adc	r27, r23
    5a30:	9d eb       	ldi	r25, 0xBD	; 189
    5a32:	9c 93       	st	X, r25
    5a34:	92 e0       	ldi	r25, 0x02	; 2
    5a36:	98 0f       	add	r25, r24
    5a38:	8f 5f       	subi	r24, 0xFF	; 255
    5a3a:	df 01       	movw	r26, r30
    5a3c:	a8 0f       	add	r26, r24
    5a3e:	b1 1d       	adc	r27, r1
    5a40:	8e ed       	ldi	r24, 0xDE	; 222
    5a42:	8c 93       	st	X, r24
    5a44:	a2 cf       	rjmp	.-188    	; 0x598a <fsp_encode+0xe4>
    5a46:	df 01       	movw	r26, r30
    5a48:	a6 0f       	add	r26, r22
    5a4a:	b7 1f       	adc	r27, r23
    5a4c:	1c 93       	st	X, r17
    5a4e:	92 e0       	ldi	r25, 0x02	; 2
    5a50:	98 0f       	add	r25, r24
    5a52:	8f 5f       	subi	r24, 0xFF	; 255
    5a54:	df 01       	movw	r26, r30
    5a56:	a8 0f       	add	r26, r24
    5a58:	b1 1d       	adc	r27, r1
    5a5a:	8b ed       	ldi	r24, 0xDB	; 219
    5a5c:	8c 93       	st	X, r24
    5a5e:	95 cf       	rjmp	.-214    	; 0x598a <fsp_encode+0xe4>
    5a60:	86 e0       	ldi	r24, 0x06	; 6
    5a62:	66 e0       	ldi	r22, 0x06	; 6
    5a64:	70 e0       	ldi	r23, 0x00	; 0
    5a66:	a5 e0       	ldi	r26, 0x05	; 5
    5a68:	b0 e0       	ldi	r27, 0x00	; 0
    5a6a:	25 e0       	ldi	r18, 0x05	; 5
    5a6c:	75 cf       	rjmp	.-278    	; 0x5958 <fsp_encode+0xb2>

00005a6e <frame_decode>:
    5a6e:	0f 93       	push	r16
    5a70:	1f 93       	push	r17
    5a72:	cf 93       	push	r28
    5a74:	df 93       	push	r29
    5a76:	dc 01       	movw	r26, r24
    5a78:	65 30       	cpi	r22, 0x05	; 5
    5a7a:	38 f4       	brcc	.+14     	; 0x5a8a <frame_decode+0x1c>
    5a7c:	82 e0       	ldi	r24, 0x02	; 2
    5a7e:	90 e0       	ldi	r25, 0x00	; 0
    5a80:	df 91       	pop	r29
    5a82:	cf 91       	pop	r28
    5a84:	1f 91       	pop	r17
    5a86:	0f 91       	pop	r16
    5a88:	08 95       	ret
    5a8a:	8c 91       	ld	r24, X
    5a8c:	fa 01       	movw	r30, r20
    5a8e:	81 83       	std	Z+1, r24	; 0x01
    5a90:	11 96       	adiw	r26, 0x01	; 1
    5a92:	8c 91       	ld	r24, X
    5a94:	11 97       	sbiw	r26, 0x01	; 1
    5a96:	82 83       	std	Z+2, r24	; 0x02
    5a98:	12 96       	adiw	r26, 0x02	; 2
    5a9a:	8c 91       	ld	r24, X
    5a9c:	12 97       	sbiw	r26, 0x02	; 2
    5a9e:	83 83       	std	Z+3, r24	; 0x03
    5aa0:	13 96       	adiw	r26, 0x03	; 3
    5aa2:	9c 91       	ld	r25, X
    5aa4:	13 97       	sbiw	r26, 0x03	; 3
    5aa6:	94 83       	std	Z+4, r25	; 0x04
    5aa8:	70 e0       	ldi	r23, 0x00	; 0
    5aaa:	eb 01       	movw	r28, r22
    5aac:	22 97       	sbiw	r28, 0x02	; 2
    5aae:	c5 30       	cpi	r28, 0x05	; 5
    5ab0:	d1 05       	cpc	r29, r1
    5ab2:	8c f0       	brlt	.+34     	; 0x5ad6 <frame_decode+0x68>
    5ab4:	94 e0       	ldi	r25, 0x04	; 4
    5ab6:	fd 01       	movw	r30, r26
    5ab8:	e9 0f       	add	r30, r25
    5aba:	f1 1d       	adc	r31, r1
    5abc:	20 81       	ld	r18, Z
    5abe:	3c ef       	ldi	r19, 0xFC	; 252
    5ac0:	39 0f       	add	r19, r25
    5ac2:	fa 01       	movw	r30, r20
    5ac4:	e3 0f       	add	r30, r19
    5ac6:	f1 1d       	adc	r31, r1
    5ac8:	25 83       	std	Z+5, r18	; 0x05
    5aca:	9f 5f       	subi	r25, 0xFF	; 255
    5acc:	29 2f       	mov	r18, r25
    5ace:	30 e0       	ldi	r19, 0x00	; 0
    5ad0:	2c 17       	cp	r18, r28
    5ad2:	3d 07       	cpc	r19, r29
    5ad4:	84 f3       	brlt	.-32     	; 0x5ab6 <frame_decode+0x48>
    5ad6:	8d 33       	cpi	r24, 0x3D	; 61
    5ad8:	38 f0       	brcs	.+14     	; 0x5ae8 <frame_decode+0x7a>
    5ada:	86 e0       	ldi	r24, 0x06	; 6
    5adc:	90 e0       	ldi	r25, 0x00	; 0
    5ade:	df 91       	pop	r29
    5ae0:	cf 91       	pop	r28
    5ae2:	1f 91       	pop	r17
    5ae4:	0f 91       	pop	r16
    5ae6:	08 95       	ret
    5ae8:	28 2f       	mov	r18, r24
    5aea:	30 e0       	ldi	r19, 0x00	; 0
    5aec:	66 50       	subi	r22, 0x06	; 6
    5aee:	71 09       	sbc	r23, r1
    5af0:	26 17       	cp	r18, r22
    5af2:	37 07       	cpc	r19, r23
    5af4:	91 f7       	brne	.-28     	; 0x5ada <frame_decode+0x6c>
    5af6:	ea 01       	movw	r28, r20
    5af8:	44 e0       	ldi	r20, 0x04	; 4
    5afa:	48 0f       	add	r20, r24
    5afc:	fd 01       	movw	r30, r26
    5afe:	e4 0f       	add	r30, r20
    5b00:	f1 1d       	adc	r31, r1
    5b02:	00 81       	ld	r16, Z
    5b04:	10 e0       	ldi	r17, 0x00	; 0
    5b06:	10 2f       	mov	r17, r16
    5b08:	00 27       	eor	r16, r16
    5b0a:	8b 5f       	subi	r24, 0xFB	; 251
    5b0c:	a8 0f       	add	r26, r24
    5b0e:	b1 1d       	adc	r27, r1
    5b10:	8c 91       	ld	r24, X
    5b12:	08 2b       	or	r16, r24
    5b14:	be 01       	movw	r22, r28
    5b16:	6f 5f       	subi	r22, 0xFF	; 255
    5b18:	7f 4f       	sbci	r23, 0xFF	; 255
    5b1a:	80 e0       	ldi	r24, 0x00	; 0
    5b1c:	90 e0       	ldi	r25, 0x00	; 0
    5b1e:	0e 94 c3 2b 	call	0x5786	; 0x5786 <crc16_CCITT>
    5b22:	08 17       	cp	r16, r24
    5b24:	19 07       	cpc	r17, r25
    5b26:	19 f0       	breq	.+6      	; 0x5b2e <frame_decode+0xc0>
    5b28:	85 e0       	ldi	r24, 0x05	; 5
    5b2a:	90 e0       	ldi	r25, 0x00	; 0
    5b2c:	a9 cf       	rjmp	.-174    	; 0x5a80 <frame_decode+0x12>
    5b2e:	9a 81       	ldd	r25, Y+2	; 0x02
    5b30:	80 91 62 0d 	lds	r24, 0x0D62	; 0x800d62 <fsp_my_adr>
    5b34:	98 17       	cp	r25, r24
    5b36:	19 f0       	breq	.+6      	; 0x5b3e <frame_decode+0xd0>
    5b38:	83 e0       	ldi	r24, 0x03	; 3
    5b3a:	90 e0       	ldi	r25, 0x00	; 0
    5b3c:	a1 cf       	rjmp	.-190    	; 0x5a80 <frame_decode+0x12>
    5b3e:	81 e0       	ldi	r24, 0x01	; 1
    5b40:	90 e0       	ldi	r25, 0x00	; 0
    5b42:	9e cf       	rjmp	.-196    	; 0x5a80 <frame_decode+0x12>

00005b44 <__subsf3>:
    5b44:	50 58       	subi	r21, 0x80	; 128

00005b46 <__addsf3>:
    5b46:	bb 27       	eor	r27, r27
    5b48:	aa 27       	eor	r26, r26
    5b4a:	0e 94 ba 2d 	call	0x5b74	; 0x5b74 <__addsf3x>
    5b4e:	0c 94 0b 2f 	jmp	0x5e16	; 0x5e16 <__fp_round>
    5b52:	0e 94 fd 2e 	call	0x5dfa	; 0x5dfa <__fp_pscA>
    5b56:	38 f0       	brcs	.+14     	; 0x5b66 <__addsf3+0x20>
    5b58:	0e 94 04 2f 	call	0x5e08	; 0x5e08 <__fp_pscB>
    5b5c:	20 f0       	brcs	.+8      	; 0x5b66 <__addsf3+0x20>
    5b5e:	39 f4       	brne	.+14     	; 0x5b6e <__addsf3+0x28>
    5b60:	9f 3f       	cpi	r25, 0xFF	; 255
    5b62:	19 f4       	brne	.+6      	; 0x5b6a <__addsf3+0x24>
    5b64:	26 f4       	brtc	.+8      	; 0x5b6e <__addsf3+0x28>
    5b66:	0c 94 fa 2e 	jmp	0x5df4	; 0x5df4 <__fp_nan>
    5b6a:	0e f4       	brtc	.+2      	; 0x5b6e <__addsf3+0x28>
    5b6c:	e0 95       	com	r30
    5b6e:	e7 fb       	bst	r30, 7
    5b70:	0c 94 f4 2e 	jmp	0x5de8	; 0x5de8 <__fp_inf>

00005b74 <__addsf3x>:
    5b74:	e9 2f       	mov	r30, r25
    5b76:	0e 94 1c 2f 	call	0x5e38	; 0x5e38 <__fp_split3>
    5b7a:	58 f3       	brcs	.-42     	; 0x5b52 <__addsf3+0xc>
    5b7c:	ba 17       	cp	r27, r26
    5b7e:	62 07       	cpc	r22, r18
    5b80:	73 07       	cpc	r23, r19
    5b82:	84 07       	cpc	r24, r20
    5b84:	95 07       	cpc	r25, r21
    5b86:	20 f0       	brcs	.+8      	; 0x5b90 <__addsf3x+0x1c>
    5b88:	79 f4       	brne	.+30     	; 0x5ba8 <__addsf3x+0x34>
    5b8a:	a6 f5       	brtc	.+104    	; 0x5bf4 <__addsf3x+0x80>
    5b8c:	0c 94 3e 2f 	jmp	0x5e7c	; 0x5e7c <__fp_zero>
    5b90:	0e f4       	brtc	.+2      	; 0x5b94 <__addsf3x+0x20>
    5b92:	e0 95       	com	r30
    5b94:	0b 2e       	mov	r0, r27
    5b96:	ba 2f       	mov	r27, r26
    5b98:	a0 2d       	mov	r26, r0
    5b9a:	0b 01       	movw	r0, r22
    5b9c:	b9 01       	movw	r22, r18
    5b9e:	90 01       	movw	r18, r0
    5ba0:	0c 01       	movw	r0, r24
    5ba2:	ca 01       	movw	r24, r20
    5ba4:	a0 01       	movw	r20, r0
    5ba6:	11 24       	eor	r1, r1
    5ba8:	ff 27       	eor	r31, r31
    5baa:	59 1b       	sub	r21, r25
    5bac:	99 f0       	breq	.+38     	; 0x5bd4 <__addsf3x+0x60>
    5bae:	59 3f       	cpi	r21, 0xF9	; 249
    5bb0:	50 f4       	brcc	.+20     	; 0x5bc6 <__addsf3x+0x52>
    5bb2:	50 3e       	cpi	r21, 0xE0	; 224
    5bb4:	68 f1       	brcs	.+90     	; 0x5c10 <__addsf3x+0x9c>
    5bb6:	1a 16       	cp	r1, r26
    5bb8:	f0 40       	sbci	r31, 0x00	; 0
    5bba:	a2 2f       	mov	r26, r18
    5bbc:	23 2f       	mov	r18, r19
    5bbe:	34 2f       	mov	r19, r20
    5bc0:	44 27       	eor	r20, r20
    5bc2:	58 5f       	subi	r21, 0xF8	; 248
    5bc4:	f3 cf       	rjmp	.-26     	; 0x5bac <__addsf3x+0x38>
    5bc6:	46 95       	lsr	r20
    5bc8:	37 95       	ror	r19
    5bca:	27 95       	ror	r18
    5bcc:	a7 95       	ror	r26
    5bce:	f0 40       	sbci	r31, 0x00	; 0
    5bd0:	53 95       	inc	r21
    5bd2:	c9 f7       	brne	.-14     	; 0x5bc6 <__addsf3x+0x52>
    5bd4:	7e f4       	brtc	.+30     	; 0x5bf4 <__addsf3x+0x80>
    5bd6:	1f 16       	cp	r1, r31
    5bd8:	ba 0b       	sbc	r27, r26
    5bda:	62 0b       	sbc	r22, r18
    5bdc:	73 0b       	sbc	r23, r19
    5bde:	84 0b       	sbc	r24, r20
    5be0:	ba f0       	brmi	.+46     	; 0x5c10 <__addsf3x+0x9c>
    5be2:	91 50       	subi	r25, 0x01	; 1
    5be4:	a1 f0       	breq	.+40     	; 0x5c0e <__addsf3x+0x9a>
    5be6:	ff 0f       	add	r31, r31
    5be8:	bb 1f       	adc	r27, r27
    5bea:	66 1f       	adc	r22, r22
    5bec:	77 1f       	adc	r23, r23
    5bee:	88 1f       	adc	r24, r24
    5bf0:	c2 f7       	brpl	.-16     	; 0x5be2 <__addsf3x+0x6e>
    5bf2:	0e c0       	rjmp	.+28     	; 0x5c10 <__addsf3x+0x9c>
    5bf4:	ba 0f       	add	r27, r26
    5bf6:	62 1f       	adc	r22, r18
    5bf8:	73 1f       	adc	r23, r19
    5bfa:	84 1f       	adc	r24, r20
    5bfc:	48 f4       	brcc	.+18     	; 0x5c10 <__addsf3x+0x9c>
    5bfe:	87 95       	ror	r24
    5c00:	77 95       	ror	r23
    5c02:	67 95       	ror	r22
    5c04:	b7 95       	ror	r27
    5c06:	f7 95       	ror	r31
    5c08:	9e 3f       	cpi	r25, 0xFE	; 254
    5c0a:	08 f0       	brcs	.+2      	; 0x5c0e <__addsf3x+0x9a>
    5c0c:	b0 cf       	rjmp	.-160    	; 0x5b6e <__addsf3+0x28>
    5c0e:	93 95       	inc	r25
    5c10:	88 0f       	add	r24, r24
    5c12:	08 f0       	brcs	.+2      	; 0x5c16 <__addsf3x+0xa2>
    5c14:	99 27       	eor	r25, r25
    5c16:	ee 0f       	add	r30, r30
    5c18:	97 95       	ror	r25
    5c1a:	87 95       	ror	r24
    5c1c:	08 95       	ret

00005c1e <__divsf3>:
    5c1e:	0e 94 23 2e 	call	0x5c46	; 0x5c46 <__divsf3x>
    5c22:	0c 94 0b 2f 	jmp	0x5e16	; 0x5e16 <__fp_round>
    5c26:	0e 94 04 2f 	call	0x5e08	; 0x5e08 <__fp_pscB>
    5c2a:	58 f0       	brcs	.+22     	; 0x5c42 <__divsf3+0x24>
    5c2c:	0e 94 fd 2e 	call	0x5dfa	; 0x5dfa <__fp_pscA>
    5c30:	40 f0       	brcs	.+16     	; 0x5c42 <__divsf3+0x24>
    5c32:	29 f4       	brne	.+10     	; 0x5c3e <__divsf3+0x20>
    5c34:	5f 3f       	cpi	r21, 0xFF	; 255
    5c36:	29 f0       	breq	.+10     	; 0x5c42 <__divsf3+0x24>
    5c38:	0c 94 f4 2e 	jmp	0x5de8	; 0x5de8 <__fp_inf>
    5c3c:	51 11       	cpse	r21, r1
    5c3e:	0c 94 3f 2f 	jmp	0x5e7e	; 0x5e7e <__fp_szero>
    5c42:	0c 94 fa 2e 	jmp	0x5df4	; 0x5df4 <__fp_nan>

00005c46 <__divsf3x>:
    5c46:	0e 94 1c 2f 	call	0x5e38	; 0x5e38 <__fp_split3>
    5c4a:	68 f3       	brcs	.-38     	; 0x5c26 <__divsf3+0x8>

00005c4c <__divsf3_pse>:
    5c4c:	99 23       	and	r25, r25
    5c4e:	b1 f3       	breq	.-20     	; 0x5c3c <__divsf3+0x1e>
    5c50:	55 23       	and	r21, r21
    5c52:	91 f3       	breq	.-28     	; 0x5c38 <__divsf3+0x1a>
    5c54:	95 1b       	sub	r25, r21
    5c56:	55 0b       	sbc	r21, r21
    5c58:	bb 27       	eor	r27, r27
    5c5a:	aa 27       	eor	r26, r26
    5c5c:	62 17       	cp	r22, r18
    5c5e:	73 07       	cpc	r23, r19
    5c60:	84 07       	cpc	r24, r20
    5c62:	38 f0       	brcs	.+14     	; 0x5c72 <__divsf3_pse+0x26>
    5c64:	9f 5f       	subi	r25, 0xFF	; 255
    5c66:	5f 4f       	sbci	r21, 0xFF	; 255
    5c68:	22 0f       	add	r18, r18
    5c6a:	33 1f       	adc	r19, r19
    5c6c:	44 1f       	adc	r20, r20
    5c6e:	aa 1f       	adc	r26, r26
    5c70:	a9 f3       	breq	.-22     	; 0x5c5c <__divsf3_pse+0x10>
    5c72:	35 d0       	rcall	.+106    	; 0x5cde <__divsf3_pse+0x92>
    5c74:	0e 2e       	mov	r0, r30
    5c76:	3a f0       	brmi	.+14     	; 0x5c86 <__divsf3_pse+0x3a>
    5c78:	e0 e8       	ldi	r30, 0x80	; 128
    5c7a:	32 d0       	rcall	.+100    	; 0x5ce0 <__divsf3_pse+0x94>
    5c7c:	91 50       	subi	r25, 0x01	; 1
    5c7e:	50 40       	sbci	r21, 0x00	; 0
    5c80:	e6 95       	lsr	r30
    5c82:	00 1c       	adc	r0, r0
    5c84:	ca f7       	brpl	.-14     	; 0x5c78 <__divsf3_pse+0x2c>
    5c86:	2b d0       	rcall	.+86     	; 0x5cde <__divsf3_pse+0x92>
    5c88:	fe 2f       	mov	r31, r30
    5c8a:	29 d0       	rcall	.+82     	; 0x5cde <__divsf3_pse+0x92>
    5c8c:	66 0f       	add	r22, r22
    5c8e:	77 1f       	adc	r23, r23
    5c90:	88 1f       	adc	r24, r24
    5c92:	bb 1f       	adc	r27, r27
    5c94:	26 17       	cp	r18, r22
    5c96:	37 07       	cpc	r19, r23
    5c98:	48 07       	cpc	r20, r24
    5c9a:	ab 07       	cpc	r26, r27
    5c9c:	b0 e8       	ldi	r27, 0x80	; 128
    5c9e:	09 f0       	breq	.+2      	; 0x5ca2 <__divsf3_pse+0x56>
    5ca0:	bb 0b       	sbc	r27, r27
    5ca2:	80 2d       	mov	r24, r0
    5ca4:	bf 01       	movw	r22, r30
    5ca6:	ff 27       	eor	r31, r31
    5ca8:	93 58       	subi	r25, 0x83	; 131
    5caa:	5f 4f       	sbci	r21, 0xFF	; 255
    5cac:	3a f0       	brmi	.+14     	; 0x5cbc <__divsf3_pse+0x70>
    5cae:	9e 3f       	cpi	r25, 0xFE	; 254
    5cb0:	51 05       	cpc	r21, r1
    5cb2:	78 f0       	brcs	.+30     	; 0x5cd2 <__divsf3_pse+0x86>
    5cb4:	0c 94 f4 2e 	jmp	0x5de8	; 0x5de8 <__fp_inf>
    5cb8:	0c 94 3f 2f 	jmp	0x5e7e	; 0x5e7e <__fp_szero>
    5cbc:	5f 3f       	cpi	r21, 0xFF	; 255
    5cbe:	e4 f3       	brlt	.-8      	; 0x5cb8 <__divsf3_pse+0x6c>
    5cc0:	98 3e       	cpi	r25, 0xE8	; 232
    5cc2:	d4 f3       	brlt	.-12     	; 0x5cb8 <__divsf3_pse+0x6c>
    5cc4:	86 95       	lsr	r24
    5cc6:	77 95       	ror	r23
    5cc8:	67 95       	ror	r22
    5cca:	b7 95       	ror	r27
    5ccc:	f7 95       	ror	r31
    5cce:	9f 5f       	subi	r25, 0xFF	; 255
    5cd0:	c9 f7       	brne	.-14     	; 0x5cc4 <__divsf3_pse+0x78>
    5cd2:	88 0f       	add	r24, r24
    5cd4:	91 1d       	adc	r25, r1
    5cd6:	96 95       	lsr	r25
    5cd8:	87 95       	ror	r24
    5cda:	97 f9       	bld	r25, 7
    5cdc:	08 95       	ret
    5cde:	e1 e0       	ldi	r30, 0x01	; 1
    5ce0:	66 0f       	add	r22, r22
    5ce2:	77 1f       	adc	r23, r23
    5ce4:	88 1f       	adc	r24, r24
    5ce6:	bb 1f       	adc	r27, r27
    5ce8:	62 17       	cp	r22, r18
    5cea:	73 07       	cpc	r23, r19
    5cec:	84 07       	cpc	r24, r20
    5cee:	ba 07       	cpc	r27, r26
    5cf0:	20 f0       	brcs	.+8      	; 0x5cfa <__divsf3_pse+0xae>
    5cf2:	62 1b       	sub	r22, r18
    5cf4:	73 0b       	sbc	r23, r19
    5cf6:	84 0b       	sbc	r24, r20
    5cf8:	ba 0b       	sbc	r27, r26
    5cfa:	ee 1f       	adc	r30, r30
    5cfc:	88 f7       	brcc	.-30     	; 0x5ce0 <__divsf3_pse+0x94>
    5cfe:	e0 95       	com	r30
    5d00:	08 95       	ret

00005d02 <__fixsfsi>:
    5d02:	0e 94 88 2e 	call	0x5d10	; 0x5d10 <__fixunssfsi>
    5d06:	68 94       	set
    5d08:	b1 11       	cpse	r27, r1
    5d0a:	0c 94 3f 2f 	jmp	0x5e7e	; 0x5e7e <__fp_szero>
    5d0e:	08 95       	ret

00005d10 <__fixunssfsi>:
    5d10:	0e 94 24 2f 	call	0x5e48	; 0x5e48 <__fp_splitA>
    5d14:	88 f0       	brcs	.+34     	; 0x5d38 <__fixunssfsi+0x28>
    5d16:	9f 57       	subi	r25, 0x7F	; 127
    5d18:	98 f0       	brcs	.+38     	; 0x5d40 <__fixunssfsi+0x30>
    5d1a:	b9 2f       	mov	r27, r25
    5d1c:	99 27       	eor	r25, r25
    5d1e:	b7 51       	subi	r27, 0x17	; 23
    5d20:	b0 f0       	brcs	.+44     	; 0x5d4e <__fixunssfsi+0x3e>
    5d22:	e1 f0       	breq	.+56     	; 0x5d5c <__fixunssfsi+0x4c>
    5d24:	66 0f       	add	r22, r22
    5d26:	77 1f       	adc	r23, r23
    5d28:	88 1f       	adc	r24, r24
    5d2a:	99 1f       	adc	r25, r25
    5d2c:	1a f0       	brmi	.+6      	; 0x5d34 <__fixunssfsi+0x24>
    5d2e:	ba 95       	dec	r27
    5d30:	c9 f7       	brne	.-14     	; 0x5d24 <__fixunssfsi+0x14>
    5d32:	14 c0       	rjmp	.+40     	; 0x5d5c <__fixunssfsi+0x4c>
    5d34:	b1 30       	cpi	r27, 0x01	; 1
    5d36:	91 f0       	breq	.+36     	; 0x5d5c <__fixunssfsi+0x4c>
    5d38:	0e 94 3e 2f 	call	0x5e7c	; 0x5e7c <__fp_zero>
    5d3c:	b1 e0       	ldi	r27, 0x01	; 1
    5d3e:	08 95       	ret
    5d40:	0c 94 3e 2f 	jmp	0x5e7c	; 0x5e7c <__fp_zero>
    5d44:	67 2f       	mov	r22, r23
    5d46:	78 2f       	mov	r23, r24
    5d48:	88 27       	eor	r24, r24
    5d4a:	b8 5f       	subi	r27, 0xF8	; 248
    5d4c:	39 f0       	breq	.+14     	; 0x5d5c <__fixunssfsi+0x4c>
    5d4e:	b9 3f       	cpi	r27, 0xF9	; 249
    5d50:	cc f3       	brlt	.-14     	; 0x5d44 <__fixunssfsi+0x34>
    5d52:	86 95       	lsr	r24
    5d54:	77 95       	ror	r23
    5d56:	67 95       	ror	r22
    5d58:	b3 95       	inc	r27
    5d5a:	d9 f7       	brne	.-10     	; 0x5d52 <__fixunssfsi+0x42>
    5d5c:	3e f4       	brtc	.+14     	; 0x5d6c <__fixunssfsi+0x5c>
    5d5e:	90 95       	com	r25
    5d60:	80 95       	com	r24
    5d62:	70 95       	com	r23
    5d64:	61 95       	neg	r22
    5d66:	7f 4f       	sbci	r23, 0xFF	; 255
    5d68:	8f 4f       	sbci	r24, 0xFF	; 255
    5d6a:	9f 4f       	sbci	r25, 0xFF	; 255
    5d6c:	08 95       	ret

00005d6e <__floatunsisf>:
    5d6e:	e8 94       	clt
    5d70:	09 c0       	rjmp	.+18     	; 0x5d84 <__floatsisf+0x12>

00005d72 <__floatsisf>:
    5d72:	97 fb       	bst	r25, 7
    5d74:	3e f4       	brtc	.+14     	; 0x5d84 <__floatsisf+0x12>
    5d76:	90 95       	com	r25
    5d78:	80 95       	com	r24
    5d7a:	70 95       	com	r23
    5d7c:	61 95       	neg	r22
    5d7e:	7f 4f       	sbci	r23, 0xFF	; 255
    5d80:	8f 4f       	sbci	r24, 0xFF	; 255
    5d82:	9f 4f       	sbci	r25, 0xFF	; 255
    5d84:	99 23       	and	r25, r25
    5d86:	a9 f0       	breq	.+42     	; 0x5db2 <__floatsisf+0x40>
    5d88:	f9 2f       	mov	r31, r25
    5d8a:	96 e9       	ldi	r25, 0x96	; 150
    5d8c:	bb 27       	eor	r27, r27
    5d8e:	93 95       	inc	r25
    5d90:	f6 95       	lsr	r31
    5d92:	87 95       	ror	r24
    5d94:	77 95       	ror	r23
    5d96:	67 95       	ror	r22
    5d98:	b7 95       	ror	r27
    5d9a:	f1 11       	cpse	r31, r1
    5d9c:	f8 cf       	rjmp	.-16     	; 0x5d8e <__floatsisf+0x1c>
    5d9e:	fa f4       	brpl	.+62     	; 0x5dde <__floatsisf+0x6c>
    5da0:	bb 0f       	add	r27, r27
    5da2:	11 f4       	brne	.+4      	; 0x5da8 <__floatsisf+0x36>
    5da4:	60 ff       	sbrs	r22, 0
    5da6:	1b c0       	rjmp	.+54     	; 0x5dde <__floatsisf+0x6c>
    5da8:	6f 5f       	subi	r22, 0xFF	; 255
    5daa:	7f 4f       	sbci	r23, 0xFF	; 255
    5dac:	8f 4f       	sbci	r24, 0xFF	; 255
    5dae:	9f 4f       	sbci	r25, 0xFF	; 255
    5db0:	16 c0       	rjmp	.+44     	; 0x5dde <__floatsisf+0x6c>
    5db2:	88 23       	and	r24, r24
    5db4:	11 f0       	breq	.+4      	; 0x5dba <__floatsisf+0x48>
    5db6:	96 e9       	ldi	r25, 0x96	; 150
    5db8:	11 c0       	rjmp	.+34     	; 0x5ddc <__floatsisf+0x6a>
    5dba:	77 23       	and	r23, r23
    5dbc:	21 f0       	breq	.+8      	; 0x5dc6 <__floatsisf+0x54>
    5dbe:	9e e8       	ldi	r25, 0x8E	; 142
    5dc0:	87 2f       	mov	r24, r23
    5dc2:	76 2f       	mov	r23, r22
    5dc4:	05 c0       	rjmp	.+10     	; 0x5dd0 <__floatsisf+0x5e>
    5dc6:	66 23       	and	r22, r22
    5dc8:	71 f0       	breq	.+28     	; 0x5de6 <__floatsisf+0x74>
    5dca:	96 e8       	ldi	r25, 0x86	; 134
    5dcc:	86 2f       	mov	r24, r22
    5dce:	70 e0       	ldi	r23, 0x00	; 0
    5dd0:	60 e0       	ldi	r22, 0x00	; 0
    5dd2:	2a f0       	brmi	.+10     	; 0x5dde <__floatsisf+0x6c>
    5dd4:	9a 95       	dec	r25
    5dd6:	66 0f       	add	r22, r22
    5dd8:	77 1f       	adc	r23, r23
    5dda:	88 1f       	adc	r24, r24
    5ddc:	da f7       	brpl	.-10     	; 0x5dd4 <__floatsisf+0x62>
    5dde:	88 0f       	add	r24, r24
    5de0:	96 95       	lsr	r25
    5de2:	87 95       	ror	r24
    5de4:	97 f9       	bld	r25, 7
    5de6:	08 95       	ret

00005de8 <__fp_inf>:
    5de8:	97 f9       	bld	r25, 7
    5dea:	9f 67       	ori	r25, 0x7F	; 127
    5dec:	80 e8       	ldi	r24, 0x80	; 128
    5dee:	70 e0       	ldi	r23, 0x00	; 0
    5df0:	60 e0       	ldi	r22, 0x00	; 0
    5df2:	08 95       	ret

00005df4 <__fp_nan>:
    5df4:	9f ef       	ldi	r25, 0xFF	; 255
    5df6:	80 ec       	ldi	r24, 0xC0	; 192
    5df8:	08 95       	ret

00005dfa <__fp_pscA>:
    5dfa:	00 24       	eor	r0, r0
    5dfc:	0a 94       	dec	r0
    5dfe:	16 16       	cp	r1, r22
    5e00:	17 06       	cpc	r1, r23
    5e02:	18 06       	cpc	r1, r24
    5e04:	09 06       	cpc	r0, r25
    5e06:	08 95       	ret

00005e08 <__fp_pscB>:
    5e08:	00 24       	eor	r0, r0
    5e0a:	0a 94       	dec	r0
    5e0c:	12 16       	cp	r1, r18
    5e0e:	13 06       	cpc	r1, r19
    5e10:	14 06       	cpc	r1, r20
    5e12:	05 06       	cpc	r0, r21
    5e14:	08 95       	ret

00005e16 <__fp_round>:
    5e16:	09 2e       	mov	r0, r25
    5e18:	03 94       	inc	r0
    5e1a:	00 0c       	add	r0, r0
    5e1c:	11 f4       	brne	.+4      	; 0x5e22 <__fp_round+0xc>
    5e1e:	88 23       	and	r24, r24
    5e20:	52 f0       	brmi	.+20     	; 0x5e36 <__fp_round+0x20>
    5e22:	bb 0f       	add	r27, r27
    5e24:	40 f4       	brcc	.+16     	; 0x5e36 <__fp_round+0x20>
    5e26:	bf 2b       	or	r27, r31
    5e28:	11 f4       	brne	.+4      	; 0x5e2e <__fp_round+0x18>
    5e2a:	60 ff       	sbrs	r22, 0
    5e2c:	04 c0       	rjmp	.+8      	; 0x5e36 <__fp_round+0x20>
    5e2e:	6f 5f       	subi	r22, 0xFF	; 255
    5e30:	7f 4f       	sbci	r23, 0xFF	; 255
    5e32:	8f 4f       	sbci	r24, 0xFF	; 255
    5e34:	9f 4f       	sbci	r25, 0xFF	; 255
    5e36:	08 95       	ret

00005e38 <__fp_split3>:
    5e38:	57 fd       	sbrc	r21, 7
    5e3a:	90 58       	subi	r25, 0x80	; 128
    5e3c:	44 0f       	add	r20, r20
    5e3e:	55 1f       	adc	r21, r21
    5e40:	59 f0       	breq	.+22     	; 0x5e58 <__fp_splitA+0x10>
    5e42:	5f 3f       	cpi	r21, 0xFF	; 255
    5e44:	71 f0       	breq	.+28     	; 0x5e62 <__fp_splitA+0x1a>
    5e46:	47 95       	ror	r20

00005e48 <__fp_splitA>:
    5e48:	88 0f       	add	r24, r24
    5e4a:	97 fb       	bst	r25, 7
    5e4c:	99 1f       	adc	r25, r25
    5e4e:	61 f0       	breq	.+24     	; 0x5e68 <__fp_splitA+0x20>
    5e50:	9f 3f       	cpi	r25, 0xFF	; 255
    5e52:	79 f0       	breq	.+30     	; 0x5e72 <__fp_splitA+0x2a>
    5e54:	87 95       	ror	r24
    5e56:	08 95       	ret
    5e58:	12 16       	cp	r1, r18
    5e5a:	13 06       	cpc	r1, r19
    5e5c:	14 06       	cpc	r1, r20
    5e5e:	55 1f       	adc	r21, r21
    5e60:	f2 cf       	rjmp	.-28     	; 0x5e46 <__fp_split3+0xe>
    5e62:	46 95       	lsr	r20
    5e64:	f1 df       	rcall	.-30     	; 0x5e48 <__fp_splitA>
    5e66:	08 c0       	rjmp	.+16     	; 0x5e78 <__fp_splitA+0x30>
    5e68:	16 16       	cp	r1, r22
    5e6a:	17 06       	cpc	r1, r23
    5e6c:	18 06       	cpc	r1, r24
    5e6e:	99 1f       	adc	r25, r25
    5e70:	f1 cf       	rjmp	.-30     	; 0x5e54 <__fp_splitA+0xc>
    5e72:	86 95       	lsr	r24
    5e74:	71 05       	cpc	r23, r1
    5e76:	61 05       	cpc	r22, r1
    5e78:	08 94       	sec
    5e7a:	08 95       	ret

00005e7c <__fp_zero>:
    5e7c:	e8 94       	clt

00005e7e <__fp_szero>:
    5e7e:	bb 27       	eor	r27, r27
    5e80:	66 27       	eor	r22, r22
    5e82:	77 27       	eor	r23, r23
    5e84:	cb 01       	movw	r24, r22
    5e86:	97 f9       	bld	r25, 7
    5e88:	08 95       	ret

00005e8a <__mulsf3>:
    5e8a:	0e 94 58 2f 	call	0x5eb0	; 0x5eb0 <__mulsf3x>
    5e8e:	0c 94 0b 2f 	jmp	0x5e16	; 0x5e16 <__fp_round>
    5e92:	0e 94 fd 2e 	call	0x5dfa	; 0x5dfa <__fp_pscA>
    5e96:	38 f0       	brcs	.+14     	; 0x5ea6 <__mulsf3+0x1c>
    5e98:	0e 94 04 2f 	call	0x5e08	; 0x5e08 <__fp_pscB>
    5e9c:	20 f0       	brcs	.+8      	; 0x5ea6 <__mulsf3+0x1c>
    5e9e:	95 23       	and	r25, r21
    5ea0:	11 f0       	breq	.+4      	; 0x5ea6 <__mulsf3+0x1c>
    5ea2:	0c 94 f4 2e 	jmp	0x5de8	; 0x5de8 <__fp_inf>
    5ea6:	0c 94 fa 2e 	jmp	0x5df4	; 0x5df4 <__fp_nan>
    5eaa:	11 24       	eor	r1, r1
    5eac:	0c 94 3f 2f 	jmp	0x5e7e	; 0x5e7e <__fp_szero>

00005eb0 <__mulsf3x>:
    5eb0:	0e 94 1c 2f 	call	0x5e38	; 0x5e38 <__fp_split3>
    5eb4:	70 f3       	brcs	.-36     	; 0x5e92 <__mulsf3+0x8>

00005eb6 <__mulsf3_pse>:
    5eb6:	95 9f       	mul	r25, r21
    5eb8:	c1 f3       	breq	.-16     	; 0x5eaa <__mulsf3+0x20>
    5eba:	95 0f       	add	r25, r21
    5ebc:	50 e0       	ldi	r21, 0x00	; 0
    5ebe:	55 1f       	adc	r21, r21
    5ec0:	62 9f       	mul	r22, r18
    5ec2:	f0 01       	movw	r30, r0
    5ec4:	72 9f       	mul	r23, r18
    5ec6:	bb 27       	eor	r27, r27
    5ec8:	f0 0d       	add	r31, r0
    5eca:	b1 1d       	adc	r27, r1
    5ecc:	63 9f       	mul	r22, r19
    5ece:	aa 27       	eor	r26, r26
    5ed0:	f0 0d       	add	r31, r0
    5ed2:	b1 1d       	adc	r27, r1
    5ed4:	aa 1f       	adc	r26, r26
    5ed6:	64 9f       	mul	r22, r20
    5ed8:	66 27       	eor	r22, r22
    5eda:	b0 0d       	add	r27, r0
    5edc:	a1 1d       	adc	r26, r1
    5ede:	66 1f       	adc	r22, r22
    5ee0:	82 9f       	mul	r24, r18
    5ee2:	22 27       	eor	r18, r18
    5ee4:	b0 0d       	add	r27, r0
    5ee6:	a1 1d       	adc	r26, r1
    5ee8:	62 1f       	adc	r22, r18
    5eea:	73 9f       	mul	r23, r19
    5eec:	b0 0d       	add	r27, r0
    5eee:	a1 1d       	adc	r26, r1
    5ef0:	62 1f       	adc	r22, r18
    5ef2:	83 9f       	mul	r24, r19
    5ef4:	a0 0d       	add	r26, r0
    5ef6:	61 1d       	adc	r22, r1
    5ef8:	22 1f       	adc	r18, r18
    5efa:	74 9f       	mul	r23, r20
    5efc:	33 27       	eor	r19, r19
    5efe:	a0 0d       	add	r26, r0
    5f00:	61 1d       	adc	r22, r1
    5f02:	23 1f       	adc	r18, r19
    5f04:	84 9f       	mul	r24, r20
    5f06:	60 0d       	add	r22, r0
    5f08:	21 1d       	adc	r18, r1
    5f0a:	82 2f       	mov	r24, r18
    5f0c:	76 2f       	mov	r23, r22
    5f0e:	6a 2f       	mov	r22, r26
    5f10:	11 24       	eor	r1, r1
    5f12:	9f 57       	subi	r25, 0x7F	; 127
    5f14:	50 40       	sbci	r21, 0x00	; 0
    5f16:	9a f0       	brmi	.+38     	; 0x5f3e <__mulsf3_pse+0x88>
    5f18:	f1 f0       	breq	.+60     	; 0x5f56 <__mulsf3_pse+0xa0>
    5f1a:	88 23       	and	r24, r24
    5f1c:	4a f0       	brmi	.+18     	; 0x5f30 <__mulsf3_pse+0x7a>
    5f1e:	ee 0f       	add	r30, r30
    5f20:	ff 1f       	adc	r31, r31
    5f22:	bb 1f       	adc	r27, r27
    5f24:	66 1f       	adc	r22, r22
    5f26:	77 1f       	adc	r23, r23
    5f28:	88 1f       	adc	r24, r24
    5f2a:	91 50       	subi	r25, 0x01	; 1
    5f2c:	50 40       	sbci	r21, 0x00	; 0
    5f2e:	a9 f7       	brne	.-22     	; 0x5f1a <__mulsf3_pse+0x64>
    5f30:	9e 3f       	cpi	r25, 0xFE	; 254
    5f32:	51 05       	cpc	r21, r1
    5f34:	80 f0       	brcs	.+32     	; 0x5f56 <__mulsf3_pse+0xa0>
    5f36:	0c 94 f4 2e 	jmp	0x5de8	; 0x5de8 <__fp_inf>
    5f3a:	0c 94 3f 2f 	jmp	0x5e7e	; 0x5e7e <__fp_szero>
    5f3e:	5f 3f       	cpi	r21, 0xFF	; 255
    5f40:	e4 f3       	brlt	.-8      	; 0x5f3a <__mulsf3_pse+0x84>
    5f42:	98 3e       	cpi	r25, 0xE8	; 232
    5f44:	d4 f3       	brlt	.-12     	; 0x5f3a <__mulsf3_pse+0x84>
    5f46:	86 95       	lsr	r24
    5f48:	77 95       	ror	r23
    5f4a:	67 95       	ror	r22
    5f4c:	b7 95       	ror	r27
    5f4e:	f7 95       	ror	r31
    5f50:	e7 95       	ror	r30
    5f52:	9f 5f       	subi	r25, 0xFF	; 255
    5f54:	c1 f7       	brne	.-16     	; 0x5f46 <__mulsf3_pse+0x90>
    5f56:	fe 2b       	or	r31, r30
    5f58:	88 0f       	add	r24, r24
    5f5a:	91 1d       	adc	r25, r1
    5f5c:	96 95       	lsr	r25
    5f5e:	87 95       	ror	r24
    5f60:	97 f9       	bld	r25, 7
    5f62:	08 95       	ret

00005f64 <vfprintf>:
    5f64:	a0 e1       	ldi	r26, 0x10	; 16
    5f66:	b0 e0       	ldi	r27, 0x00	; 0
    5f68:	e8 eb       	ldi	r30, 0xB8	; 184
    5f6a:	ff e2       	ldi	r31, 0x2F	; 47
    5f6c:	0c 94 72 33 	jmp	0x66e4	; 0x66e4 <__prologue_saves__>
    5f70:	7c 01       	movw	r14, r24
    5f72:	1b 01       	movw	r2, r22
    5f74:	6a 01       	movw	r12, r20
    5f76:	fc 01       	movw	r30, r24
    5f78:	17 82       	std	Z+7, r1	; 0x07
    5f7a:	16 82       	std	Z+6, r1	; 0x06
    5f7c:	83 81       	ldd	r24, Z+3	; 0x03
    5f7e:	81 ff       	sbrs	r24, 1
    5f80:	44 c3       	rjmp	.+1672   	; 0x660a <vfprintf+0x6a6>
    5f82:	9e 01       	movw	r18, r28
    5f84:	2f 5f       	subi	r18, 0xFF	; 255
    5f86:	3f 4f       	sbci	r19, 0xFF	; 255
    5f88:	39 01       	movw	r6, r18
    5f8a:	f7 01       	movw	r30, r14
    5f8c:	93 81       	ldd	r25, Z+3	; 0x03
    5f8e:	f1 01       	movw	r30, r2
    5f90:	93 fd       	sbrc	r25, 3
    5f92:	85 91       	lpm	r24, Z+
    5f94:	93 ff       	sbrs	r25, 3
    5f96:	81 91       	ld	r24, Z+
    5f98:	1f 01       	movw	r2, r30
    5f9a:	88 23       	and	r24, r24
    5f9c:	09 f4       	brne	.+2      	; 0x5fa0 <vfprintf+0x3c>
    5f9e:	31 c3       	rjmp	.+1634   	; 0x6602 <vfprintf+0x69e>
    5fa0:	85 32       	cpi	r24, 0x25	; 37
    5fa2:	39 f4       	brne	.+14     	; 0x5fb2 <vfprintf+0x4e>
    5fa4:	93 fd       	sbrc	r25, 3
    5fa6:	85 91       	lpm	r24, Z+
    5fa8:	93 ff       	sbrs	r25, 3
    5faa:	81 91       	ld	r24, Z+
    5fac:	1f 01       	movw	r2, r30
    5fae:	85 32       	cpi	r24, 0x25	; 37
    5fb0:	39 f4       	brne	.+14     	; 0x5fc0 <vfprintf+0x5c>
    5fb2:	b7 01       	movw	r22, r14
    5fb4:	90 e0       	ldi	r25, 0x00	; 0
    5fb6:	0e 94 d5 34 	call	0x69aa	; 0x69aa <fputc>
    5fba:	56 01       	movw	r10, r12
    5fbc:	65 01       	movw	r12, r10
    5fbe:	e5 cf       	rjmp	.-54     	; 0x5f8a <vfprintf+0x26>
    5fc0:	10 e0       	ldi	r17, 0x00	; 0
    5fc2:	51 2c       	mov	r5, r1
    5fc4:	91 2c       	mov	r9, r1
    5fc6:	ff e1       	ldi	r31, 0x1F	; 31
    5fc8:	f9 15       	cp	r31, r9
    5fca:	d8 f0       	brcs	.+54     	; 0x6002 <vfprintf+0x9e>
    5fcc:	8b 32       	cpi	r24, 0x2B	; 43
    5fce:	79 f0       	breq	.+30     	; 0x5fee <vfprintf+0x8a>
    5fd0:	38 f4       	brcc	.+14     	; 0x5fe0 <vfprintf+0x7c>
    5fd2:	80 32       	cpi	r24, 0x20	; 32
    5fd4:	79 f0       	breq	.+30     	; 0x5ff4 <vfprintf+0x90>
    5fd6:	83 32       	cpi	r24, 0x23	; 35
    5fd8:	a1 f4       	brne	.+40     	; 0x6002 <vfprintf+0x9e>
    5fda:	f9 2d       	mov	r31, r9
    5fdc:	f0 61       	ori	r31, 0x10	; 16
    5fde:	2e c0       	rjmp	.+92     	; 0x603c <vfprintf+0xd8>
    5fe0:	8d 32       	cpi	r24, 0x2D	; 45
    5fe2:	61 f0       	breq	.+24     	; 0x5ffc <vfprintf+0x98>
    5fe4:	80 33       	cpi	r24, 0x30	; 48
    5fe6:	69 f4       	brne	.+26     	; 0x6002 <vfprintf+0x9e>
    5fe8:	29 2d       	mov	r18, r9
    5fea:	21 60       	ori	r18, 0x01	; 1
    5fec:	2d c0       	rjmp	.+90     	; 0x6048 <vfprintf+0xe4>
    5fee:	39 2d       	mov	r19, r9
    5ff0:	32 60       	ori	r19, 0x02	; 2
    5ff2:	93 2e       	mov	r9, r19
    5ff4:	89 2d       	mov	r24, r9
    5ff6:	84 60       	ori	r24, 0x04	; 4
    5ff8:	98 2e       	mov	r9, r24
    5ffa:	2a c0       	rjmp	.+84     	; 0x6050 <vfprintf+0xec>
    5ffc:	e9 2d       	mov	r30, r9
    5ffe:	e8 60       	ori	r30, 0x08	; 8
    6000:	15 c0       	rjmp	.+42     	; 0x602c <vfprintf+0xc8>
    6002:	97 fc       	sbrc	r9, 7
    6004:	2d c0       	rjmp	.+90     	; 0x6060 <vfprintf+0xfc>
    6006:	20 ed       	ldi	r18, 0xD0	; 208
    6008:	28 0f       	add	r18, r24
    600a:	2a 30       	cpi	r18, 0x0A	; 10
    600c:	88 f4       	brcc	.+34     	; 0x6030 <vfprintf+0xcc>
    600e:	96 fe       	sbrs	r9, 6
    6010:	06 c0       	rjmp	.+12     	; 0x601e <vfprintf+0xba>
    6012:	3a e0       	ldi	r19, 0x0A	; 10
    6014:	13 9f       	mul	r17, r19
    6016:	20 0d       	add	r18, r0
    6018:	11 24       	eor	r1, r1
    601a:	12 2f       	mov	r17, r18
    601c:	19 c0       	rjmp	.+50     	; 0x6050 <vfprintf+0xec>
    601e:	8a e0       	ldi	r24, 0x0A	; 10
    6020:	58 9e       	mul	r5, r24
    6022:	20 0d       	add	r18, r0
    6024:	11 24       	eor	r1, r1
    6026:	52 2e       	mov	r5, r18
    6028:	e9 2d       	mov	r30, r9
    602a:	e0 62       	ori	r30, 0x20	; 32
    602c:	9e 2e       	mov	r9, r30
    602e:	10 c0       	rjmp	.+32     	; 0x6050 <vfprintf+0xec>
    6030:	8e 32       	cpi	r24, 0x2E	; 46
    6032:	31 f4       	brne	.+12     	; 0x6040 <vfprintf+0xdc>
    6034:	96 fc       	sbrc	r9, 6
    6036:	e5 c2       	rjmp	.+1482   	; 0x6602 <vfprintf+0x69e>
    6038:	f9 2d       	mov	r31, r9
    603a:	f0 64       	ori	r31, 0x40	; 64
    603c:	9f 2e       	mov	r9, r31
    603e:	08 c0       	rjmp	.+16     	; 0x6050 <vfprintf+0xec>
    6040:	8c 36       	cpi	r24, 0x6C	; 108
    6042:	21 f4       	brne	.+8      	; 0x604c <vfprintf+0xe8>
    6044:	29 2d       	mov	r18, r9
    6046:	20 68       	ori	r18, 0x80	; 128
    6048:	92 2e       	mov	r9, r18
    604a:	02 c0       	rjmp	.+4      	; 0x6050 <vfprintf+0xec>
    604c:	88 36       	cpi	r24, 0x68	; 104
    604e:	41 f4       	brne	.+16     	; 0x6060 <vfprintf+0xfc>
    6050:	f1 01       	movw	r30, r2
    6052:	93 fd       	sbrc	r25, 3
    6054:	85 91       	lpm	r24, Z+
    6056:	93 ff       	sbrs	r25, 3
    6058:	81 91       	ld	r24, Z+
    605a:	1f 01       	movw	r2, r30
    605c:	81 11       	cpse	r24, r1
    605e:	b3 cf       	rjmp	.-154    	; 0x5fc6 <vfprintf+0x62>
    6060:	9b eb       	ldi	r25, 0xBB	; 187
    6062:	98 0f       	add	r25, r24
    6064:	93 30       	cpi	r25, 0x03	; 3
    6066:	20 f4       	brcc	.+8      	; 0x6070 <vfprintf+0x10c>
    6068:	99 2d       	mov	r25, r9
    606a:	90 61       	ori	r25, 0x10	; 16
    606c:	80 5e       	subi	r24, 0xE0	; 224
    606e:	07 c0       	rjmp	.+14     	; 0x607e <vfprintf+0x11a>
    6070:	9b e9       	ldi	r25, 0x9B	; 155
    6072:	98 0f       	add	r25, r24
    6074:	93 30       	cpi	r25, 0x03	; 3
    6076:	08 f0       	brcs	.+2      	; 0x607a <vfprintf+0x116>
    6078:	66 c1       	rjmp	.+716    	; 0x6346 <vfprintf+0x3e2>
    607a:	99 2d       	mov	r25, r9
    607c:	9f 7e       	andi	r25, 0xEF	; 239
    607e:	96 ff       	sbrs	r25, 6
    6080:	16 e0       	ldi	r17, 0x06	; 6
    6082:	9f 73       	andi	r25, 0x3F	; 63
    6084:	99 2e       	mov	r9, r25
    6086:	85 36       	cpi	r24, 0x65	; 101
    6088:	19 f4       	brne	.+6      	; 0x6090 <vfprintf+0x12c>
    608a:	90 64       	ori	r25, 0x40	; 64
    608c:	99 2e       	mov	r9, r25
    608e:	08 c0       	rjmp	.+16     	; 0x60a0 <vfprintf+0x13c>
    6090:	86 36       	cpi	r24, 0x66	; 102
    6092:	21 f4       	brne	.+8      	; 0x609c <vfprintf+0x138>
    6094:	39 2f       	mov	r19, r25
    6096:	30 68       	ori	r19, 0x80	; 128
    6098:	93 2e       	mov	r9, r19
    609a:	02 c0       	rjmp	.+4      	; 0x60a0 <vfprintf+0x13c>
    609c:	11 11       	cpse	r17, r1
    609e:	11 50       	subi	r17, 0x01	; 1
    60a0:	97 fe       	sbrs	r9, 7
    60a2:	07 c0       	rjmp	.+14     	; 0x60b2 <vfprintf+0x14e>
    60a4:	1c 33       	cpi	r17, 0x3C	; 60
    60a6:	50 f4       	brcc	.+20     	; 0x60bc <vfprintf+0x158>
    60a8:	44 24       	eor	r4, r4
    60aa:	43 94       	inc	r4
    60ac:	41 0e       	add	r4, r17
    60ae:	27 e0       	ldi	r18, 0x07	; 7
    60b0:	0b c0       	rjmp	.+22     	; 0x60c8 <vfprintf+0x164>
    60b2:	18 30       	cpi	r17, 0x08	; 8
    60b4:	38 f0       	brcs	.+14     	; 0x60c4 <vfprintf+0x160>
    60b6:	27 e0       	ldi	r18, 0x07	; 7
    60b8:	17 e0       	ldi	r17, 0x07	; 7
    60ba:	05 c0       	rjmp	.+10     	; 0x60c6 <vfprintf+0x162>
    60bc:	27 e0       	ldi	r18, 0x07	; 7
    60be:	9c e3       	ldi	r25, 0x3C	; 60
    60c0:	49 2e       	mov	r4, r25
    60c2:	02 c0       	rjmp	.+4      	; 0x60c8 <vfprintf+0x164>
    60c4:	21 2f       	mov	r18, r17
    60c6:	41 2c       	mov	r4, r1
    60c8:	56 01       	movw	r10, r12
    60ca:	84 e0       	ldi	r24, 0x04	; 4
    60cc:	a8 0e       	add	r10, r24
    60ce:	b1 1c       	adc	r11, r1
    60d0:	f6 01       	movw	r30, r12
    60d2:	60 81       	ld	r22, Z
    60d4:	71 81       	ldd	r23, Z+1	; 0x01
    60d6:	82 81       	ldd	r24, Z+2	; 0x02
    60d8:	93 81       	ldd	r25, Z+3	; 0x03
    60da:	04 2d       	mov	r16, r4
    60dc:	a3 01       	movw	r20, r6
    60de:	0e 94 d6 33 	call	0x67ac	; 0x67ac <__ftoa_engine>
    60e2:	6c 01       	movw	r12, r24
    60e4:	f9 81       	ldd	r31, Y+1	; 0x01
    60e6:	fc 87       	std	Y+12, r31	; 0x0c
    60e8:	f0 ff       	sbrs	r31, 0
    60ea:	02 c0       	rjmp	.+4      	; 0x60f0 <vfprintf+0x18c>
    60ec:	f3 ff       	sbrs	r31, 3
    60ee:	06 c0       	rjmp	.+12     	; 0x60fc <vfprintf+0x198>
    60f0:	91 fc       	sbrc	r9, 1
    60f2:	06 c0       	rjmp	.+12     	; 0x6100 <vfprintf+0x19c>
    60f4:	92 fe       	sbrs	r9, 2
    60f6:	06 c0       	rjmp	.+12     	; 0x6104 <vfprintf+0x1a0>
    60f8:	00 e2       	ldi	r16, 0x20	; 32
    60fa:	05 c0       	rjmp	.+10     	; 0x6106 <vfprintf+0x1a2>
    60fc:	0d e2       	ldi	r16, 0x2D	; 45
    60fe:	03 c0       	rjmp	.+6      	; 0x6106 <vfprintf+0x1a2>
    6100:	0b e2       	ldi	r16, 0x2B	; 43
    6102:	01 c0       	rjmp	.+2      	; 0x6106 <vfprintf+0x1a2>
    6104:	00 e0       	ldi	r16, 0x00	; 0
    6106:	8c 85       	ldd	r24, Y+12	; 0x0c
    6108:	8c 70       	andi	r24, 0x0C	; 12
    610a:	19 f0       	breq	.+6      	; 0x6112 <vfprintf+0x1ae>
    610c:	01 11       	cpse	r16, r1
    610e:	5a c2       	rjmp	.+1204   	; 0x65c4 <vfprintf+0x660>
    6110:	9b c2       	rjmp	.+1334   	; 0x6648 <vfprintf+0x6e4>
    6112:	97 fe       	sbrs	r9, 7
    6114:	10 c0       	rjmp	.+32     	; 0x6136 <vfprintf+0x1d2>
    6116:	4c 0c       	add	r4, r12
    6118:	fc 85       	ldd	r31, Y+12	; 0x0c
    611a:	f4 ff       	sbrs	r31, 4
    611c:	04 c0       	rjmp	.+8      	; 0x6126 <vfprintf+0x1c2>
    611e:	8a 81       	ldd	r24, Y+2	; 0x02
    6120:	81 33       	cpi	r24, 0x31	; 49
    6122:	09 f4       	brne	.+2      	; 0x6126 <vfprintf+0x1c2>
    6124:	4a 94       	dec	r4
    6126:	14 14       	cp	r1, r4
    6128:	74 f5       	brge	.+92     	; 0x6186 <vfprintf+0x222>
    612a:	28 e0       	ldi	r18, 0x08	; 8
    612c:	24 15       	cp	r18, r4
    612e:	78 f5       	brcc	.+94     	; 0x618e <vfprintf+0x22a>
    6130:	88 e0       	ldi	r24, 0x08	; 8
    6132:	48 2e       	mov	r4, r24
    6134:	2c c0       	rjmp	.+88     	; 0x618e <vfprintf+0x22a>
    6136:	96 fc       	sbrc	r9, 6
    6138:	2a c0       	rjmp	.+84     	; 0x618e <vfprintf+0x22a>
    613a:	81 2f       	mov	r24, r17
    613c:	90 e0       	ldi	r25, 0x00	; 0
    613e:	8c 15       	cp	r24, r12
    6140:	9d 05       	cpc	r25, r13
    6142:	9c f0       	brlt	.+38     	; 0x616a <vfprintf+0x206>
    6144:	3c ef       	ldi	r19, 0xFC	; 252
    6146:	c3 16       	cp	r12, r19
    6148:	3f ef       	ldi	r19, 0xFF	; 255
    614a:	d3 06       	cpc	r13, r19
    614c:	74 f0       	brlt	.+28     	; 0x616a <vfprintf+0x206>
    614e:	89 2d       	mov	r24, r9
    6150:	80 68       	ori	r24, 0x80	; 128
    6152:	98 2e       	mov	r9, r24
    6154:	0a c0       	rjmp	.+20     	; 0x616a <vfprintf+0x206>
    6156:	e2 e0       	ldi	r30, 0x02	; 2
    6158:	f0 e0       	ldi	r31, 0x00	; 0
    615a:	ec 0f       	add	r30, r28
    615c:	fd 1f       	adc	r31, r29
    615e:	e1 0f       	add	r30, r17
    6160:	f1 1d       	adc	r31, r1
    6162:	80 81       	ld	r24, Z
    6164:	80 33       	cpi	r24, 0x30	; 48
    6166:	19 f4       	brne	.+6      	; 0x616e <vfprintf+0x20a>
    6168:	11 50       	subi	r17, 0x01	; 1
    616a:	11 11       	cpse	r17, r1
    616c:	f4 cf       	rjmp	.-24     	; 0x6156 <vfprintf+0x1f2>
    616e:	97 fe       	sbrs	r9, 7
    6170:	0e c0       	rjmp	.+28     	; 0x618e <vfprintf+0x22a>
    6172:	44 24       	eor	r4, r4
    6174:	43 94       	inc	r4
    6176:	41 0e       	add	r4, r17
    6178:	81 2f       	mov	r24, r17
    617a:	90 e0       	ldi	r25, 0x00	; 0
    617c:	c8 16       	cp	r12, r24
    617e:	d9 06       	cpc	r13, r25
    6180:	2c f4       	brge	.+10     	; 0x618c <vfprintf+0x228>
    6182:	1c 19       	sub	r17, r12
    6184:	04 c0       	rjmp	.+8      	; 0x618e <vfprintf+0x22a>
    6186:	44 24       	eor	r4, r4
    6188:	43 94       	inc	r4
    618a:	01 c0       	rjmp	.+2      	; 0x618e <vfprintf+0x22a>
    618c:	10 e0       	ldi	r17, 0x00	; 0
    618e:	97 fe       	sbrs	r9, 7
    6190:	06 c0       	rjmp	.+12     	; 0x619e <vfprintf+0x23a>
    6192:	1c 14       	cp	r1, r12
    6194:	1d 04       	cpc	r1, r13
    6196:	34 f4       	brge	.+12     	; 0x61a4 <vfprintf+0x240>
    6198:	c6 01       	movw	r24, r12
    619a:	01 96       	adiw	r24, 0x01	; 1
    619c:	05 c0       	rjmp	.+10     	; 0x61a8 <vfprintf+0x244>
    619e:	85 e0       	ldi	r24, 0x05	; 5
    61a0:	90 e0       	ldi	r25, 0x00	; 0
    61a2:	02 c0       	rjmp	.+4      	; 0x61a8 <vfprintf+0x244>
    61a4:	81 e0       	ldi	r24, 0x01	; 1
    61a6:	90 e0       	ldi	r25, 0x00	; 0
    61a8:	01 11       	cpse	r16, r1
    61aa:	01 96       	adiw	r24, 0x01	; 1
    61ac:	11 23       	and	r17, r17
    61ae:	31 f0       	breq	.+12     	; 0x61bc <vfprintf+0x258>
    61b0:	21 2f       	mov	r18, r17
    61b2:	30 e0       	ldi	r19, 0x00	; 0
    61b4:	2f 5f       	subi	r18, 0xFF	; 255
    61b6:	3f 4f       	sbci	r19, 0xFF	; 255
    61b8:	82 0f       	add	r24, r18
    61ba:	93 1f       	adc	r25, r19
    61bc:	25 2d       	mov	r18, r5
    61be:	30 e0       	ldi	r19, 0x00	; 0
    61c0:	82 17       	cp	r24, r18
    61c2:	93 07       	cpc	r25, r19
    61c4:	14 f4       	brge	.+4      	; 0x61ca <vfprintf+0x266>
    61c6:	58 1a       	sub	r5, r24
    61c8:	01 c0       	rjmp	.+2      	; 0x61cc <vfprintf+0x268>
    61ca:	51 2c       	mov	r5, r1
    61cc:	89 2d       	mov	r24, r9
    61ce:	89 70       	andi	r24, 0x09	; 9
    61d0:	49 f4       	brne	.+18     	; 0x61e4 <vfprintf+0x280>
    61d2:	55 20       	and	r5, r5
    61d4:	39 f0       	breq	.+14     	; 0x61e4 <vfprintf+0x280>
    61d6:	b7 01       	movw	r22, r14
    61d8:	80 e2       	ldi	r24, 0x20	; 32
    61da:	90 e0       	ldi	r25, 0x00	; 0
    61dc:	0e 94 d5 34 	call	0x69aa	; 0x69aa <fputc>
    61e0:	5a 94       	dec	r5
    61e2:	f7 cf       	rjmp	.-18     	; 0x61d2 <vfprintf+0x26e>
    61e4:	00 23       	and	r16, r16
    61e6:	29 f0       	breq	.+10     	; 0x61f2 <vfprintf+0x28e>
    61e8:	b7 01       	movw	r22, r14
    61ea:	80 2f       	mov	r24, r16
    61ec:	90 e0       	ldi	r25, 0x00	; 0
    61ee:	0e 94 d5 34 	call	0x69aa	; 0x69aa <fputc>
    61f2:	93 fc       	sbrc	r9, 3
    61f4:	09 c0       	rjmp	.+18     	; 0x6208 <vfprintf+0x2a4>
    61f6:	55 20       	and	r5, r5
    61f8:	39 f0       	breq	.+14     	; 0x6208 <vfprintf+0x2a4>
    61fa:	b7 01       	movw	r22, r14
    61fc:	80 e3       	ldi	r24, 0x30	; 48
    61fe:	90 e0       	ldi	r25, 0x00	; 0
    6200:	0e 94 d5 34 	call	0x69aa	; 0x69aa <fputc>
    6204:	5a 94       	dec	r5
    6206:	f7 cf       	rjmp	.-18     	; 0x61f6 <vfprintf+0x292>
    6208:	97 fe       	sbrs	r9, 7
    620a:	4c c0       	rjmp	.+152    	; 0x62a4 <vfprintf+0x340>
    620c:	46 01       	movw	r8, r12
    620e:	d7 fe       	sbrs	r13, 7
    6210:	02 c0       	rjmp	.+4      	; 0x6216 <vfprintf+0x2b2>
    6212:	81 2c       	mov	r8, r1
    6214:	91 2c       	mov	r9, r1
    6216:	c6 01       	movw	r24, r12
    6218:	88 19       	sub	r24, r8
    621a:	99 09       	sbc	r25, r9
    621c:	f3 01       	movw	r30, r6
    621e:	e8 0f       	add	r30, r24
    6220:	f9 1f       	adc	r31, r25
    6222:	fe 87       	std	Y+14, r31	; 0x0e
    6224:	ed 87       	std	Y+13, r30	; 0x0d
    6226:	96 01       	movw	r18, r12
    6228:	24 19       	sub	r18, r4
    622a:	31 09       	sbc	r19, r1
    622c:	38 8b       	std	Y+16, r19	; 0x10
    622e:	2f 87       	std	Y+15, r18	; 0x0f
    6230:	01 2f       	mov	r16, r17
    6232:	10 e0       	ldi	r17, 0x00	; 0
    6234:	11 95       	neg	r17
    6236:	01 95       	neg	r16
    6238:	11 09       	sbc	r17, r1
    623a:	3f ef       	ldi	r19, 0xFF	; 255
    623c:	83 16       	cp	r8, r19
    623e:	93 06       	cpc	r9, r19
    6240:	29 f4       	brne	.+10     	; 0x624c <vfprintf+0x2e8>
    6242:	b7 01       	movw	r22, r14
    6244:	8e e2       	ldi	r24, 0x2E	; 46
    6246:	90 e0       	ldi	r25, 0x00	; 0
    6248:	0e 94 d5 34 	call	0x69aa	; 0x69aa <fputc>
    624c:	c8 14       	cp	r12, r8
    624e:	d9 04       	cpc	r13, r9
    6250:	4c f0       	brlt	.+18     	; 0x6264 <vfprintf+0x300>
    6252:	8f 85       	ldd	r24, Y+15	; 0x0f
    6254:	98 89       	ldd	r25, Y+16	; 0x10
    6256:	88 15       	cp	r24, r8
    6258:	99 05       	cpc	r25, r9
    625a:	24 f4       	brge	.+8      	; 0x6264 <vfprintf+0x300>
    625c:	ed 85       	ldd	r30, Y+13	; 0x0d
    625e:	fe 85       	ldd	r31, Y+14	; 0x0e
    6260:	81 81       	ldd	r24, Z+1	; 0x01
    6262:	01 c0       	rjmp	.+2      	; 0x6266 <vfprintf+0x302>
    6264:	80 e3       	ldi	r24, 0x30	; 48
    6266:	f1 e0       	ldi	r31, 0x01	; 1
    6268:	8f 1a       	sub	r8, r31
    626a:	91 08       	sbc	r9, r1
    626c:	2d 85       	ldd	r18, Y+13	; 0x0d
    626e:	3e 85       	ldd	r19, Y+14	; 0x0e
    6270:	2f 5f       	subi	r18, 0xFF	; 255
    6272:	3f 4f       	sbci	r19, 0xFF	; 255
    6274:	3e 87       	std	Y+14, r19	; 0x0e
    6276:	2d 87       	std	Y+13, r18	; 0x0d
    6278:	80 16       	cp	r8, r16
    627a:	91 06       	cpc	r9, r17
    627c:	2c f0       	brlt	.+10     	; 0x6288 <vfprintf+0x324>
    627e:	b7 01       	movw	r22, r14
    6280:	90 e0       	ldi	r25, 0x00	; 0
    6282:	0e 94 d5 34 	call	0x69aa	; 0x69aa <fputc>
    6286:	d9 cf       	rjmp	.-78     	; 0x623a <vfprintf+0x2d6>
    6288:	c8 14       	cp	r12, r8
    628a:	d9 04       	cpc	r13, r9
    628c:	41 f4       	brne	.+16     	; 0x629e <vfprintf+0x33a>
    628e:	9a 81       	ldd	r25, Y+2	; 0x02
    6290:	96 33       	cpi	r25, 0x36	; 54
    6292:	20 f4       	brcc	.+8      	; 0x629c <vfprintf+0x338>
    6294:	95 33       	cpi	r25, 0x35	; 53
    6296:	19 f4       	brne	.+6      	; 0x629e <vfprintf+0x33a>
    6298:	3c 85       	ldd	r19, Y+12	; 0x0c
    629a:	34 ff       	sbrs	r19, 4
    629c:	81 e3       	ldi	r24, 0x31	; 49
    629e:	b7 01       	movw	r22, r14
    62a0:	90 e0       	ldi	r25, 0x00	; 0
    62a2:	4e c0       	rjmp	.+156    	; 0x6340 <vfprintf+0x3dc>
    62a4:	8a 81       	ldd	r24, Y+2	; 0x02
    62a6:	81 33       	cpi	r24, 0x31	; 49
    62a8:	19 f0       	breq	.+6      	; 0x62b0 <vfprintf+0x34c>
    62aa:	9c 85       	ldd	r25, Y+12	; 0x0c
    62ac:	9f 7e       	andi	r25, 0xEF	; 239
    62ae:	9c 87       	std	Y+12, r25	; 0x0c
    62b0:	b7 01       	movw	r22, r14
    62b2:	90 e0       	ldi	r25, 0x00	; 0
    62b4:	0e 94 d5 34 	call	0x69aa	; 0x69aa <fputc>
    62b8:	11 11       	cpse	r17, r1
    62ba:	05 c0       	rjmp	.+10     	; 0x62c6 <vfprintf+0x362>
    62bc:	94 fc       	sbrc	r9, 4
    62be:	18 c0       	rjmp	.+48     	; 0x62f0 <vfprintf+0x38c>
    62c0:	85 e6       	ldi	r24, 0x65	; 101
    62c2:	90 e0       	ldi	r25, 0x00	; 0
    62c4:	17 c0       	rjmp	.+46     	; 0x62f4 <vfprintf+0x390>
    62c6:	b7 01       	movw	r22, r14
    62c8:	8e e2       	ldi	r24, 0x2E	; 46
    62ca:	90 e0       	ldi	r25, 0x00	; 0
    62cc:	0e 94 d5 34 	call	0x69aa	; 0x69aa <fputc>
    62d0:	1e 5f       	subi	r17, 0xFE	; 254
    62d2:	82 e0       	ldi	r24, 0x02	; 2
    62d4:	01 e0       	ldi	r16, 0x01	; 1
    62d6:	08 0f       	add	r16, r24
    62d8:	f3 01       	movw	r30, r6
    62da:	e8 0f       	add	r30, r24
    62dc:	f1 1d       	adc	r31, r1
    62de:	80 81       	ld	r24, Z
    62e0:	b7 01       	movw	r22, r14
    62e2:	90 e0       	ldi	r25, 0x00	; 0
    62e4:	0e 94 d5 34 	call	0x69aa	; 0x69aa <fputc>
    62e8:	80 2f       	mov	r24, r16
    62ea:	01 13       	cpse	r16, r17
    62ec:	f3 cf       	rjmp	.-26     	; 0x62d4 <vfprintf+0x370>
    62ee:	e6 cf       	rjmp	.-52     	; 0x62bc <vfprintf+0x358>
    62f0:	85 e4       	ldi	r24, 0x45	; 69
    62f2:	90 e0       	ldi	r25, 0x00	; 0
    62f4:	b7 01       	movw	r22, r14
    62f6:	0e 94 d5 34 	call	0x69aa	; 0x69aa <fputc>
    62fa:	d7 fc       	sbrc	r13, 7
    62fc:	06 c0       	rjmp	.+12     	; 0x630a <vfprintf+0x3a6>
    62fe:	c1 14       	cp	r12, r1
    6300:	d1 04       	cpc	r13, r1
    6302:	41 f4       	brne	.+16     	; 0x6314 <vfprintf+0x3b0>
    6304:	ec 85       	ldd	r30, Y+12	; 0x0c
    6306:	e4 ff       	sbrs	r30, 4
    6308:	05 c0       	rjmp	.+10     	; 0x6314 <vfprintf+0x3b0>
    630a:	d1 94       	neg	r13
    630c:	c1 94       	neg	r12
    630e:	d1 08       	sbc	r13, r1
    6310:	8d e2       	ldi	r24, 0x2D	; 45
    6312:	01 c0       	rjmp	.+2      	; 0x6316 <vfprintf+0x3b2>
    6314:	8b e2       	ldi	r24, 0x2B	; 43
    6316:	b7 01       	movw	r22, r14
    6318:	90 e0       	ldi	r25, 0x00	; 0
    631a:	0e 94 d5 34 	call	0x69aa	; 0x69aa <fputc>
    631e:	80 e3       	ldi	r24, 0x30	; 48
    6320:	2a e0       	ldi	r18, 0x0A	; 10
    6322:	c2 16       	cp	r12, r18
    6324:	d1 04       	cpc	r13, r1
    6326:	2c f0       	brlt	.+10     	; 0x6332 <vfprintf+0x3ce>
    6328:	8f 5f       	subi	r24, 0xFF	; 255
    632a:	fa e0       	ldi	r31, 0x0A	; 10
    632c:	cf 1a       	sub	r12, r31
    632e:	d1 08       	sbc	r13, r1
    6330:	f7 cf       	rjmp	.-18     	; 0x6320 <vfprintf+0x3bc>
    6332:	b7 01       	movw	r22, r14
    6334:	90 e0       	ldi	r25, 0x00	; 0
    6336:	0e 94 d5 34 	call	0x69aa	; 0x69aa <fputc>
    633a:	b7 01       	movw	r22, r14
    633c:	c6 01       	movw	r24, r12
    633e:	c0 96       	adiw	r24, 0x30	; 48
    6340:	0e 94 d5 34 	call	0x69aa	; 0x69aa <fputc>
    6344:	54 c1       	rjmp	.+680    	; 0x65ee <vfprintf+0x68a>
    6346:	83 36       	cpi	r24, 0x63	; 99
    6348:	31 f0       	breq	.+12     	; 0x6356 <vfprintf+0x3f2>
    634a:	83 37       	cpi	r24, 0x73	; 115
    634c:	79 f0       	breq	.+30     	; 0x636c <vfprintf+0x408>
    634e:	83 35       	cpi	r24, 0x53	; 83
    6350:	09 f0       	breq	.+2      	; 0x6354 <vfprintf+0x3f0>
    6352:	56 c0       	rjmp	.+172    	; 0x6400 <vfprintf+0x49c>
    6354:	20 c0       	rjmp	.+64     	; 0x6396 <vfprintf+0x432>
    6356:	56 01       	movw	r10, r12
    6358:	32 e0       	ldi	r19, 0x02	; 2
    635a:	a3 0e       	add	r10, r19
    635c:	b1 1c       	adc	r11, r1
    635e:	f6 01       	movw	r30, r12
    6360:	80 81       	ld	r24, Z
    6362:	89 83       	std	Y+1, r24	; 0x01
    6364:	01 e0       	ldi	r16, 0x01	; 1
    6366:	10 e0       	ldi	r17, 0x00	; 0
    6368:	63 01       	movw	r12, r6
    636a:	12 c0       	rjmp	.+36     	; 0x6390 <vfprintf+0x42c>
    636c:	56 01       	movw	r10, r12
    636e:	f2 e0       	ldi	r31, 0x02	; 2
    6370:	af 0e       	add	r10, r31
    6372:	b1 1c       	adc	r11, r1
    6374:	f6 01       	movw	r30, r12
    6376:	c0 80       	ld	r12, Z
    6378:	d1 80       	ldd	r13, Z+1	; 0x01
    637a:	96 fe       	sbrs	r9, 6
    637c:	03 c0       	rjmp	.+6      	; 0x6384 <vfprintf+0x420>
    637e:	61 2f       	mov	r22, r17
    6380:	70 e0       	ldi	r23, 0x00	; 0
    6382:	02 c0       	rjmp	.+4      	; 0x6388 <vfprintf+0x424>
    6384:	6f ef       	ldi	r22, 0xFF	; 255
    6386:	7f ef       	ldi	r23, 0xFF	; 255
    6388:	c6 01       	movw	r24, r12
    638a:	0e 94 c2 34 	call	0x6984	; 0x6984 <strnlen>
    638e:	8c 01       	movw	r16, r24
    6390:	f9 2d       	mov	r31, r9
    6392:	ff 77       	andi	r31, 0x7F	; 127
    6394:	14 c0       	rjmp	.+40     	; 0x63be <vfprintf+0x45a>
    6396:	56 01       	movw	r10, r12
    6398:	22 e0       	ldi	r18, 0x02	; 2
    639a:	a2 0e       	add	r10, r18
    639c:	b1 1c       	adc	r11, r1
    639e:	f6 01       	movw	r30, r12
    63a0:	c0 80       	ld	r12, Z
    63a2:	d1 80       	ldd	r13, Z+1	; 0x01
    63a4:	96 fe       	sbrs	r9, 6
    63a6:	03 c0       	rjmp	.+6      	; 0x63ae <vfprintf+0x44a>
    63a8:	61 2f       	mov	r22, r17
    63aa:	70 e0       	ldi	r23, 0x00	; 0
    63ac:	02 c0       	rjmp	.+4      	; 0x63b2 <vfprintf+0x44e>
    63ae:	6f ef       	ldi	r22, 0xFF	; 255
    63b0:	7f ef       	ldi	r23, 0xFF	; 255
    63b2:	c6 01       	movw	r24, r12
    63b4:	0e 94 ae 34 	call	0x695c	; 0x695c <strnlen_P>
    63b8:	8c 01       	movw	r16, r24
    63ba:	f9 2d       	mov	r31, r9
    63bc:	f0 68       	ori	r31, 0x80	; 128
    63be:	9f 2e       	mov	r9, r31
    63c0:	f3 fd       	sbrc	r31, 3
    63c2:	1a c0       	rjmp	.+52     	; 0x63f8 <vfprintf+0x494>
    63c4:	85 2d       	mov	r24, r5
    63c6:	90 e0       	ldi	r25, 0x00	; 0
    63c8:	08 17       	cp	r16, r24
    63ca:	19 07       	cpc	r17, r25
    63cc:	a8 f4       	brcc	.+42     	; 0x63f8 <vfprintf+0x494>
    63ce:	b7 01       	movw	r22, r14
    63d0:	80 e2       	ldi	r24, 0x20	; 32
    63d2:	90 e0       	ldi	r25, 0x00	; 0
    63d4:	0e 94 d5 34 	call	0x69aa	; 0x69aa <fputc>
    63d8:	5a 94       	dec	r5
    63da:	f4 cf       	rjmp	.-24     	; 0x63c4 <vfprintf+0x460>
    63dc:	f6 01       	movw	r30, r12
    63de:	97 fc       	sbrc	r9, 7
    63e0:	85 91       	lpm	r24, Z+
    63e2:	97 fe       	sbrs	r9, 7
    63e4:	81 91       	ld	r24, Z+
    63e6:	6f 01       	movw	r12, r30
    63e8:	b7 01       	movw	r22, r14
    63ea:	90 e0       	ldi	r25, 0x00	; 0
    63ec:	0e 94 d5 34 	call	0x69aa	; 0x69aa <fputc>
    63f0:	51 10       	cpse	r5, r1
    63f2:	5a 94       	dec	r5
    63f4:	01 50       	subi	r16, 0x01	; 1
    63f6:	11 09       	sbc	r17, r1
    63f8:	01 15       	cp	r16, r1
    63fa:	11 05       	cpc	r17, r1
    63fc:	79 f7       	brne	.-34     	; 0x63dc <vfprintf+0x478>
    63fe:	f7 c0       	rjmp	.+494    	; 0x65ee <vfprintf+0x68a>
    6400:	84 36       	cpi	r24, 0x64	; 100
    6402:	11 f0       	breq	.+4      	; 0x6408 <vfprintf+0x4a4>
    6404:	89 36       	cpi	r24, 0x69	; 105
    6406:	61 f5       	brne	.+88     	; 0x6460 <vfprintf+0x4fc>
    6408:	56 01       	movw	r10, r12
    640a:	97 fe       	sbrs	r9, 7
    640c:	09 c0       	rjmp	.+18     	; 0x6420 <vfprintf+0x4bc>
    640e:	24 e0       	ldi	r18, 0x04	; 4
    6410:	a2 0e       	add	r10, r18
    6412:	b1 1c       	adc	r11, r1
    6414:	f6 01       	movw	r30, r12
    6416:	60 81       	ld	r22, Z
    6418:	71 81       	ldd	r23, Z+1	; 0x01
    641a:	82 81       	ldd	r24, Z+2	; 0x02
    641c:	93 81       	ldd	r25, Z+3	; 0x03
    641e:	0a c0       	rjmp	.+20     	; 0x6434 <vfprintf+0x4d0>
    6420:	f2 e0       	ldi	r31, 0x02	; 2
    6422:	af 0e       	add	r10, r31
    6424:	b1 1c       	adc	r11, r1
    6426:	f6 01       	movw	r30, r12
    6428:	60 81       	ld	r22, Z
    642a:	71 81       	ldd	r23, Z+1	; 0x01
    642c:	07 2e       	mov	r0, r23
    642e:	00 0c       	add	r0, r0
    6430:	88 0b       	sbc	r24, r24
    6432:	99 0b       	sbc	r25, r25
    6434:	f9 2d       	mov	r31, r9
    6436:	ff 76       	andi	r31, 0x6F	; 111
    6438:	9f 2e       	mov	r9, r31
    643a:	97 ff       	sbrs	r25, 7
    643c:	09 c0       	rjmp	.+18     	; 0x6450 <vfprintf+0x4ec>
    643e:	90 95       	com	r25
    6440:	80 95       	com	r24
    6442:	70 95       	com	r23
    6444:	61 95       	neg	r22
    6446:	7f 4f       	sbci	r23, 0xFF	; 255
    6448:	8f 4f       	sbci	r24, 0xFF	; 255
    644a:	9f 4f       	sbci	r25, 0xFF	; 255
    644c:	f0 68       	ori	r31, 0x80	; 128
    644e:	9f 2e       	mov	r9, r31
    6450:	2a e0       	ldi	r18, 0x0A	; 10
    6452:	30 e0       	ldi	r19, 0x00	; 0
    6454:	a3 01       	movw	r20, r6
    6456:	0e 94 11 35 	call	0x6a22	; 0x6a22 <__ultoa_invert>
    645a:	c8 2e       	mov	r12, r24
    645c:	c6 18       	sub	r12, r6
    645e:	3f c0       	rjmp	.+126    	; 0x64de <vfprintf+0x57a>
    6460:	09 2d       	mov	r16, r9
    6462:	85 37       	cpi	r24, 0x75	; 117
    6464:	21 f4       	brne	.+8      	; 0x646e <vfprintf+0x50a>
    6466:	0f 7e       	andi	r16, 0xEF	; 239
    6468:	2a e0       	ldi	r18, 0x0A	; 10
    646a:	30 e0       	ldi	r19, 0x00	; 0
    646c:	1d c0       	rjmp	.+58     	; 0x64a8 <vfprintf+0x544>
    646e:	09 7f       	andi	r16, 0xF9	; 249
    6470:	8f 36       	cpi	r24, 0x6F	; 111
    6472:	91 f0       	breq	.+36     	; 0x6498 <vfprintf+0x534>
    6474:	18 f4       	brcc	.+6      	; 0x647c <vfprintf+0x518>
    6476:	88 35       	cpi	r24, 0x58	; 88
    6478:	59 f0       	breq	.+22     	; 0x6490 <vfprintf+0x52c>
    647a:	c3 c0       	rjmp	.+390    	; 0x6602 <vfprintf+0x69e>
    647c:	80 37       	cpi	r24, 0x70	; 112
    647e:	19 f0       	breq	.+6      	; 0x6486 <vfprintf+0x522>
    6480:	88 37       	cpi	r24, 0x78	; 120
    6482:	11 f0       	breq	.+4      	; 0x6488 <vfprintf+0x524>
    6484:	be c0       	rjmp	.+380    	; 0x6602 <vfprintf+0x69e>
    6486:	00 61       	ori	r16, 0x10	; 16
    6488:	04 ff       	sbrs	r16, 4
    648a:	09 c0       	rjmp	.+18     	; 0x649e <vfprintf+0x53a>
    648c:	04 60       	ori	r16, 0x04	; 4
    648e:	07 c0       	rjmp	.+14     	; 0x649e <vfprintf+0x53a>
    6490:	94 fe       	sbrs	r9, 4
    6492:	08 c0       	rjmp	.+16     	; 0x64a4 <vfprintf+0x540>
    6494:	06 60       	ori	r16, 0x06	; 6
    6496:	06 c0       	rjmp	.+12     	; 0x64a4 <vfprintf+0x540>
    6498:	28 e0       	ldi	r18, 0x08	; 8
    649a:	30 e0       	ldi	r19, 0x00	; 0
    649c:	05 c0       	rjmp	.+10     	; 0x64a8 <vfprintf+0x544>
    649e:	20 e1       	ldi	r18, 0x10	; 16
    64a0:	30 e0       	ldi	r19, 0x00	; 0
    64a2:	02 c0       	rjmp	.+4      	; 0x64a8 <vfprintf+0x544>
    64a4:	20 e1       	ldi	r18, 0x10	; 16
    64a6:	32 e0       	ldi	r19, 0x02	; 2
    64a8:	56 01       	movw	r10, r12
    64aa:	07 ff       	sbrs	r16, 7
    64ac:	09 c0       	rjmp	.+18     	; 0x64c0 <vfprintf+0x55c>
    64ae:	84 e0       	ldi	r24, 0x04	; 4
    64b0:	a8 0e       	add	r10, r24
    64b2:	b1 1c       	adc	r11, r1
    64b4:	f6 01       	movw	r30, r12
    64b6:	60 81       	ld	r22, Z
    64b8:	71 81       	ldd	r23, Z+1	; 0x01
    64ba:	82 81       	ldd	r24, Z+2	; 0x02
    64bc:	93 81       	ldd	r25, Z+3	; 0x03
    64be:	08 c0       	rjmp	.+16     	; 0x64d0 <vfprintf+0x56c>
    64c0:	f2 e0       	ldi	r31, 0x02	; 2
    64c2:	af 0e       	add	r10, r31
    64c4:	b1 1c       	adc	r11, r1
    64c6:	f6 01       	movw	r30, r12
    64c8:	60 81       	ld	r22, Z
    64ca:	71 81       	ldd	r23, Z+1	; 0x01
    64cc:	80 e0       	ldi	r24, 0x00	; 0
    64ce:	90 e0       	ldi	r25, 0x00	; 0
    64d0:	a3 01       	movw	r20, r6
    64d2:	0e 94 11 35 	call	0x6a22	; 0x6a22 <__ultoa_invert>
    64d6:	c8 2e       	mov	r12, r24
    64d8:	c6 18       	sub	r12, r6
    64da:	0f 77       	andi	r16, 0x7F	; 127
    64dc:	90 2e       	mov	r9, r16
    64de:	96 fe       	sbrs	r9, 6
    64e0:	0b c0       	rjmp	.+22     	; 0x64f8 <vfprintf+0x594>
    64e2:	09 2d       	mov	r16, r9
    64e4:	0e 7f       	andi	r16, 0xFE	; 254
    64e6:	c1 16       	cp	r12, r17
    64e8:	50 f4       	brcc	.+20     	; 0x64fe <vfprintf+0x59a>
    64ea:	94 fe       	sbrs	r9, 4
    64ec:	0a c0       	rjmp	.+20     	; 0x6502 <vfprintf+0x59e>
    64ee:	92 fc       	sbrc	r9, 2
    64f0:	08 c0       	rjmp	.+16     	; 0x6502 <vfprintf+0x59e>
    64f2:	09 2d       	mov	r16, r9
    64f4:	0e 7e       	andi	r16, 0xEE	; 238
    64f6:	05 c0       	rjmp	.+10     	; 0x6502 <vfprintf+0x59e>
    64f8:	dc 2c       	mov	r13, r12
    64fa:	09 2d       	mov	r16, r9
    64fc:	03 c0       	rjmp	.+6      	; 0x6504 <vfprintf+0x5a0>
    64fe:	dc 2c       	mov	r13, r12
    6500:	01 c0       	rjmp	.+2      	; 0x6504 <vfprintf+0x5a0>
    6502:	d1 2e       	mov	r13, r17
    6504:	04 ff       	sbrs	r16, 4
    6506:	0d c0       	rjmp	.+26     	; 0x6522 <vfprintf+0x5be>
    6508:	fe 01       	movw	r30, r28
    650a:	ec 0d       	add	r30, r12
    650c:	f1 1d       	adc	r31, r1
    650e:	80 81       	ld	r24, Z
    6510:	80 33       	cpi	r24, 0x30	; 48
    6512:	11 f4       	brne	.+4      	; 0x6518 <vfprintf+0x5b4>
    6514:	09 7e       	andi	r16, 0xE9	; 233
    6516:	09 c0       	rjmp	.+18     	; 0x652a <vfprintf+0x5c6>
    6518:	02 ff       	sbrs	r16, 2
    651a:	06 c0       	rjmp	.+12     	; 0x6528 <vfprintf+0x5c4>
    651c:	d3 94       	inc	r13
    651e:	d3 94       	inc	r13
    6520:	04 c0       	rjmp	.+8      	; 0x652a <vfprintf+0x5c6>
    6522:	80 2f       	mov	r24, r16
    6524:	86 78       	andi	r24, 0x86	; 134
    6526:	09 f0       	breq	.+2      	; 0x652a <vfprintf+0x5c6>
    6528:	d3 94       	inc	r13
    652a:	03 fd       	sbrc	r16, 3
    652c:	11 c0       	rjmp	.+34     	; 0x6550 <vfprintf+0x5ec>
    652e:	00 ff       	sbrs	r16, 0
    6530:	06 c0       	rjmp	.+12     	; 0x653e <vfprintf+0x5da>
    6532:	1c 2d       	mov	r17, r12
    6534:	d5 14       	cp	r13, r5
    6536:	80 f4       	brcc	.+32     	; 0x6558 <vfprintf+0x5f4>
    6538:	15 0d       	add	r17, r5
    653a:	1d 19       	sub	r17, r13
    653c:	0d c0       	rjmp	.+26     	; 0x6558 <vfprintf+0x5f4>
    653e:	d5 14       	cp	r13, r5
    6540:	58 f4       	brcc	.+22     	; 0x6558 <vfprintf+0x5f4>
    6542:	b7 01       	movw	r22, r14
    6544:	80 e2       	ldi	r24, 0x20	; 32
    6546:	90 e0       	ldi	r25, 0x00	; 0
    6548:	0e 94 d5 34 	call	0x69aa	; 0x69aa <fputc>
    654c:	d3 94       	inc	r13
    654e:	f7 cf       	rjmp	.-18     	; 0x653e <vfprintf+0x5da>
    6550:	d5 14       	cp	r13, r5
    6552:	10 f4       	brcc	.+4      	; 0x6558 <vfprintf+0x5f4>
    6554:	5d 18       	sub	r5, r13
    6556:	01 c0       	rjmp	.+2      	; 0x655a <vfprintf+0x5f6>
    6558:	51 2c       	mov	r5, r1
    655a:	04 ff       	sbrs	r16, 4
    655c:	10 c0       	rjmp	.+32     	; 0x657e <vfprintf+0x61a>
    655e:	b7 01       	movw	r22, r14
    6560:	80 e3       	ldi	r24, 0x30	; 48
    6562:	90 e0       	ldi	r25, 0x00	; 0
    6564:	0e 94 d5 34 	call	0x69aa	; 0x69aa <fputc>
    6568:	02 ff       	sbrs	r16, 2
    656a:	17 c0       	rjmp	.+46     	; 0x659a <vfprintf+0x636>
    656c:	01 fd       	sbrc	r16, 1
    656e:	03 c0       	rjmp	.+6      	; 0x6576 <vfprintf+0x612>
    6570:	88 e7       	ldi	r24, 0x78	; 120
    6572:	90 e0       	ldi	r25, 0x00	; 0
    6574:	02 c0       	rjmp	.+4      	; 0x657a <vfprintf+0x616>
    6576:	88 e5       	ldi	r24, 0x58	; 88
    6578:	90 e0       	ldi	r25, 0x00	; 0
    657a:	b7 01       	movw	r22, r14
    657c:	0c c0       	rjmp	.+24     	; 0x6596 <vfprintf+0x632>
    657e:	80 2f       	mov	r24, r16
    6580:	86 78       	andi	r24, 0x86	; 134
    6582:	59 f0       	breq	.+22     	; 0x659a <vfprintf+0x636>
    6584:	01 ff       	sbrs	r16, 1
    6586:	02 c0       	rjmp	.+4      	; 0x658c <vfprintf+0x628>
    6588:	8b e2       	ldi	r24, 0x2B	; 43
    658a:	01 c0       	rjmp	.+2      	; 0x658e <vfprintf+0x62a>
    658c:	80 e2       	ldi	r24, 0x20	; 32
    658e:	07 fd       	sbrc	r16, 7
    6590:	8d e2       	ldi	r24, 0x2D	; 45
    6592:	b7 01       	movw	r22, r14
    6594:	90 e0       	ldi	r25, 0x00	; 0
    6596:	0e 94 d5 34 	call	0x69aa	; 0x69aa <fputc>
    659a:	c1 16       	cp	r12, r17
    659c:	38 f4       	brcc	.+14     	; 0x65ac <vfprintf+0x648>
    659e:	b7 01       	movw	r22, r14
    65a0:	80 e3       	ldi	r24, 0x30	; 48
    65a2:	90 e0       	ldi	r25, 0x00	; 0
    65a4:	0e 94 d5 34 	call	0x69aa	; 0x69aa <fputc>
    65a8:	11 50       	subi	r17, 0x01	; 1
    65aa:	f7 cf       	rjmp	.-18     	; 0x659a <vfprintf+0x636>
    65ac:	ca 94       	dec	r12
    65ae:	f3 01       	movw	r30, r6
    65b0:	ec 0d       	add	r30, r12
    65b2:	f1 1d       	adc	r31, r1
    65b4:	80 81       	ld	r24, Z
    65b6:	b7 01       	movw	r22, r14
    65b8:	90 e0       	ldi	r25, 0x00	; 0
    65ba:	0e 94 d5 34 	call	0x69aa	; 0x69aa <fputc>
    65be:	c1 10       	cpse	r12, r1
    65c0:	f5 cf       	rjmp	.-22     	; 0x65ac <vfprintf+0x648>
    65c2:	15 c0       	rjmp	.+42     	; 0x65ee <vfprintf+0x68a>
    65c4:	f4 e0       	ldi	r31, 0x04	; 4
    65c6:	f5 15       	cp	r31, r5
    65c8:	60 f5       	brcc	.+88     	; 0x6622 <vfprintf+0x6be>
    65ca:	84 e0       	ldi	r24, 0x04	; 4
    65cc:	58 1a       	sub	r5, r24
    65ce:	93 fe       	sbrs	r9, 3
    65d0:	1f c0       	rjmp	.+62     	; 0x6610 <vfprintf+0x6ac>
    65d2:	01 11       	cpse	r16, r1
    65d4:	27 c0       	rjmp	.+78     	; 0x6624 <vfprintf+0x6c0>
    65d6:	2c 85       	ldd	r18, Y+12	; 0x0c
    65d8:	23 ff       	sbrs	r18, 3
    65da:	2a c0       	rjmp	.+84     	; 0x6630 <vfprintf+0x6cc>
    65dc:	0c ee       	ldi	r16, 0xEC	; 236
    65de:	12 e0       	ldi	r17, 0x02	; 2
    65e0:	39 2d       	mov	r19, r9
    65e2:	30 71       	andi	r19, 0x10	; 16
    65e4:	93 2e       	mov	r9, r19
    65e6:	f8 01       	movw	r30, r16
    65e8:	84 91       	lpm	r24, Z
    65ea:	81 11       	cpse	r24, r1
    65ec:	24 c0       	rjmp	.+72     	; 0x6636 <vfprintf+0x6d2>
    65ee:	55 20       	and	r5, r5
    65f0:	09 f4       	brne	.+2      	; 0x65f4 <vfprintf+0x690>
    65f2:	e4 cc       	rjmp	.-1592   	; 0x5fbc <vfprintf+0x58>
    65f4:	b7 01       	movw	r22, r14
    65f6:	80 e2       	ldi	r24, 0x20	; 32
    65f8:	90 e0       	ldi	r25, 0x00	; 0
    65fa:	0e 94 d5 34 	call	0x69aa	; 0x69aa <fputc>
    65fe:	5a 94       	dec	r5
    6600:	f6 cf       	rjmp	.-20     	; 0x65ee <vfprintf+0x68a>
    6602:	f7 01       	movw	r30, r14
    6604:	86 81       	ldd	r24, Z+6	; 0x06
    6606:	97 81       	ldd	r25, Z+7	; 0x07
    6608:	26 c0       	rjmp	.+76     	; 0x6656 <vfprintf+0x6f2>
    660a:	8f ef       	ldi	r24, 0xFF	; 255
    660c:	9f ef       	ldi	r25, 0xFF	; 255
    660e:	23 c0       	rjmp	.+70     	; 0x6656 <vfprintf+0x6f2>
    6610:	b7 01       	movw	r22, r14
    6612:	80 e2       	ldi	r24, 0x20	; 32
    6614:	90 e0       	ldi	r25, 0x00	; 0
    6616:	0e 94 d5 34 	call	0x69aa	; 0x69aa <fputc>
    661a:	5a 94       	dec	r5
    661c:	51 10       	cpse	r5, r1
    661e:	f8 cf       	rjmp	.-16     	; 0x6610 <vfprintf+0x6ac>
    6620:	d8 cf       	rjmp	.-80     	; 0x65d2 <vfprintf+0x66e>
    6622:	51 2c       	mov	r5, r1
    6624:	b7 01       	movw	r22, r14
    6626:	80 2f       	mov	r24, r16
    6628:	90 e0       	ldi	r25, 0x00	; 0
    662a:	0e 94 d5 34 	call	0x69aa	; 0x69aa <fputc>
    662e:	d3 cf       	rjmp	.-90     	; 0x65d6 <vfprintf+0x672>
    6630:	00 ef       	ldi	r16, 0xF0	; 240
    6632:	12 e0       	ldi	r17, 0x02	; 2
    6634:	d5 cf       	rjmp	.-86     	; 0x65e0 <vfprintf+0x67c>
    6636:	91 10       	cpse	r9, r1
    6638:	80 52       	subi	r24, 0x20	; 32
    663a:	b7 01       	movw	r22, r14
    663c:	90 e0       	ldi	r25, 0x00	; 0
    663e:	0e 94 d5 34 	call	0x69aa	; 0x69aa <fputc>
    6642:	0f 5f       	subi	r16, 0xFF	; 255
    6644:	1f 4f       	sbci	r17, 0xFF	; 255
    6646:	cf cf       	rjmp	.-98     	; 0x65e6 <vfprintf+0x682>
    6648:	23 e0       	ldi	r18, 0x03	; 3
    664a:	25 15       	cp	r18, r5
    664c:	10 f4       	brcc	.+4      	; 0x6652 <vfprintf+0x6ee>
    664e:	83 e0       	ldi	r24, 0x03	; 3
    6650:	bd cf       	rjmp	.-134    	; 0x65cc <vfprintf+0x668>
    6652:	51 2c       	mov	r5, r1
    6654:	c0 cf       	rjmp	.-128    	; 0x65d6 <vfprintf+0x672>
    6656:	60 96       	adiw	r28, 0x10	; 16
    6658:	e2 e1       	ldi	r30, 0x12	; 18
    665a:	0c 94 8e 33 	jmp	0x671c	; 0x671c <__epilogue_restores__>

0000665e <__mulsi3>:
    665e:	db 01       	movw	r26, r22
    6660:	8f 93       	push	r24
    6662:	9f 93       	push	r25
    6664:	0e 94 67 33 	call	0x66ce	; 0x66ce <__muluhisi3>
    6668:	bf 91       	pop	r27
    666a:	af 91       	pop	r26
    666c:	a2 9f       	mul	r26, r18
    666e:	80 0d       	add	r24, r0
    6670:	91 1d       	adc	r25, r1
    6672:	a3 9f       	mul	r26, r19
    6674:	90 0d       	add	r25, r0
    6676:	b2 9f       	mul	r27, r18
    6678:	90 0d       	add	r25, r0
    667a:	11 24       	eor	r1, r1
    667c:	08 95       	ret

0000667e <__udivmodsi4>:
    667e:	a1 e2       	ldi	r26, 0x21	; 33
    6680:	1a 2e       	mov	r1, r26
    6682:	aa 1b       	sub	r26, r26
    6684:	bb 1b       	sub	r27, r27
    6686:	fd 01       	movw	r30, r26
    6688:	0d c0       	rjmp	.+26     	; 0x66a4 <__udivmodsi4_ep>

0000668a <__udivmodsi4_loop>:
    668a:	aa 1f       	adc	r26, r26
    668c:	bb 1f       	adc	r27, r27
    668e:	ee 1f       	adc	r30, r30
    6690:	ff 1f       	adc	r31, r31
    6692:	a2 17       	cp	r26, r18
    6694:	b3 07       	cpc	r27, r19
    6696:	e4 07       	cpc	r30, r20
    6698:	f5 07       	cpc	r31, r21
    669a:	20 f0       	brcs	.+8      	; 0x66a4 <__udivmodsi4_ep>
    669c:	a2 1b       	sub	r26, r18
    669e:	b3 0b       	sbc	r27, r19
    66a0:	e4 0b       	sbc	r30, r20
    66a2:	f5 0b       	sbc	r31, r21

000066a4 <__udivmodsi4_ep>:
    66a4:	66 1f       	adc	r22, r22
    66a6:	77 1f       	adc	r23, r23
    66a8:	88 1f       	adc	r24, r24
    66aa:	99 1f       	adc	r25, r25
    66ac:	1a 94       	dec	r1
    66ae:	69 f7       	brne	.-38     	; 0x668a <__udivmodsi4_loop>
    66b0:	60 95       	com	r22
    66b2:	70 95       	com	r23
    66b4:	80 95       	com	r24
    66b6:	90 95       	com	r25
    66b8:	9b 01       	movw	r18, r22
    66ba:	ac 01       	movw	r20, r24
    66bc:	bd 01       	movw	r22, r26
    66be:	cf 01       	movw	r24, r30
    66c0:	08 95       	ret

000066c2 <__tablejump2__>:
    66c2:	ee 0f       	add	r30, r30
    66c4:	ff 1f       	adc	r31, r31
    66c6:	05 90       	lpm	r0, Z+
    66c8:	f4 91       	lpm	r31, Z
    66ca:	e0 2d       	mov	r30, r0
    66cc:	09 94       	ijmp

000066ce <__muluhisi3>:
    66ce:	0e 94 a9 33 	call	0x6752	; 0x6752 <__umulhisi3>
    66d2:	a5 9f       	mul	r26, r21
    66d4:	90 0d       	add	r25, r0
    66d6:	b4 9f       	mul	r27, r20
    66d8:	90 0d       	add	r25, r0
    66da:	a4 9f       	mul	r26, r20
    66dc:	80 0d       	add	r24, r0
    66de:	91 1d       	adc	r25, r1
    66e0:	11 24       	eor	r1, r1
    66e2:	08 95       	ret

000066e4 <__prologue_saves__>:
    66e4:	2f 92       	push	r2
    66e6:	3f 92       	push	r3
    66e8:	4f 92       	push	r4
    66ea:	5f 92       	push	r5
    66ec:	6f 92       	push	r6
    66ee:	7f 92       	push	r7
    66f0:	8f 92       	push	r8
    66f2:	9f 92       	push	r9
    66f4:	af 92       	push	r10
    66f6:	bf 92       	push	r11
    66f8:	cf 92       	push	r12
    66fa:	df 92       	push	r13
    66fc:	ef 92       	push	r14
    66fe:	ff 92       	push	r15
    6700:	0f 93       	push	r16
    6702:	1f 93       	push	r17
    6704:	cf 93       	push	r28
    6706:	df 93       	push	r29
    6708:	cd b7       	in	r28, 0x3d	; 61
    670a:	de b7       	in	r29, 0x3e	; 62
    670c:	ca 1b       	sub	r28, r26
    670e:	db 0b       	sbc	r29, r27
    6710:	0f b6       	in	r0, 0x3f	; 63
    6712:	f8 94       	cli
    6714:	de bf       	out	0x3e, r29	; 62
    6716:	0f be       	out	0x3f, r0	; 63
    6718:	cd bf       	out	0x3d, r28	; 61
    671a:	09 94       	ijmp

0000671c <__epilogue_restores__>:
    671c:	2a 88       	ldd	r2, Y+18	; 0x12
    671e:	39 88       	ldd	r3, Y+17	; 0x11
    6720:	48 88       	ldd	r4, Y+16	; 0x10
    6722:	5f 84       	ldd	r5, Y+15	; 0x0f
    6724:	6e 84       	ldd	r6, Y+14	; 0x0e
    6726:	7d 84       	ldd	r7, Y+13	; 0x0d
    6728:	8c 84       	ldd	r8, Y+12	; 0x0c
    672a:	9b 84       	ldd	r9, Y+11	; 0x0b
    672c:	aa 84       	ldd	r10, Y+10	; 0x0a
    672e:	b9 84       	ldd	r11, Y+9	; 0x09
    6730:	c8 84       	ldd	r12, Y+8	; 0x08
    6732:	df 80       	ldd	r13, Y+7	; 0x07
    6734:	ee 80       	ldd	r14, Y+6	; 0x06
    6736:	fd 80       	ldd	r15, Y+5	; 0x05
    6738:	0c 81       	ldd	r16, Y+4	; 0x04
    673a:	1b 81       	ldd	r17, Y+3	; 0x03
    673c:	aa 81       	ldd	r26, Y+2	; 0x02
    673e:	b9 81       	ldd	r27, Y+1	; 0x01
    6740:	ce 0f       	add	r28, r30
    6742:	d1 1d       	adc	r29, r1
    6744:	0f b6       	in	r0, 0x3f	; 63
    6746:	f8 94       	cli
    6748:	de bf       	out	0x3e, r29	; 62
    674a:	0f be       	out	0x3f, r0	; 63
    674c:	cd bf       	out	0x3d, r28	; 61
    674e:	ed 01       	movw	r28, r26
    6750:	08 95       	ret

00006752 <__umulhisi3>:
    6752:	a2 9f       	mul	r26, r18
    6754:	b0 01       	movw	r22, r0
    6756:	b3 9f       	mul	r27, r19
    6758:	c0 01       	movw	r24, r0
    675a:	a3 9f       	mul	r26, r19
    675c:	70 0d       	add	r23, r0
    675e:	81 1d       	adc	r24, r1
    6760:	11 24       	eor	r1, r1
    6762:	91 1d       	adc	r25, r1
    6764:	b2 9f       	mul	r27, r18
    6766:	70 0d       	add	r23, r0
    6768:	81 1d       	adc	r24, r1
    676a:	11 24       	eor	r1, r1
    676c:	91 1d       	adc	r25, r1
    676e:	08 95       	ret

00006770 <atoi>:
    6770:	fc 01       	movw	r30, r24
    6772:	88 27       	eor	r24, r24
    6774:	99 27       	eor	r25, r25
    6776:	e8 94       	clt
    6778:	21 91       	ld	r18, Z+
    677a:	20 32       	cpi	r18, 0x20	; 32
    677c:	e9 f3       	breq	.-6      	; 0x6778 <atoi+0x8>
    677e:	29 30       	cpi	r18, 0x09	; 9
    6780:	10 f0       	brcs	.+4      	; 0x6786 <atoi+0x16>
    6782:	2e 30       	cpi	r18, 0x0E	; 14
    6784:	c8 f3       	brcs	.-14     	; 0x6778 <atoi+0x8>
    6786:	2b 32       	cpi	r18, 0x2B	; 43
    6788:	41 f0       	breq	.+16     	; 0x679a <atoi+0x2a>
    678a:	2d 32       	cpi	r18, 0x2D	; 45
    678c:	39 f4       	brne	.+14     	; 0x679c <atoi+0x2c>
    678e:	68 94       	set
    6790:	04 c0       	rjmp	.+8      	; 0x679a <atoi+0x2a>
    6792:	0e 94 cd 34 	call	0x699a	; 0x699a <__mulhi_const_10>
    6796:	82 0f       	add	r24, r18
    6798:	91 1d       	adc	r25, r1
    679a:	21 91       	ld	r18, Z+
    679c:	20 53       	subi	r18, 0x30	; 48
    679e:	2a 30       	cpi	r18, 0x0A	; 10
    67a0:	c0 f3       	brcs	.-16     	; 0x6792 <atoi+0x22>
    67a2:	1e f4       	brtc	.+6      	; 0x67aa <atoi+0x3a>
    67a4:	90 95       	com	r25
    67a6:	81 95       	neg	r24
    67a8:	9f 4f       	sbci	r25, 0xFF	; 255
    67aa:	08 95       	ret

000067ac <__ftoa_engine>:
    67ac:	28 30       	cpi	r18, 0x08	; 8
    67ae:	08 f0       	brcs	.+2      	; 0x67b2 <__ftoa_engine+0x6>
    67b0:	27 e0       	ldi	r18, 0x07	; 7
    67b2:	33 27       	eor	r19, r19
    67b4:	da 01       	movw	r26, r20
    67b6:	99 0f       	add	r25, r25
    67b8:	31 1d       	adc	r19, r1
    67ba:	87 fd       	sbrc	r24, 7
    67bc:	91 60       	ori	r25, 0x01	; 1
    67be:	00 96       	adiw	r24, 0x00	; 0
    67c0:	61 05       	cpc	r22, r1
    67c2:	71 05       	cpc	r23, r1
    67c4:	39 f4       	brne	.+14     	; 0x67d4 <__ftoa_engine+0x28>
    67c6:	32 60       	ori	r19, 0x02	; 2
    67c8:	2e 5f       	subi	r18, 0xFE	; 254
    67ca:	3d 93       	st	X+, r19
    67cc:	30 e3       	ldi	r19, 0x30	; 48
    67ce:	2a 95       	dec	r18
    67d0:	e1 f7       	brne	.-8      	; 0x67ca <__ftoa_engine+0x1e>
    67d2:	08 95       	ret
    67d4:	9f 3f       	cpi	r25, 0xFF	; 255
    67d6:	30 f0       	brcs	.+12     	; 0x67e4 <__ftoa_engine+0x38>
    67d8:	80 38       	cpi	r24, 0x80	; 128
    67da:	71 05       	cpc	r23, r1
    67dc:	61 05       	cpc	r22, r1
    67de:	09 f0       	breq	.+2      	; 0x67e2 <__ftoa_engine+0x36>
    67e0:	3c 5f       	subi	r19, 0xFC	; 252
    67e2:	3c 5f       	subi	r19, 0xFC	; 252
    67e4:	3d 93       	st	X+, r19
    67e6:	91 30       	cpi	r25, 0x01	; 1
    67e8:	08 f0       	brcs	.+2      	; 0x67ec <__ftoa_engine+0x40>
    67ea:	80 68       	ori	r24, 0x80	; 128
    67ec:	91 1d       	adc	r25, r1
    67ee:	df 93       	push	r29
    67f0:	cf 93       	push	r28
    67f2:	1f 93       	push	r17
    67f4:	0f 93       	push	r16
    67f6:	ff 92       	push	r15
    67f8:	ef 92       	push	r14
    67fa:	19 2f       	mov	r17, r25
    67fc:	98 7f       	andi	r25, 0xF8	; 248
    67fe:	96 95       	lsr	r25
    6800:	e9 2f       	mov	r30, r25
    6802:	96 95       	lsr	r25
    6804:	96 95       	lsr	r25
    6806:	e9 0f       	add	r30, r25
    6808:	ff 27       	eor	r31, r31
    680a:	e2 5b       	subi	r30, 0xB2	; 178
    680c:	fc 4f       	sbci	r31, 0xFC	; 252
    680e:	99 27       	eor	r25, r25
    6810:	33 27       	eor	r19, r19
    6812:	ee 24       	eor	r14, r14
    6814:	ff 24       	eor	r15, r15
    6816:	a7 01       	movw	r20, r14
    6818:	e7 01       	movw	r28, r14
    681a:	05 90       	lpm	r0, Z+
    681c:	08 94       	sec
    681e:	07 94       	ror	r0
    6820:	28 f4       	brcc	.+10     	; 0x682c <__ftoa_engine+0x80>
    6822:	36 0f       	add	r19, r22
    6824:	e7 1e       	adc	r14, r23
    6826:	f8 1e       	adc	r15, r24
    6828:	49 1f       	adc	r20, r25
    682a:	51 1d       	adc	r21, r1
    682c:	66 0f       	add	r22, r22
    682e:	77 1f       	adc	r23, r23
    6830:	88 1f       	adc	r24, r24
    6832:	99 1f       	adc	r25, r25
    6834:	06 94       	lsr	r0
    6836:	a1 f7       	brne	.-24     	; 0x6820 <__ftoa_engine+0x74>
    6838:	05 90       	lpm	r0, Z+
    683a:	07 94       	ror	r0
    683c:	28 f4       	brcc	.+10     	; 0x6848 <__ftoa_engine+0x9c>
    683e:	e7 0e       	add	r14, r23
    6840:	f8 1e       	adc	r15, r24
    6842:	49 1f       	adc	r20, r25
    6844:	56 1f       	adc	r21, r22
    6846:	c1 1d       	adc	r28, r1
    6848:	77 0f       	add	r23, r23
    684a:	88 1f       	adc	r24, r24
    684c:	99 1f       	adc	r25, r25
    684e:	66 1f       	adc	r22, r22
    6850:	06 94       	lsr	r0
    6852:	a1 f7       	brne	.-24     	; 0x683c <__ftoa_engine+0x90>
    6854:	05 90       	lpm	r0, Z+
    6856:	07 94       	ror	r0
    6858:	28 f4       	brcc	.+10     	; 0x6864 <__ftoa_engine+0xb8>
    685a:	f8 0e       	add	r15, r24
    685c:	49 1f       	adc	r20, r25
    685e:	56 1f       	adc	r21, r22
    6860:	c7 1f       	adc	r28, r23
    6862:	d1 1d       	adc	r29, r1
    6864:	88 0f       	add	r24, r24
    6866:	99 1f       	adc	r25, r25
    6868:	66 1f       	adc	r22, r22
    686a:	77 1f       	adc	r23, r23
    686c:	06 94       	lsr	r0
    686e:	a1 f7       	brne	.-24     	; 0x6858 <__ftoa_engine+0xac>
    6870:	05 90       	lpm	r0, Z+
    6872:	07 94       	ror	r0
    6874:	20 f4       	brcc	.+8      	; 0x687e <__ftoa_engine+0xd2>
    6876:	49 0f       	add	r20, r25
    6878:	56 1f       	adc	r21, r22
    687a:	c7 1f       	adc	r28, r23
    687c:	d8 1f       	adc	r29, r24
    687e:	99 0f       	add	r25, r25
    6880:	66 1f       	adc	r22, r22
    6882:	77 1f       	adc	r23, r23
    6884:	88 1f       	adc	r24, r24
    6886:	06 94       	lsr	r0
    6888:	a9 f7       	brne	.-22     	; 0x6874 <__ftoa_engine+0xc8>
    688a:	84 91       	lpm	r24, Z
    688c:	10 95       	com	r17
    688e:	17 70       	andi	r17, 0x07	; 7
    6890:	41 f0       	breq	.+16     	; 0x68a2 <__ftoa_engine+0xf6>
    6892:	d6 95       	lsr	r29
    6894:	c7 95       	ror	r28
    6896:	57 95       	ror	r21
    6898:	47 95       	ror	r20
    689a:	f7 94       	ror	r15
    689c:	e7 94       	ror	r14
    689e:	1a 95       	dec	r17
    68a0:	c1 f7       	brne	.-16     	; 0x6892 <__ftoa_engine+0xe6>
    68a2:	e4 ef       	ldi	r30, 0xF4	; 244
    68a4:	f2 e0       	ldi	r31, 0x02	; 2
    68a6:	68 94       	set
    68a8:	15 90       	lpm	r1, Z+
    68aa:	15 91       	lpm	r17, Z+
    68ac:	35 91       	lpm	r19, Z+
    68ae:	65 91       	lpm	r22, Z+
    68b0:	95 91       	lpm	r25, Z+
    68b2:	05 90       	lpm	r0, Z+
    68b4:	7f e2       	ldi	r23, 0x2F	; 47
    68b6:	73 95       	inc	r23
    68b8:	e1 18       	sub	r14, r1
    68ba:	f1 0a       	sbc	r15, r17
    68bc:	43 0b       	sbc	r20, r19
    68be:	56 0b       	sbc	r21, r22
    68c0:	c9 0b       	sbc	r28, r25
    68c2:	d0 09       	sbc	r29, r0
    68c4:	c0 f7       	brcc	.-16     	; 0x68b6 <__ftoa_engine+0x10a>
    68c6:	e1 0c       	add	r14, r1
    68c8:	f1 1e       	adc	r15, r17
    68ca:	43 1f       	adc	r20, r19
    68cc:	56 1f       	adc	r21, r22
    68ce:	c9 1f       	adc	r28, r25
    68d0:	d0 1d       	adc	r29, r0
    68d2:	7e f4       	brtc	.+30     	; 0x68f2 <__ftoa_engine+0x146>
    68d4:	70 33       	cpi	r23, 0x30	; 48
    68d6:	11 f4       	brne	.+4      	; 0x68dc <__ftoa_engine+0x130>
    68d8:	8a 95       	dec	r24
    68da:	e6 cf       	rjmp	.-52     	; 0x68a8 <__ftoa_engine+0xfc>
    68dc:	e8 94       	clt
    68de:	01 50       	subi	r16, 0x01	; 1
    68e0:	30 f0       	brcs	.+12     	; 0x68ee <__ftoa_engine+0x142>
    68e2:	08 0f       	add	r16, r24
    68e4:	0a f4       	brpl	.+2      	; 0x68e8 <__ftoa_engine+0x13c>
    68e6:	00 27       	eor	r16, r16
    68e8:	02 17       	cp	r16, r18
    68ea:	08 f4       	brcc	.+2      	; 0x68ee <__ftoa_engine+0x142>
    68ec:	20 2f       	mov	r18, r16
    68ee:	23 95       	inc	r18
    68f0:	02 2f       	mov	r16, r18
    68f2:	7a 33       	cpi	r23, 0x3A	; 58
    68f4:	28 f0       	brcs	.+10     	; 0x6900 <__ftoa_engine+0x154>
    68f6:	79 e3       	ldi	r23, 0x39	; 57
    68f8:	7d 93       	st	X+, r23
    68fa:	2a 95       	dec	r18
    68fc:	e9 f7       	brne	.-6      	; 0x68f8 <__ftoa_engine+0x14c>
    68fe:	10 c0       	rjmp	.+32     	; 0x6920 <__ftoa_engine+0x174>
    6900:	7d 93       	st	X+, r23
    6902:	2a 95       	dec	r18
    6904:	89 f6       	brne	.-94     	; 0x68a8 <__ftoa_engine+0xfc>
    6906:	06 94       	lsr	r0
    6908:	97 95       	ror	r25
    690a:	67 95       	ror	r22
    690c:	37 95       	ror	r19
    690e:	17 95       	ror	r17
    6910:	17 94       	ror	r1
    6912:	e1 18       	sub	r14, r1
    6914:	f1 0a       	sbc	r15, r17
    6916:	43 0b       	sbc	r20, r19
    6918:	56 0b       	sbc	r21, r22
    691a:	c9 0b       	sbc	r28, r25
    691c:	d0 09       	sbc	r29, r0
    691e:	98 f0       	brcs	.+38     	; 0x6946 <__ftoa_engine+0x19a>
    6920:	23 95       	inc	r18
    6922:	7e 91       	ld	r23, -X
    6924:	73 95       	inc	r23
    6926:	7a 33       	cpi	r23, 0x3A	; 58
    6928:	08 f0       	brcs	.+2      	; 0x692c <__ftoa_engine+0x180>
    692a:	70 e3       	ldi	r23, 0x30	; 48
    692c:	7c 93       	st	X, r23
    692e:	20 13       	cpse	r18, r16
    6930:	b8 f7       	brcc	.-18     	; 0x6920 <__ftoa_engine+0x174>
    6932:	7e 91       	ld	r23, -X
    6934:	70 61       	ori	r23, 0x10	; 16
    6936:	7d 93       	st	X+, r23
    6938:	30 f0       	brcs	.+12     	; 0x6946 <__ftoa_engine+0x19a>
    693a:	83 95       	inc	r24
    693c:	71 e3       	ldi	r23, 0x31	; 49
    693e:	7d 93       	st	X+, r23
    6940:	70 e3       	ldi	r23, 0x30	; 48
    6942:	2a 95       	dec	r18
    6944:	e1 f7       	brne	.-8      	; 0x693e <__ftoa_engine+0x192>
    6946:	11 24       	eor	r1, r1
    6948:	ef 90       	pop	r14
    694a:	ff 90       	pop	r15
    694c:	0f 91       	pop	r16
    694e:	1f 91       	pop	r17
    6950:	cf 91       	pop	r28
    6952:	df 91       	pop	r29
    6954:	99 27       	eor	r25, r25
    6956:	87 fd       	sbrc	r24, 7
    6958:	90 95       	com	r25
    695a:	08 95       	ret

0000695c <strnlen_P>:
    695c:	fc 01       	movw	r30, r24
    695e:	05 90       	lpm	r0, Z+
    6960:	61 50       	subi	r22, 0x01	; 1
    6962:	70 40       	sbci	r23, 0x00	; 0
    6964:	01 10       	cpse	r0, r1
    6966:	d8 f7       	brcc	.-10     	; 0x695e <strnlen_P+0x2>
    6968:	80 95       	com	r24
    696a:	90 95       	com	r25
    696c:	8e 0f       	add	r24, r30
    696e:	9f 1f       	adc	r25, r31
    6970:	08 95       	ret

00006972 <strcmp>:
    6972:	fb 01       	movw	r30, r22
    6974:	dc 01       	movw	r26, r24
    6976:	8d 91       	ld	r24, X+
    6978:	01 90       	ld	r0, Z+
    697a:	80 19       	sub	r24, r0
    697c:	01 10       	cpse	r0, r1
    697e:	d9 f3       	breq	.-10     	; 0x6976 <strcmp+0x4>
    6980:	99 0b       	sbc	r25, r25
    6982:	08 95       	ret

00006984 <strnlen>:
    6984:	fc 01       	movw	r30, r24
    6986:	61 50       	subi	r22, 0x01	; 1
    6988:	70 40       	sbci	r23, 0x00	; 0
    698a:	01 90       	ld	r0, Z+
    698c:	01 10       	cpse	r0, r1
    698e:	d8 f7       	brcc	.-10     	; 0x6986 <strnlen+0x2>
    6990:	80 95       	com	r24
    6992:	90 95       	com	r25
    6994:	8e 0f       	add	r24, r30
    6996:	9f 1f       	adc	r25, r31
    6998:	08 95       	ret

0000699a <__mulhi_const_10>:
    699a:	7a e0       	ldi	r23, 0x0A	; 10
    699c:	97 9f       	mul	r25, r23
    699e:	90 2d       	mov	r25, r0
    69a0:	87 9f       	mul	r24, r23
    69a2:	80 2d       	mov	r24, r0
    69a4:	91 0d       	add	r25, r1
    69a6:	11 24       	eor	r1, r1
    69a8:	08 95       	ret

000069aa <fputc>:
    69aa:	0f 93       	push	r16
    69ac:	1f 93       	push	r17
    69ae:	cf 93       	push	r28
    69b0:	df 93       	push	r29
    69b2:	fb 01       	movw	r30, r22
    69b4:	23 81       	ldd	r18, Z+3	; 0x03
    69b6:	21 fd       	sbrc	r18, 1
    69b8:	03 c0       	rjmp	.+6      	; 0x69c0 <fputc+0x16>
    69ba:	8f ef       	ldi	r24, 0xFF	; 255
    69bc:	9f ef       	ldi	r25, 0xFF	; 255
    69be:	2c c0       	rjmp	.+88     	; 0x6a18 <fputc+0x6e>
    69c0:	22 ff       	sbrs	r18, 2
    69c2:	16 c0       	rjmp	.+44     	; 0x69f0 <fputc+0x46>
    69c4:	46 81       	ldd	r20, Z+6	; 0x06
    69c6:	57 81       	ldd	r21, Z+7	; 0x07
    69c8:	24 81       	ldd	r18, Z+4	; 0x04
    69ca:	35 81       	ldd	r19, Z+5	; 0x05
    69cc:	42 17       	cp	r20, r18
    69ce:	53 07       	cpc	r21, r19
    69d0:	44 f4       	brge	.+16     	; 0x69e2 <fputc+0x38>
    69d2:	a0 81       	ld	r26, Z
    69d4:	b1 81       	ldd	r27, Z+1	; 0x01
    69d6:	9d 01       	movw	r18, r26
    69d8:	2f 5f       	subi	r18, 0xFF	; 255
    69da:	3f 4f       	sbci	r19, 0xFF	; 255
    69dc:	31 83       	std	Z+1, r19	; 0x01
    69de:	20 83       	st	Z, r18
    69e0:	8c 93       	st	X, r24
    69e2:	26 81       	ldd	r18, Z+6	; 0x06
    69e4:	37 81       	ldd	r19, Z+7	; 0x07
    69e6:	2f 5f       	subi	r18, 0xFF	; 255
    69e8:	3f 4f       	sbci	r19, 0xFF	; 255
    69ea:	37 83       	std	Z+7, r19	; 0x07
    69ec:	26 83       	std	Z+6, r18	; 0x06
    69ee:	14 c0       	rjmp	.+40     	; 0x6a18 <fputc+0x6e>
    69f0:	8b 01       	movw	r16, r22
    69f2:	ec 01       	movw	r28, r24
    69f4:	fb 01       	movw	r30, r22
    69f6:	00 84       	ldd	r0, Z+8	; 0x08
    69f8:	f1 85       	ldd	r31, Z+9	; 0x09
    69fa:	e0 2d       	mov	r30, r0
    69fc:	09 95       	icall
    69fe:	89 2b       	or	r24, r25
    6a00:	e1 f6       	brne	.-72     	; 0x69ba <fputc+0x10>
    6a02:	d8 01       	movw	r26, r16
    6a04:	16 96       	adiw	r26, 0x06	; 6
    6a06:	8d 91       	ld	r24, X+
    6a08:	9c 91       	ld	r25, X
    6a0a:	17 97       	sbiw	r26, 0x07	; 7
    6a0c:	01 96       	adiw	r24, 0x01	; 1
    6a0e:	17 96       	adiw	r26, 0x07	; 7
    6a10:	9c 93       	st	X, r25
    6a12:	8e 93       	st	-X, r24
    6a14:	16 97       	sbiw	r26, 0x06	; 6
    6a16:	ce 01       	movw	r24, r28
    6a18:	df 91       	pop	r29
    6a1a:	cf 91       	pop	r28
    6a1c:	1f 91       	pop	r17
    6a1e:	0f 91       	pop	r16
    6a20:	08 95       	ret

00006a22 <__ultoa_invert>:
    6a22:	fa 01       	movw	r30, r20
    6a24:	aa 27       	eor	r26, r26
    6a26:	28 30       	cpi	r18, 0x08	; 8
    6a28:	51 f1       	breq	.+84     	; 0x6a7e <__ultoa_invert+0x5c>
    6a2a:	20 31       	cpi	r18, 0x10	; 16
    6a2c:	81 f1       	breq	.+96     	; 0x6a8e <__ultoa_invert+0x6c>
    6a2e:	e8 94       	clt
    6a30:	6f 93       	push	r22
    6a32:	6e 7f       	andi	r22, 0xFE	; 254
    6a34:	6e 5f       	subi	r22, 0xFE	; 254
    6a36:	7f 4f       	sbci	r23, 0xFF	; 255
    6a38:	8f 4f       	sbci	r24, 0xFF	; 255
    6a3a:	9f 4f       	sbci	r25, 0xFF	; 255
    6a3c:	af 4f       	sbci	r26, 0xFF	; 255
    6a3e:	b1 e0       	ldi	r27, 0x01	; 1
    6a40:	3e d0       	rcall	.+124    	; 0x6abe <__ultoa_invert+0x9c>
    6a42:	b4 e0       	ldi	r27, 0x04	; 4
    6a44:	3c d0       	rcall	.+120    	; 0x6abe <__ultoa_invert+0x9c>
    6a46:	67 0f       	add	r22, r23
    6a48:	78 1f       	adc	r23, r24
    6a4a:	89 1f       	adc	r24, r25
    6a4c:	9a 1f       	adc	r25, r26
    6a4e:	a1 1d       	adc	r26, r1
    6a50:	68 0f       	add	r22, r24
    6a52:	79 1f       	adc	r23, r25
    6a54:	8a 1f       	adc	r24, r26
    6a56:	91 1d       	adc	r25, r1
    6a58:	a1 1d       	adc	r26, r1
    6a5a:	6a 0f       	add	r22, r26
    6a5c:	71 1d       	adc	r23, r1
    6a5e:	81 1d       	adc	r24, r1
    6a60:	91 1d       	adc	r25, r1
    6a62:	a1 1d       	adc	r26, r1
    6a64:	20 d0       	rcall	.+64     	; 0x6aa6 <__ultoa_invert+0x84>
    6a66:	09 f4       	brne	.+2      	; 0x6a6a <__ultoa_invert+0x48>
    6a68:	68 94       	set
    6a6a:	3f 91       	pop	r19
    6a6c:	2a e0       	ldi	r18, 0x0A	; 10
    6a6e:	26 9f       	mul	r18, r22
    6a70:	11 24       	eor	r1, r1
    6a72:	30 19       	sub	r19, r0
    6a74:	30 5d       	subi	r19, 0xD0	; 208
    6a76:	31 93       	st	Z+, r19
    6a78:	de f6       	brtc	.-74     	; 0x6a30 <__ultoa_invert+0xe>
    6a7a:	cf 01       	movw	r24, r30
    6a7c:	08 95       	ret
    6a7e:	46 2f       	mov	r20, r22
    6a80:	47 70       	andi	r20, 0x07	; 7
    6a82:	40 5d       	subi	r20, 0xD0	; 208
    6a84:	41 93       	st	Z+, r20
    6a86:	b3 e0       	ldi	r27, 0x03	; 3
    6a88:	0f d0       	rcall	.+30     	; 0x6aa8 <__ultoa_invert+0x86>
    6a8a:	c9 f7       	brne	.-14     	; 0x6a7e <__ultoa_invert+0x5c>
    6a8c:	f6 cf       	rjmp	.-20     	; 0x6a7a <__ultoa_invert+0x58>
    6a8e:	46 2f       	mov	r20, r22
    6a90:	4f 70       	andi	r20, 0x0F	; 15
    6a92:	40 5d       	subi	r20, 0xD0	; 208
    6a94:	4a 33       	cpi	r20, 0x3A	; 58
    6a96:	18 f0       	brcs	.+6      	; 0x6a9e <__ultoa_invert+0x7c>
    6a98:	49 5d       	subi	r20, 0xD9	; 217
    6a9a:	31 fd       	sbrc	r19, 1
    6a9c:	40 52       	subi	r20, 0x20	; 32
    6a9e:	41 93       	st	Z+, r20
    6aa0:	02 d0       	rcall	.+4      	; 0x6aa6 <__ultoa_invert+0x84>
    6aa2:	a9 f7       	brne	.-22     	; 0x6a8e <__ultoa_invert+0x6c>
    6aa4:	ea cf       	rjmp	.-44     	; 0x6a7a <__ultoa_invert+0x58>
    6aa6:	b4 e0       	ldi	r27, 0x04	; 4
    6aa8:	a6 95       	lsr	r26
    6aaa:	97 95       	ror	r25
    6aac:	87 95       	ror	r24
    6aae:	77 95       	ror	r23
    6ab0:	67 95       	ror	r22
    6ab2:	ba 95       	dec	r27
    6ab4:	c9 f7       	brne	.-14     	; 0x6aa8 <__ultoa_invert+0x86>
    6ab6:	00 97       	sbiw	r24, 0x00	; 0
    6ab8:	61 05       	cpc	r22, r1
    6aba:	71 05       	cpc	r23, r1
    6abc:	08 95       	ret
    6abe:	9b 01       	movw	r18, r22
    6ac0:	ac 01       	movw	r20, r24
    6ac2:	0a 2e       	mov	r0, r26
    6ac4:	06 94       	lsr	r0
    6ac6:	57 95       	ror	r21
    6ac8:	47 95       	ror	r20
    6aca:	37 95       	ror	r19
    6acc:	27 95       	ror	r18
    6ace:	ba 95       	dec	r27
    6ad0:	c9 f7       	brne	.-14     	; 0x6ac4 <__ultoa_invert+0xa2>
    6ad2:	62 0f       	add	r22, r18
    6ad4:	73 1f       	adc	r23, r19
    6ad6:	84 1f       	adc	r24, r20
    6ad8:	95 1f       	adc	r25, r21
    6ada:	a0 1d       	adc	r26, r0
    6adc:	08 95       	ret

00006ade <_exit>:
    6ade:	f8 94       	cli

00006ae0 <__stop_program>:
    6ae0:	ff cf       	rjmp	.-2      	; 0x6ae0 <__stop_program>
